<?xml version="1.0" encoding="UTF-8"?><metadata><idinfo><citation><citeinfo><origin>
U.S. Department of Agriculture, Natural Resources
Conservation Service
</origin><pubdate>20120917</pubdate><title>
Soil Survey Geographic (SSURGO) database for Jefferson
National Forest, Virginia
</title><pubinfo><pubplace>Fort Worth, Texas</pubplace><publish>
U.S. Department of Agriculture, Natural Resources
Conservation Service
</publish></pubinfo><othercit>va606</othercit><onlink>URL:http://SoilDataMart.nrcs.usda.gov/</onlink></citeinfo></citation><descript><abstract>
This data set is a digital soil survey and generally is the most
detailed level of soil geographic data developed by the National
Cooperative Soil Survey. The information was prepared by digitizing
maps, by compiling information onto a planimetric correct base
and digitizing, or by revising digitized maps using remotely
sensed and other information.

This data set consists of georeferenced digital map data and
computerized attribute data. The map data are in a soil survey area
extent format and include a detailed, field verified inventory
of soils and miscellaneous areas that normally occur in a repeatable
pattern on the landscape and that can be cartographically shown at
the scale mapped. A special soil features layer (point and line
features) is optional. This layer displays the location of features
too small to delineate at the mapping scale, but they are large
enough and contrasting enough to significantly influence use and
management. The soil map units are linked to attributes in the
National Soil Information System relational database, which gives
the proportionate extent of the component soils and their properties.
</abstract><purpose>
SSURGO depicts information about the kinds and distribution of
soils on the landscape. The soil map and data used in the SSURGO
product were prepared by soil scientists as part of the National
Cooperative Soil Survey.
</purpose><supplinf>
Digital versions of hydrography, cultural features, and other
associated layers that are not part of the SSURGO data set may be
available from the primary organization listed in the Point of
Contact.
</supplinf></descript><timeperd><timeinfo><rngdates><begdate>20101214</begdate><enddate>20120917</enddate></rngdates></timeinfo><current>publication date</current></timeperd><status><progress>Complete</progress><update>As needed</update></status><spdom><bounding><westbc>-82.976</westbc><eastbc>-79.377</eastbc><northbc>37.819</northbc><southbc>36.612</southbc></bounding></spdom><keywords><theme><themekt>None</themekt><themekey>soil survey</themekey><themekey>soils</themekey><themekey>Soil Survey Geographic</themekey><themekey>SSURGO</themekey></theme><place><placekt>
USGS Geographic Names Information System
(GNIS)
</placekt><placekey>Virginia</placekey><placekey>Alleghany County</placekey><placekey>Amherst County</placekey><placekey>Bedford County</placekey><placekey>Bland County</placekey><placekey>Botetourt County</placekey><placekey>Carroll County</placekey><placekey>City of Norton</placekey><placekey>Craig County</placekey><placekey>Giles County</placekey><placekey>Grayson County</placekey><placekey>Lee County</placekey><placekey>Montgomery County</placekey><placekey>Pulaski County</placekey><placekey>Roanoke County</placekey><placekey>Rockbridge County</placekey><placekey>Scott County</placekey><placekey>Smyth County</placekey><placekey>Tazewell County</placekey><placekey>Washington County</placekey><placekey>Wise County</placekey><placekey>Wythe County</placekey><placekey>Appalachia Quadrangle</placekey><placekey>Arnold Valley Quadrangle</placekey><placekey>Akins Quadrangle</placekey><placekey>Austinville Quadrangle</placekey><placekey>Bastian Quadrangle</placekey><placekey>Big Bend Quadrangle</placekey><placekey>Big Stone Gap Quadrangle</placekey><placekey>Bland Quadrangle</placekey><placekey>Buchanan Quadrangle</placekey><placekey>Catawba Quadrangle</placekey><placekey>Cedar Springs Quadrangle</placekey><placekey>Chatham Hill Quadrangle</placekey><placekey>Coeburn Quadrangle</placekey><placekey>Collierstown Quadrangle</placekey><placekey>Cove Creek Quadrangle</placekey><placekey>Craig Springs Quadrangle</placekey><placekey>Cripple Creek Quadrangle</placekey><placekey>Crockett Quadrangle</placekey><placekey>Daleville Quadrangle</placekey><placekey>Damascus Quadrangle</placekey><placekey>Duffield Quadrangle</placekey><placekey>Dungannon Quadrangle</placekey><placekey>Eagle Rock Quadrangle</placekey><placekey>East Stone Gap Quadrangle</placekey><placekey>Eggleston Quadrangle</placekey><placekey>Elk Creek Quadrangle</placekey><placekey>Flat Gap Quadrangle</placekey><placekey>Fort Blackmore Quadrangle</placekey><placekey>Fosters Falls Quadrangle</placekey><placekey>Garden Mountain Quadrangle</placekey><placekey>Glasgow Quadrangle</placekey><placekey>Glenvar Quadrangle</placekey><placekey>Grayson Quadrangle</placekey><placekey>Hutchinson Rock Quadrangle</placekey><placekey>Interior Quadrangle</placekey><placekey>Jenkins East Quadrangle</placekey><placekey>Jenkins West Quadrangle</placekey><placekey>Jordan Mines Quadrangle</placekey><placekey>Keokee Quadrangle</placekey><placekey>Konnarock Quadrangle</placekey><placekey>Laurel Bloomery Quadrangle</placekey><placekey>Lindside Quadrangle</placekey><placekey>Long Spur Quadrangle</placekey><placekey>Longdale Furnace Quadrangle</placekey><placekey>Looney Quadrangle</placekey><placekey>Marion Quadrangle</placekey><placekey>Max Meadows Quadrangle</placekey><placekey>McDonalds Mill Quadrangle</placekey><placekey>Mechanicsburg Quadrangle</placekey><placekey>Middle Fox Creek Quadrangle</placekey><placekey>Montvale Quadrangle</placekey><placekey>Narrows Quadrangle</placekey><placekey>Nebo Quadrangle</placekey><placekey>New Castle Quadrangle</placekey><placekey>Newport Quadrangle</placekey><placekey>Norton Quadrangle</placekey><placekey>Oakvale Quadrangle</placekey><placekey>Oriskany Quadrangle</placekey><placekey>Paint Bank Quadrangle</placekey><placekey>Park Quadrangle</placekey><placekey>Peaks of Otter Quadrangle</placekey><placekey>Pearisburg Quadrangle</placekey><placekey>Peterstown Quadrangle</placekey><placekey>Potts Creek Quadrangle</placekey><placekey>Pulaski Quadrangle</placekey><placekey>Rocky Gap Quadrangle</placekey><placekey>Rural Retreat Quadrangle</placekey><placekey>Salisbury Quadrangle</placekey><placekey>Sedalia Quadrangle</placekey><placekey>Snowden Quadrangle</placekey><placekey>Speedwell Quadrangle</placekey><placekey>Strom Quadrangle</placekey><placekey>Sugarloaf Mountain Quadrangle</placekey><placekey>Tazewell South Quadrangle</placekey><placekey>Trout Dale Quadrangle</placekey><placekey>Villamont Quadrangle</placekey><placekey>Waiteville Quadrangle</placekey><placekey>White Gate Quadrangle</placekey><placekey>Whitetop Mountain Quadrangle</placekey><placekey>Wise Quadrangle</placekey><placekey>Wytheville Quadrangle</placekey></place></keywords><accconst>None</accconst><useconst>
The U.S. Department of Agriculture, Natural Resources Conservation
Service, should be acknowledged as the data source in products
derived from these data.

This data set is not designed for use as a primary regulatory tool
in permitting or citing decisions, but may be used as a reference
source. This is public information and may be interpreted by
organizations, agencies, units of government, or others based on
needs; however, they are responsible for the appropriate
application. Federal, State, or local regulatory bodies are not to
reassign to the Natural Resources Conservation Service any
authority for the decisions that they make. The Natural Resources
Conservation Service will not perform any evaluations of these maps
for purposes related solely to State or local regulatory programs.

Photographic or digital enlargement of these maps to scales greater
than at which they were originally mapped can cause misinterpretation
of the data. If enlarged, maps do not show the small areas of
contrasting soils that could have been shown at a larger scale. The
depicted soil boundaries, interpretations, and analysis derived from
them do not eliminate the need for onsite sampling, testing, and
detailed study of specific sites for intensive uses. Thus, these data
and their interpretations are intended for planning purposes only.
Digital data files are periodically updated. Files are dated, and
users are responsible for obtaining the latest version of the data.
</useconst><ptcontac><cntinfo><cntorgp><cntorg>U.S. Department of Agriculture, Natural Resources Conservation Service</cntorg></cntorgp><cntpos>State Soil Scientist</cntpos><cntaddr><addrtype>mailing address</addrtype><address>1606 Santa Rosa Rd.</address><address>Suite 209</address><city>Richmond</city><state>VA</state><postal>23229</postal></cntaddr><cntvoice>804-287-1646</cntvoice><cnttdd>800-877-8339</cnttdd><cntfax>804-287-1736</cntfax><cntemail>david.kriz@va.usda.gov</cntemail></cntinfo></ptcontac></idinfo><dataqual><attracc><attraccr>
Attribute accuracy is tested by manual
comparison of the source with hard copy plots and/or symbolized
display of the map data on an interactive computer graphic system.
Selected attributes that cannot be visually verified on plots or
on screen are interactively queried and verified on screen. In
addition, the attributes are tested against a master set of valid
attributes. All attribute data conform to the attribute codes in
the signed classification and correlation document and amendment(s).
</attraccr></attracc><logic>
Certain node/geometry and topology GT-polygon/chain relationships
are collected or generated to satisfy topological requirements
(the GT-polygon corresponds to the soil delineation). Some of these
requirements include: chains must begin and end at nodes, chains
must connect to each other at nodes, chains do not extend through
nodes, left and right GT-polygons are defined for each chain
element and are consistent throughout, and the chains representing
the limits of the file are free of gaps. The tests of logical
consistency are performed using vendor software. All internal
polygons are tested for closure with vendor software and are checked
on hard copy plots. All data are checked for common soil lines (i.e.,
adjacent polygons with the same label). Edge locations generally do
not deviate from centerline to centerline by more than 0.01 inch.
Feature edges of this soil survey have been edited to achieve an
acceptable join between adjacent surveys. Feature labels do not match.
</logic><complete>
A map unit is a collection of areas defined and named in terms of
their soil components or miscellaneous areas or both. Each map
unit differs in some respect from all others in a survey area and
each map unit has a symbol that uniquely identifies the map unit
on a soil map. Each individual area, point, or line so identified
on the map is a delineation.

Soil Scientists identify small areas of soils or miscellaneous areas
that have properties and behavior significantly different than the
named soils in the surrounding map unit. These minor components
may be indicated as special features. If they have a minimal effect
on use and management, or could not be precisely located, they may
not be indicated on the map.

A map unit has specified kinds of soils or miscellaneous areas
(map unit components), each with a designated range in
proportionate extent. Map units include one or more kinds of soil
or miscellaneous area. Miscellaneous areas are areas that have little
or no recognizable soil.

Specific National Cooperative Soil Survey standards and procedures
were used in the classification of soils, design and name of map
units, and location of special soil features. These standards are
outlined in Agricultural Handbook 18, Soil Survey Manual, 1993,
USDA, NRCS; Agricultural Handbook 436, Soil Taxonomy, 1995,
USDA, NRCS; and all Amendments; Keys to Soil Taxonomy,
(current issue) USDA, NRCS; National Soil Survey
Handbook, title 430-VI,(current issue) USDA, NRCS.

The actual composition and interpretive purity of the map unit
delineations were based on data collected by scientists during
the course of preparing the soil maps. Adherence to National
Cooperative Soil Survey standards and procedures is based on
peer review, quality control, and quality assurance. Quality
control is outlined in the memorandum of understanding for the
soil survey area and in documents that reside with the Natural
Resources Conservation Service state soil scientist. Four kinds
of map units are used in soil surveys: consociations, complexes,
associations, and undifferentiated groups.

Consociations - Consociations are named for the dominant soil.
In a consociation, delineated areas use a single name from the
dominant component in the map unit. Dissimilar components are
minor in extent. The soil component in a consociation may be
identified at any taxonomic level. Soil series is the lowest
taxonomic level. A consociation that is named as a miscellaneous
area is dominantly that kind of area and minor components do not
significantly affect the use of the map unit. The total amount of
dissimilar inclusions of other components in a map unit generally
does not exceed about 15 percent if limiting and 25 percent if
nonlimiting. A single component of a dissimilar limiting inclusion
generally does not exceed 10 percent if very contrasting.

Complexes and associations - Complexes and associations consist
of two or more  dissimilar components that occur in a regularly
repeating pattern. The total amount of other dissimilar components
is minor extent. The following arbitrary rule determines whether
complex or association is used in the name. The major components
of an association can be separated at the scale of mapping. In
either case, because the major components are sufficiently different
in morphology or behavior, the map unit cannot be called a
consociation. In each delineation of a complex or an association,
each major component is normally present though their proportions
may vary appreciably from one delineation to another. The total
amount of inclusions in a map unit that are dissimilar to any of
the major components does not exceed 15 percent if limiting and
25 percent if nonlimiting. A single kind of dissimilar limiting
inclusion usually does not exceed 10 percent.

Undifferentiated groups - Undifferentiated groups consist of two
or more components that are not consistently associated
geographically and, therefore, do not always occur together in
the same map delineation. These components are included in the
same named map unit because their use and management are the same
or very similar for common uses. Generally they are grouped together
because some common feature, such as steepness, stoniness, or
flooding, determines their use and management. If two or more
additional map units would serve no useful purpose, they may be
included in the same unit. Each delineation has at least one of the
major components, and some may have all of them. The same principles
regarding the proportion of minor components that apply to
consociations also apply to undifferentiated groups. The same
principles regarding proportion of inclusion apply to
undifferentiated groups as to consociations.

Minimum documentation consists of three complete soil profile
descriptions that are collected for each soil added to the legend,
one additional per 3,000 acres mapped; three 10 observation
transects for each map unit, one additional 10 point transect per
3,000 acres.

A defined standard or level of confidence in the interpretive
purity of the map unit delineations is attained by adjusting the
kind and intensity of field investigations. Field investigations
and data collection are carried out in sufficient detail to name
map units and to identify accurately and consistently areas of
about 4 acres.
</complete><posacc><horizpa><horizpar>
The accuracy of these digital data is based upon their
compilation to base maps that meet National Map
Accuracy Standards at a scale of 1 inch equals 1,000
feet. The difference in positional accuracy between the
soil boundaries and special soil features locations in the
field and their digitized map locations is unknown. The
locational accuracy of soil delineations on the ground varies
with the transition between map units.

For example, on long gently sloping landscapes the transition
occurs gradually over many feet. Where landscapes change
abruptly from steep to level, the transition will be very
narrow. Soil delineation boundaries and special soil features
generally were digitized within 0.01 inch of their locations on
the digitizing source. The digital map elements are edge matched
between data sets. The data along each quadrangle edge are
matched against the data for the adjacent quadrangle. Edge
locations generally do not deviate from centerline to centerline
by more than 0.01 inch.
</horizpar></horizpa></posacc><lineage><srcinfo><srccite><citeinfo><origin>
Commonwealth of Virginia, Department of Conservation
and Recreation
</origin><pubdate>unpublished material</pubdate><title>statewide jurisdictional boundary layer</title><geoform>map</geoform></citeinfo></srccite><srcscale>24,000</srcscale><typesrc>cartridge tape</typesrc><srctime><timeinfo><rngdates><begdate>1994</begdate><enddate>2010</enddate></rngdates></timeinfo><srccurr>2010</srccurr></srctime><srccitea>DCR1</srccitea><srccontr>soil survey boundary source</srccontr></srcinfo><srcinfo><srccite><citeinfo><origin>
U.S. Department of Agriculture,
Natural Resources Conservation Service
</origin><pubdate>2010</pubdate><title>National Soil Information System (NASIS) data base</title><geoform>tabular digital data</geoform><pubinfo><pubplace>Fort Collins, Colorado</pubplace><publish>
U.S. Department of Agriculture,
Natural Resources Conservation Service
</publish></pubinfo></citeinfo></srccite><typesrc>database</typesrc><srctime><timeinfo><rngdates><begdate>2011</begdate><enddate>2012</enddate></rngdates></timeinfo><srccurr>database population and review</srccurr></srctime><srccitea>NASIS</srccitea><srccontr>attribute (tabular) information</srccontr></srcinfo><srcinfo><srccite><citeinfo><origin>
U.S. Department of Agriculture, Natural Resources
Conservation Service
</origin><pubdate>unpublished material</pubdate><title>multiple 7.5 minute annotated overlays</title><geoform>map</geoform></citeinfo></srccite><srcscale>24,000</srcscale><typesrc>stable-base material</typesrc><srctime><timeinfo><rngdates><begdate>1996</begdate><enddate>1996</enddate></rngdates></timeinfo><srccurr>compilation period</srccurr></srctime><srccitea>USFS1</srccitea><srccontr>scanning source</srccontr></srcinfo><srcinfo><srccite><citeinfo><origin>U.S. Geological Survey</origin><pubdate>1996</pubdate><title>multiple 7.5 minute topographic quadrangles</title><geoform>map</geoform><pubinfo><pubplace>Reston, Virginia</pubplace><publish>U.S. Geological Survey</publish></pubinfo></citeinfo></srccite><srcscale>24,000</srcscale><typesrc>stable-base material</typesrc><srctime><timeinfo><rngdates><begdate>1996</begdate><enddate>1996</enddate></rngdates></timeinfo><srccurr>publication date</srccurr></srctime><srccitea>USGS3</srccitea><srccontr>compilation base</srccontr></srcinfo><srcinfo><srccite><citeinfo><origin>U.S. Geological Survey</origin><pubdate>1957-1985</pubdate><title>
multiple 7.5 minute topographic quadrangles, modified for
USDA Forest Service
</title><geoform>map</geoform><pubinfo><pubplace>Reston, Virginia</pubplace><publish>U.S. Geological Survey</publish></pubinfo></citeinfo></srccite><srcscale>24,000</srcscale><typesrc>paper</typesrc><srctime><timeinfo><rngdates><begdate>1978</begdate><enddate>1996</enddate></rngdates></timeinfo><srccurr>field mapping period</srccurr></srctime><srccitea>USGS1</srccitea><srccontr>base materials for field mapping</srccontr></srcinfo><srcinfo><srccite><citeinfo><origin>
U.S. Department of Agriculture, Natural Resources
Conservation Service
</origin><pubdate>2000-2011</pubdate><title>
Soil Survey Geographic (SSURGO) databases for adjacent
surveys
</title><geoform>vector digital data</geoform><pubinfo><pubplace>Fort Collins, Colorado</pubplace><publish>
U.S. Department of Agriculture, Natural Resources
Conservation Service, Information Technology Center
</publish></pubinfo><othercit>Place_Keyword list</othercit><onlink>&lt;http://soildatamart.nrcs.usda.gov/&gt;</onlink></citeinfo></srccite><typesrc>online</typesrc><srctime><timeinfo><rngdates><begdate>2008</begdate><enddate>2011</enddate></rngdates></timeinfo><srccurr>date acquired from Soil Data Mart</srccurr></srctime><srccitea>NRCS1</srccitea><srccontr>
used to check joins and adjust boundary to the
adjacent soil survey
</srccontr></srcinfo><srcinfo><srccite><citeinfo><origin>U.S. Department of Agriculture, Forest Service</origin><pubdate>unpublished material</pubdate><title>Spatial Soils Data, shape files</title><geoform>vector digital data</geoform></citeinfo></srccite><srcscale>24,000</srcscale><typesrc>electronic data</typesrc><srctime><timeinfo><sngdate><caldate>1996</caldate></sngdate></timeinfo><srccurr>date of digitizing</srccurr></srctime><srccitea>USFS2</srccitea><srccontr>Spatial Data Source</srccontr></srcinfo><srcinfo><srccite><citeinfo><origin>
U.S. Department of Agriculture, Natural Resources
Conservation Service
</origin><pubdate>unpublished material</pubdate><title>
ArcGIS geodatabase for the 130A portion of the Jefferson
National Forest
</title><geoform>vector digital data</geoform></citeinfo></srccite><srcscale>24,000</srcscale><typesrc>electronic data</typesrc><srctime><timeinfo><rngdates><begdate>2011</begdate><enddate>2012</enddate></rngdates></timeinfo><srccurr>dates of spatial review</srccurr></srctime><srccitea>NRCS2</srccitea><srccontr>Source for digital revision</srccontr></srcinfo><srcinfo><srccite><citeinfo><origin>
U.S. Department of Agriculture, Natural Resources
Conservation Service
</origin><pubdate>Unknown</pubdate><title>
Digital Raster Graphic County Mosaic by NRCS, multiple
counties, scanned image of US Geological Survey standard series
topographic
maps.
</title><geoform>remote-sensing image</geoform><pubinfo><pubplace>Fort Worth, Texas</pubplace><publish>
U.S. Department of Agriculture, Natural Resources
Conservation Service, National Cartography and Geospatial
Center.
</publish></pubinfo><othercit>Place_Keyword list</othercit><onlink>http://datagateway.nrcs.usda.gov</onlink></citeinfo></srccite><srcscale>24,000</srcscale><typesrc>online</typesrc><srctime><timeinfo><rngdates><begdate>2010</begdate><enddate>2011</enddate></rngdates></timeinfo><srccurr>data acquired from online source</srccurr></srctime><srccitea>NRCS3</srccitea><srccontr>digital base reference for line adjustment</srccontr></srcinfo><srcinfo><srccite><citeinfo><origin>
U.S. Department of Agriculture, Farm Service Agency,
Aerial Photography Field Office; U.S. Department of Agriculture,
Natural Resources Conservation Service
</origin><pubdate>Unknown</pubdate><title>USDA-FSA-APFO Digital Ortho County Mosaic</title><geoform>remote-sensing image</geoform><pubinfo><pubplace>Salt Lake City, Utah</pubplace><publish>
U.S. Department of Agriculture, Farm Service Agency,
Aerial Photography Field Office
</publish></pubinfo><othercit>Place_Keyword list</othercit><onlink>http://datagateway.nrcs.usda.gov</onlink></citeinfo></srccite><srcscale>24,000</srcscale><typesrc>online</typesrc><srctime><timeinfo><rngdates><begdate>2010</begdate><enddate>2011</enddate></rngdates></timeinfo><srccurr>data acquired from online source</srccurr></srctime><srccitea>NRCS4</srccitea><srccontr>digital base reference for line adjustment</srccontr></srcinfo><srcinfo><srccite><citeinfo><origin>
U.S. Department of Agriculture, Natural Resources
Conservation Service
</origin><pubdate>unpublished material</pubdate><title>
ArcGIS geodatabase for the 128ne portion of the Jefferson
National Forest
</title><geoform>vector digital data</geoform></citeinfo></srccite><typesrc>electronic data</typesrc><srctime><timeinfo><rngdates><begdate>20120301</begdate><enddate>20120731</enddate></rngdates></timeinfo><srccurr>dates of spatial review</srccurr></srctime><srccitea>NRCS5</srccitea><srccontr>Source for digital revision</srccontr></srcinfo><procstep><procdesc>
This is a partial dataset involving the Soil
Survey Area Boundary (SSA).  The boundary was created from the
jurisdictional layer from the Virginia Department of Conservation
and Recreation.  It was adjusted to existing certified surveys.  The
Place_Keyword list represents the full extent of the survey area.
</procdesc><srcused>DCR1, NASIS</srcused><procdate>20101201</procdate></procstep><procstep><procdesc>
The Natural Resources Conservation Service State Soil Scientist or
delegate, upon completion of data quality verification, determined
that the tabular data should be released for official use. A
selected set of map units and components in the soil survey legend
was copied to a staging database, and rating values for selected
interpretations were generated. The list of selected interpretations
is stored in the database table named sainterp.
</procdesc><srcused>NASIS</srcused><procdate>20101214</procdate></procstep><procstep><procdesc>
The Natural Resources Conservation Service State Soil Scientist or
delegate verified that the labels on the digitized soil map units
link to map units in the tabular database, and certified the joined
data sets for release to the Soil Data Warehouse. A system assigned
version number and date stamp were added and the data were copied to
the data warehouse. The tabular data for the map units and
components were extracted from the data warehouse and reformatted
into the soil data delivery data model, then stored in the Soil Data
Mart.  The spatial data were copied to the Soil Data Mart without
change.
</procdesc><srcused>NASIS</srcused><procdate>20101214</procdate></procstep><procstep><procdesc>
Field procedures for the second order soil survey
included plotting of soil boundaries determined by field
observations and by interpretation of remotely sensed data.
Boundaries were verified at closely spaced intervals, and the
soils in each delineation were identified by traversing and
transecting the landscape. Soil scientists described and sampled the
soils, analyzed samples in the laboratory, and statistically
analyzed the data. Field mapping occurred in the period 1978-1996
for the full extent of the survey area. The classification and map
unit names were finalized for the MLRA 130A portion of the survey
area at the final correlation in March 2012; other portions of the
survey area remain as NOTCOM.
</procdesc><srcused>USGS1</srcused><procdate>2012</procdate></procstep><procstep><procdesc>
Soil map unit delineations and symbols were
manually compiled from field sheets to stable base overlays
registered to stable base NAD27 topographic quadrangles at 1:24000
scale. Compilation was performed by U.S. Forest Service soil
scientists in Virginia. Digitizing was done by Tennessee Valley
Authority (TVA). Check plots of each quadrangle were compared to the
Scanned materials for accuracy. Errors in the source material were
reviewed and corrected by USFS personnel. Digital data were
projected to NAD83.
</procdesc><srcused>USGS1, USGS3, USFS1</srcused><procdate>1996</procdate></procstep><procstep><procdesc>
Digital soils data were obtained from USFS by
NRCS. The NRCS Missouri Digitizing Unit used ArcInfo 9.1 to adjust
the survey area boundary to match the adjacent SSURGO certified soil
survey area boundaries and returned to the USFS.  The soil survey
area boundary does not coincide exactly with the actual National
Forest boundary.
</procdesc><srcused>USFS2, NRCS1</srcused><procdate>2008</procdate></procstep><procstep><procdesc>
This is a partial dataset involving the Soil
Survey Area Boundary (SSA) and soils spatial data for the MLRA 130A
portion of the survey extent. Other MLRA areas of the survey extent
remain as NOTCOM and will be replaced with spatial data as future
projects are developed. Digital soils data, with boundary adjusted to
match adjacent SSURGO areas, were obtained from USFS by NRCS and
imported into a geodatabase using ArcGIS version 9.2 software for the
MLRA 130A portion of the survey area. The NRCS MLRA Soil Survey staff
performed a 100% visual check of the mapping units against the
digital orthophotographic layers and evaluated the spatial joins with
adjacent SSURGO areas. Spatial attribute data were verified to agree
with the soils legend. A 10% quality assurance review was performed
by MLRA Region 13 staff, and the MLRA 130A portion of the survey area
was certified as complete in March 2012. After the MLRA quality
assurance review was completed, the geodatabase for the soil
survey was forwarded to the certification team at the Wisconsin
Digitizing Unit in Madison, Wisconsin.
</procdesc><srcused>USFS2, NRCS1, NRCS2, NRCS3, NRCS4</srcused><procdate>20120301</procdate></procstep><procstep><procdesc>
The data were imported to ARCGIS9.2 by certification staff at
the Wisconsin Digitizing Unit.  Evaluation macros of May 2004
were applied to the data. Map unit labels were compared to the
map unit legend from the National Soil Information System data
base.  ARCGIS9.2 was used to adjust the survey boundary and verify
adjacent survey joins. The data were forwarded the soil data
warehouse for archival and distribution.
</procdesc><srcused>NRCS2</srcused><procdate>20120420</procdate></procstep><procstep><procdesc>
The National Soil Information System (NASIS)
database was developed by Natural Resources Conservation Service
(NRCS) soil scientists according to national standards for the MLRA
130A portion of the survey area. Tabular data for map units have
been updated to current standards for the NASIS database and have
been reviewed and validated by NRCS MLRA Soil Survey Office staff.
Spatial map unit labels were compared to the NASIS map unit legend.
</procdesc><srcused>USFS1, USGS1, NASIS</srcused><procdate>2012</procdate></procstep><procstep><procdesc>
An update project was conducted to include soil
survey spatial and tabular data for the MLRA 128ne portion of the
survey area. The classification and map unit names were finalized
for the MLRA 128ne portion of the survey area during final
correlation in July 2012. Some portions of the survey area remain as
NOTCOM and will be replaced with soil data as future projects are
developed.
</procdesc><srcused>NASIS, NRCS5</srcused><procdate>20120731</procdate></procstep><procstep><procdesc>
This is a partial dataset involving the Soil
Survey Area Boundary (SSA) and soils spatial data for the MLRA 130A
and MLRA 128ne portions of the survey extent. Other MLRA areas of
the survey extent remain as NOTCOM and will be replaced with spatial
data as future projects are developed. Digital soils data, with
boundary adjusted to match adjacent SSURGO areas, were obtained from
USFS by NRCS and imported into a geodatabase using ArcGIS version
9.2 software for the MLRA 128ne portion of the survey area. The NRCS
MLRA Soil Survey staff performed a 100% visual check of the mapping
Units against the digital orthophotographic layers and evaluated the
spatial joins with adjacent SSURGO areas. Spatial attribute data
were verified to agree with the soils legend. The geodatabase for
the soil survey was forwarded to the certification team at the
Wisconsin Digitizing Unit in Madison, Wisconsin.
</procdesc><srcused>
USFS2, NRCS1, NRCS2, NRCS3, NRCS4,
NRCS5
</srcused><procdate>20120731</procdate></procstep><procstep><procdesc>
The National Soil Information System (NASIS)
database was developed by Natural Resources Conservation Service
(NRCS) soil scientists according to national standards for the MLRA
128ne portion of the survey area. Tabular data for map units have
been updated to current standards for the NASIS database and have
been reviewed and validated by NRCS MLRA Soil Survey Office staff.
Spatial mapunit labels were compared to the NASIS mapunit legend.
</procdesc><srcused>USFS1, USGS1, NASIS, NRCS5)</srcused><procdate>2012</procdate></procstep><procstep><procdesc>
The data were imported to ARCGIS9.3 by certification staff at
the Wisconsin Digitizing Unit.  Evaluation macros of May 2004
were applied to the data. Map unit labels were compared to the
map unit legend from the National Soil Information System data
base.  ARCGIS9.3 was used to adjust the survey boundary and verify
adjacent survey joins. The data were forwarded the soil data
warehouse for archival and distribution.
</procdesc><srcused>NRCS5</srcused><procdate>20120827</procdate></procstep><procstep><procdesc>
The Natural Resources Conservation Service State Soil Scientist or
delegate, upon completion of data quality verification, determined
that the tabular data should be released for official use. A
selected set of map units and components in the soil survey legend was
copied to a staging database, and rating values for selected
interpretations were generated. The list of selected interpretations is
stored in the database table named sainterp.
</procdesc><srcused>NASIS</srcused><procdate>20120905</procdate></procstep><procstep><procdesc>
The Natural Resources Conservation Service State Soil Scientist or
delegate verified that the labels on the digitized soil map units
link to map units in the tabular database, and certified the joined
data sets for release to the Soil Data Warehouse. A system assigned
version number and date stamp were added and the data were copied to
the data warehouse. The tabular data for the map units and components
were extracted from the data warehouse and reformatted into the soil
data delivery data model, then stored in the Soil Data Mart. The spatial
data were copied to the Soil Data Mart without change.
</procdesc><srcused>NASIS</srcused><procdate>20120916</procdate></procstep><procstep><procdesc>The tabular data were extracted from the data mart without change. The spatial data's coordinate system was transformed to UTM Zone 17, Northern Hemisphere (NAD 83) using ESRI ArcObjects 8.3 "ConvertFeatureClass" and exported to an ESRI shapefile. </procdesc><srcused>NASIS</srcused><procdate>20121127</procdate></procstep></lineage></dataqual><spdoinfo><direct>Vector</direct></spdoinfo><spref><horizsys><planar><gridsys><gridsysn>Universal Transverse Mercator</gridsysn><utm><utmzone>17</utmzone><transmer><sfctrmer>0.999600</sfctrmer><longcm>-81.000000</longcm><latprjo>0.000000</latprjo><feast>500000.000000</feast><fnorth>0.000000</fnorth></transmer></utm></gridsys><planci><plance>coordinate pair</plance><plandu>meters</plandu><coordrep><absres>0.000000</absres><ordres>0.000000</ordres></coordrep></planci></planar><geodetic><horizdn>North American Datum of 1983</horizdn><ellips>Geodetic Reference System 80</ellips><semiaxis>6378137.000000</semiaxis><denflat>298.257222</denflat></geodetic></horizsys></spref><eainfo><detailed><enttyp><enttypl>Special Soil Features</enttypl><enttypd>
Special Soil Features represent soil, miscellaneous area, or
landform
features that are too small to be digitized as soil delineations
(area features).
</enttypd><enttypds>Agricultural Handbook 18, Soil Survey Manual, 1993, USDA, SCS.</enttypds></enttyp><attr><attrlabl>Special Soil Features Codes</attrlabl><attrdef>
Special Soil Features labels represent specific Special Soil
Features. These features are identified with a descriptive
label. The label is assigned to the point or line assigned
to represent the feature on maps.
</attrdef><attrdefs>
Agricultural Handbook 18, Soil Survey Manual, 1993, USDA, SCS;
National Soil Survey Handbook, Title 430-VI, part 647
(current issue), USDA, NRCS.
</attrdefs><attrdomv><codesetd><codesetn>
Classification and Correlation of the Soils of Jefferson
National Forest, Virginia
</codesetn><codesets>
U.S. Department of Agriculture, Natural Resources
Conservation Service
</codesets></codesetd></attrdomv></attr></detailed><overview><eaover>
Map Unit Delineations are closed polygons that may be dominated
by a single soil or miscellaneous area component plus allowable
similar or dissimilar soils, or they can be geographic mixtures
of groups of soils or soils and miscellaneous areas.

The map unit symbol uniquely identifies each closed map unit
delineation. Each symbol corresponds to a map unit name. The
map unit key is used to link to information in the National
Soil Information System tables.

Map Unit Delineations are described by the National Soil
Information System database. This attribute database gives the
proportionate extent of the component soils and the properties for
each soil. The database contains both estimated and measured data
on the physical and chemical soil properties and soil
interpretations for engineering, water management, recreation,
agronomic, woodland, range, and wildlife uses of the soil.

The National Soil Information System database contains static
metadata. It documents the data structure and includes such
information as what tables, columns, indexes, and relationships
are defined as well as a variety of attributes of each of these
database objects. Attributes include table and column
descriptions and detailed domain information.

The National Soil Information System database also contains a
distribution metadata. It records the criteria used for selecting
map units and components for inclusion in the set of distributed
data.

Special features are described in the feature table.  It includes an
area symbol, feature label, feature name, and feature description for
each special and ad hoc feature in the survey area.
</eaover><eadetcit>
Soil Taxonomy: A basic system of soil classification for making and
interpreting soil surveys. Agricultural Handbook 436, 1999, USDA, SCS.

Keys to Soil Taxonomy (current issue), USDA, SCS.

National Soil Survey Handbook, Title 430-VI, part 647 (current
issue), USDA, NRCS.

Agricultural Handbook 18, Soil Survey Manual, 1993, USDA, SCS.
</eadetcit></overview></eainfo><distinfo><distrib><cntinfo><cntorgp><cntorg>
U.S. Department of Agriculture, Natural
Resources Conservation Service, National
Cartography and Geospatial Center
</cntorg></cntorgp><cntaddr><addrtype>mailing and physical address</addrtype><address>501 West Felix Street, Building 23</address><city>Fort Worth</city><state>Texas</state><postal>76115</postal></cntaddr><cntvoice>800 672 5559</cntvoice><cnttdd>202 720 2600</cnttdd><cntfax>817 509 3469</cntfax></cntinfo></distrib><resdesc>Jefferson National Forest, Virginia SSURGO</resdesc><distliab>
Although these data have been processed successfully on a computer
system at the U.S. Department of Agriculture, no warranty expressed
or implied is made by the Agency regarding the utility of the data
on any other system, nor shall the act of distribution constitute
any such warranty. The U.S. Department of Agriculture will warrant
the delivery of this product in computer readable format, and will
offer appropriate adjustment of credit when the product is determined
unreadable by correctly adjusted computer input peripherals, or
when the physical medium is delivered in damaged condition. Request
for adjustment of credit must be made within 90 days from the date
of this shipment from the ordering site.

The U.S. Department of Agriculture, nor any of its agencies are
liable for misuse of the data, for damage, for transmission of
viruses, or for computer contamination through the distribution of
these data sets. The U.S. Department of Agriculture (USDA) prohibits
discrimination in all its programs and activities on the basis of race,
color, national origin, sex, religion, age, disability, political
beliefs, sexual orientation, or marital or family status. (Not all
prohibited bases apply to all programs.)
</distliab><stdorder><digform><digtinfo><formname>ArcView shapefile</formname><formcont>spatial</formcont><filedec>WinZip or equivalent</filedec><transize>10.0</transize></digtinfo><digtopt><onlinopt><computer> <networka><networkr>URL:http://SoilDataMart.nrcs.usda.gov/</networkr></networka></computer><accinstr>Select desired survey area at above Internet Web site. An email 
address is required for receipt of instructions on retrieval via 
anonymous FTP. Anticipate a delay between submission of request 
at Web site and receipt of email message.</accinstr></onlinopt></digtopt></digform><digform><digtinfo><formname>ARC/INFO coverage</formname><formcont>spatial</formcont><filedec>WinZip or equivalent</filedec><transize>10.0</transize></digtinfo><digtopt><onlinopt><computer> <networka><networkr>URL:http://SoilDataMart.nrcs.usda.gov/</networkr></networka></computer><accinstr>Select desired survey area at above Internet Web site. An email 
address is required for receipt of instructions on retrieval via 
anonymous FTP. Anticipate a delay between submission of request 
at Web site and receipt of email message.</accinstr></onlinopt></digtopt></digform><digform><digtinfo><formname>ARC/INFO interchange file</formname><formcont>spatial</formcont><filedec>WinZip or equivalent</filedec><transize>10.0</transize></digtinfo><digtopt><onlinopt><computer> <networka><networkr>URL:http://SoilDataMart.nrcs.usda.gov/</networkr></networka></computer><accinstr>Select desired survey area at above Internet Web site. An email 
address is required for receipt of instructions on retrieval via 
anonymous FTP. Anticipate a delay between submission of request 
at Web site and receipt of email message.</accinstr></onlinopt></digtopt></digform><digform><digtinfo><formname>ASCII</formname><formcont>keys and attributes</formcont><filedec>WinZip or equivalent</filedec><transize>20.4</transize></digtinfo><digtopt><onlinopt><computer><networka><networkr>URL:http://SoilDataMart.nrcs.usda.gov/</networkr></networka></computer><accinstr>Select desired survey area at above Internet Web site. An email 
address is required for receipt of instructions on retrieval via 
anonymous FTP. Anticipate a delay between submission of request 
at Web site and receipt of email message.</accinstr></onlinopt></digtopt></digform><fees>There is currently no direct charge for requesting data or for 
retrieval via FTP.</fees><ordering>Visit the above mentioned Internet Web Site, select state or 
territory, then select individual soil survey area of interest. 
Spatial line data and locations of special feature symbols are in 
ESRI ArcGIS (ArcView,ArcInfo) shapefile, coverage and interchange 
(i.e., export) formats. The National Soil Information System 
attribute soil data are available in variable length, pipe 
delimited, ASCII file format.</ordering><turnarnd>Typically within four hours</turnarnd></stdorder></distinfo><metainfo><metd>20121127</metd><metc><cntinfo><cntorgp><cntorg>U.S. Department of Agriculture, Natural Resources Conservation Service</cntorg></cntorgp><cntpos>State Soil Scientist</cntpos><cntaddr><addrtype>mailing address</addrtype><address>1606 Santa Rosa Rd.</address><address>Suite 209</address><city>Richmond</city><state>VA</state><postal>23229</postal></cntaddr><cntvoice>804-287-1646</cntvoice><cnttdd>800-877-8339</cnttdd><cntfax>804-287-1736</cntfax><cntemail>david.kriz@va.usda.gov</cntemail></cntinfo></metc><metstdn>Content Standard for Digital Geospatial Metadata</metstdn><metstdv>FGDC-STD-001-1998</metstdv></metainfo></metadata>