<?xml version="1.0" encoding="ISO-8859-1"?>
<!DOCTYPE metadata SYSTEM "http://www.fgdc.gov/metadata/fgdc-std-001-1998.dtd">
<metadata>
	<idinfo>
		<citation>
			<citeinfo>
				<origin>U.S. Geological Survey</origin>
				<pubdate>2011</pubdate>
				<title>EAARL Coastal Topography--Assateague Island National Seashore, Maryland and Virginia, 2010</title>
				<edition>first</edition>
				<geoform>remote-sensing image</geoform>
				<serinfo>
					<sername>U.S. Geological Survey Data Series</sername>
					<issue>628</issue>
				</serinfo>
				<pubinfo>
					<pubplace>St. Petersburg, FL</pubplace>
					<publish>U.S. Geological Survey</publish>
				</pubinfo>
			</citeinfo>
		</citation>
		<descript>
			<abstract>This shapefile was produced from the extent of remotely sensed, geographically referenced elevation measurements collected March 19 and 24, 2010 cooperatively by the U.S. Geological Survey (USGS) and the National Park Service (NPS). Elevation measurements were collected over the area using the Experimental Advanced Airborne Research Lidar (EAARL), a pulsed laser ranging system mounted onboard an aircraft to measure ground elevation, vegetation canopy, and coastal topography. The system uses high-frequency laser beams directed at the Earth's surface through an opening in the bottom of the aircraft's fuselage. The laser system records the time difference between emission of the laser beam and the reception of the reflected laser signal in the aircraft. The plane travels over the target area at approximately 50 meters per second at an elevation of approximately 300 meters, resulting in a laser swath of approximately 240 meters with an average point spacing of 2-3 meters. The EAARL, developed originally by the National Aeronautics and Space Administration (NASA) at Wallops Flight Facility in Virginia, measures ground elevation with a vertical resolution of +/-15 centimeters. A sampling rate of 3 kilohertz or higher results in an extremely dense spatial elevation dataset. Over 100 kilometers of coastline can be surveyed easily within a 3- to 4-hour mission. When resultant elevation maps for an area are analyzed, they provide a useful tool to make management decisions regarding land development</abstract>
			<purpose>The purpose of this project was to produce highly detailed and accurate digital elevation maps of a portion of the Assateague Island National Seashore in Maryland and Virginia from data collected March 19 and 24, 2010, for use as a management tool and to make these data available to natural-resource managers and research scientists.</purpose>
			<supplinf>Raw lidar data are not in a format that is generally usable by resource managers and scientists for scientific analysis. Converting dense lidar elevation data into a readily usable format without loss of essential information requires specialized processing. The U.S. Geological Survey's Coastal and Marine Geology Program (CMGP) has developed custom software to convert raw lidar data into a GIS-compatible map product to be provided to GIS specialists, managers, and scientists. The primary tool used in the conversion process is Airborne Lidar Processing System (ALPS), a multi-tiered processing system developed by a USGS-NASA collaborative project. Specialized processing algorithms are used to convert raw waveform lidar data acquired by the EAARL to georeferenced spot (x,y,z) returns for "first surface" and "bare earth" topography. The terms first surface and bare earth refer to the digital elevation data of the terrain, but while the first-surface data include vegetation, buildings, and other manmade structures, the bare-earth data do not. The zero crossing of the second derivative (that is, detection of stationary points) is used to detect the first return, resulting in "first surface" topography, while the trailing edge algorithm (that is, the algorithm searches for the location prior to the last return where direction changes along the trailing edge) is used to detect the range to the last return, or "bare earth" (the first and last returns being the first and last significant measurable portion of the return pulse). Statistical filtering, known as the Random Consensus Filter (RCF), is used to remove false bottom returns and other outliers from the EAARL topography data. The filter uses a grid of non-overlapping square cells (buffer) of user-defined size overlaid onto the original point cloud. The user also defines the vertical tolerance (vertical width) based on the topographic complexity and point-sampling density of the data. The maximum allowable elevation range within a cell is established by this vertical tolerance. An iterative process searches for the maximum concentration of points within the vertical tolerance and removes those points outside of the tolerance (Nayegandhi and others, 2009). These data are then converted to the North American Datum of 1983 and the North American Vertical Datum of 1988 (using the GEOID09 model). Each file contains data located in a 2-kilometer by 2-kilometer tile, where the upper-left bound can be assessed quickly through the filename. The first 3 numbers in the filename represent the left-most UTM easting coordinate (e###000) in meters, the next 4 numbers represent the top-most UTM northing coordinate (n####000) in meters, and the last 2 numbers (##) represent the UTM zone in which the tile is located (for example, fs_e123_n4567_18). These 2-kilometer by 2-kilometer tile extents were used to create this shapefile.

The development of custom software for creating these data products has been supported by the U.S. Geological Survey CMGP's Decision Support for Coastal Science and Management project. Processed data products are used by the U.S. Geological Survey CMGP's National Assessments of Coastal Change Hazards project to quantify the vulnerability of shorelines to coastal change hazards such as severe storms, sea-level rise, and shoreline erosion and retreat.</supplinf>
			</descript>
		<timeperd>
			<timeinfo>
				<mdattim>
					<sngdate>
						<caldate>20100319</caldate>
					</sngdate>
					<sngdate>
						<caldate>20100324</caldate>
					</sngdate>
				</mdattim>
			</timeinfo>
			<current>ground condition</current>
		</timeperd>
		<status>
			<progress>Complete</progress>
			<update>None planned</update>
		</status>
		<spdom>
			<bounding>
				<westbc>-75.411861</westbc>
				<eastbc>-75.068191</eastbc>
				<northbc>38.326102</northbc>
				<southbc>37.838722</southbc>
			</bounding>
		</spdom>
		<keywords>
			<theme>
				<themekt>ISO 19115 Topic Category</themekt>
				<themekey>elevation</themekey>
			</theme>
			<theme>
				<themekt>General</themekt>
				<themekey>Airborne Lidar Processing System</themekey>
				<themekey>ALPS</themekey>
				<themekey>Digital Elevation Model</themekey>
				<themekey>DEM</themekey>
				<themekey>EAARL</themekey>
				<themekey>Experimental Advanced Airborne Research Lidar</themekey>
				<themekey>laser altimetry</themekey>
				<themekey>lidar</themekey>
				<themekey>Pilatus PC-6</themekey>
				<themekey>remote sensing</themekey>
				<themekey>topography</themekey>
				</theme>
			<theme>
				<themekt>Global Change Master Science Directory</themekt>
				<themekey>LAND SURFACE > TOPOGRAPHY > TERRAIN ELEVATION</themekey>
			</theme>
			<theme>
				<themekt>Global Change Master Science Directory</themekt>
				<themekey>DOI/USGS/CMG > COASTAL AND MARINE GEOLOGY, U.S. GEOLOGICAL SURVEY, U.S. DEPARTMENT OF INTERIOR</themekey>
			</theme>
			<theme>
				<themekt>GCMD Instrument</themekt>
				<themekey>LIDAR > LIGHT DETECTION AND RANGING</themekey>
			</theme>
			<place>
				<placekt>Geographic Names Information System</placekt>
				<placekey>Assateague Island National Seashore</placekey>
				<placekey>Maryland</placekey>
				<placekey>Virginia</placekey>
			</place>
			<stratum>
				<stratkt>General</stratkt>
				<stratkey>Coastal Topography</stratkey>
			</stratum>
			<temporal>
				<tempkt>General</tempkt>
				<tempkey>2010</tempkey>
			</temporal>
		</keywords>
		<accconst>None</accconst>
		<useconst>The U.S. Geological Survey requests to be acknowledged as the originator of this file in future products or derivative research.</useconst>
		<ptcontac>
			<cntinfo>
				<cntperp>
					<cntper>Amar Nayegandhi</cntper>
					<cntorg>Jacobs Technology, U.S. Geological Survey, St. Petersburg Coastal and Marine Science Center, St. Petersburg, FL</cntorg>
				</cntperp>
				<cntpos>Remote Sensing Specialist/Project Manager</cntpos>
				<cntaddr>
					<addrtype>mailing and physical address</addrtype>
					<address>600 4th Street South</address>
					<city>St. Petersburg</city>
					<state>FL</state>
					<postal>33701</postal>
					<country>USA</country>
				</cntaddr>
				<cntvoice>727 803-8747 (x3026)</cntvoice>
				<cntfax>727 803-2031</cntfax>
				<cntemail>anayegandhi@usgs.gov</cntemail>
				<hours>M-F, 9:00-5:00 EST</hours>
			</cntinfo>
		</ptcontac>
		<datacred>Acknowledgment of the U.S. Geological Survey, St. Petersburg Coastal and Marine Science Center, as a data source would be appreciated in products developed from these data, and such acknowledgment as is standard for citation and legal practices for data source is expected. Sharing of new data layers developed directly from these data would also be appreciated by the U.S. Geological Survey staff. Users should be aware that comparisons with other datasets for the same area from other time periods may be inaccurate due to inconsistencies resulting from changes in photointerpretation, mapping conventions, and digital processes over time. These data are not legal documents and are not to be used as such.</datacred>
		<secinfo>
			<secsys>Unclassified</secsys>
			<secclass>Unclassified</secclass>
			<sechandl>None</sechandl>
		</secinfo>
		<native Sync="TRUE">Microsoft Windows XP Version 5.1 (Build 2600) Service Pack 3; ESRI ArcCatalog 9.3.1.3000</native>
	</idinfo>
	<dataqual>
		<logic>The data were split into 2-kilometer by 2-kilometer tiles where the upper-left bound can be assessed quickly through the filename. The first 3 numbers in the filename represent the left-most UTM easting coordinate (e###000) in meters, the next 4 numbers represent the top-most UTM northing coordinate (n####000) in meters, and the last 2 numbers (##) represent the UTM zone in which the tile is located (for example, t_e123_n4567_18). These 2-kilometer by 2-kilometer tile extents were used to create this shapefile.</logic>
		<complete>This shapefile completely encompasses the provided lidar data.</complete>
		<lineage>
			<procstep>
				<procdesc>EAARL data were split into 2-kilometer by 2-kilometer tiles using ALPS, or the Airborne Lidar Processing System (20100831) and these extents were exported to an .xyz file (20110701).</procdesc>
				<procdate>20100831 through 20110701</procdate>
				<proccont>
					<cntinfo>
						<cntperp>
							<cntper>Xan Fredericks</cntper>
							<cntorg>Jacobs Technology, U.S. Geological Survey, St. Petersburg Coastal and Marine Science Center, St. Petersburg, FL</cntorg>
						</cntperp>
						<cntpos>GIS Analyst/Metadata Specialist</cntpos>
						<cntaddr>
							<addrtype>mailing and physical address</addrtype>
							<address>600 4th Street South</address>
							<city>St. Petersburg</city>
							<state>FL</state>
							<postal>33701</postal>
							<country>USA</country>
						</cntaddr>
						<cntvoice>727 803-8747 (x3086)</cntvoice>
						<cntemail>afredericks@usgs.gov</cntemail>
						<hours>M-F, 8:00-4:00 EST</hours>
					</cntinfo>
				</proccont>
			</procstep>
			<procstep>
				<procdesc>The shapefile was created from the .xyz file using Global Mapper 12 by exporting vector areas to shapefile format.</procdesc>
				<procdate>20110803</procdate>
				<proccont>
					<cntinfo>
						<cntperp>
							<cntper>Emily Klipp</cntper>
							<cntorg>Jacobs Technology, U.S. Geological Survey, St. Petersburg Coastal and Marine Science Center, St. Petersburg, FL</cntorg>
						</cntperp>
						<cntpos>Data Analyst</cntpos>
						<cntaddr>
							<addrtype>mailing and physical address</addrtype>
							<address>600 4th Street South</address>
							<city>St. Petersburg</city>
							<state>FL</state>
							<postal>33712</postal>
							<country>USA</country>
						</cntaddr>
						<cntvoice>727 803-8747 (x3089)</cntvoice>
						<cntemail>eklipp@usgs.gov</cntemail>
						<hours>M-F, 8:30-4:30 EST</hours>
					</cntinfo>
				</proccont>
			</procstep>
		</lineage>
	</dataqual>
	<spdoinfo>
		<direct Sync="TRUE">Vector</direct>
		<ptvctinf>
			<sdtsterm Name="AI10_tile_extents">
				<sdtstype Sync="TRUE">G-polygon</sdtstype>
				<ptvctcnt Sync="TRUE">67</ptvctcnt>
			</sdtsterm>
		</ptvctinf>
	</spdoinfo>
	<spref>
		<horizsys>
			<geodetic>
				<horizdn Sync="TRUE">D_NORTH_AMERICAN_1983</horizdn>
				<ellips Sync="TRUE">Geodetic Reference System 80</ellips>
				<semiaxis Sync="TRUE">6378137.000000</semiaxis>
				<denflat>298.25722210100002</denflat>
			</geodetic>
		</horizsys>
	</spref>
	<eainfo>
		<detailed Name="AI10_tile_extents">
			<enttyp>
				<enttypl Sync="TRUE">AI10_tile_extents</enttypl>
				<enttypd>Shapefile.</enttypd>
				<enttypds>ESRI</enttypds>
			</enttyp>
			<attr>
				<attrlabl>FID</attrlabl>
				<attrdef>Internal feature number.</attrdef>
				<attrdefs>ESRI</attrdefs>
				<attrdomv>
					<udom>Sequential unique whole numbers that are automatically generated.</udom>
				</attrdomv>
			</attr>
			<attr>
				<attrlabl>Shape</attrlabl>
				<attrdef>Feature geometry.</attrdef>
				<attrdefs>ESRI</attrdefs>
				<attrdomv>
					<udom>Coordinates defining the features.</udom>
				</attrdomv>
			</attr>
			<attr>
				<attrlabl>TILE_NAME</attrlabl>
				<attrdef>Tile name described by UTM Zone 18 easting and northing values (in meters).</attrdef>
				<attrdefs>U.S. Geological Survey DSCSM</attrdefs>
				<attrdomv>
					<udom>The first 3 numbers in the filename represent the left-most UTM easting coordinate (e###000) in meters, the next 4 numbers represent the top-most UTM northing coordinate (n####000) in meters, and the last 2 numbers (##) represent the UTM zone in which the tile is located (for example, t_e123_n4567_18).</udom>
				</attrdomv>
			</attr>
			<attr>
				<attrlabl>TILE_NUMBE</attrlabl>
				<attrdef>Sequential unique whole number assigned to tiles (west-to-east, north-to-south) for identification.</attrdef>
				<attrdefs>U.S. Geological Survey DSCSM</attrdefs>
				<attrdomv>
					<rdom><rdommin>1</rdommin><rdommax>67</rdommax></rdom>
				</attrdomv>
			</attr>
			<attr>
				<attrlabl>LABEL_POS</attrlabl>
				<attrdef>Spatial coordinates defining the label position.</attrdef>
				<attrdefs>U.S. Geological Survey DSCSM</attrdefs>
				<attrdomv>
					<udom>UTM Zone 18 easting (X) and northing (Y) coordinates (in meters) used to center display labels within tiles.</udom>
				</attrdomv>
			</attr>
		</detailed>
		<overview>
			<eaover>The shapefile includes sequential tile number labels, tile names, and label position coordinates.</eaover>
			<eadetcit>http://pubs.usgs.gov/of/2009/1078/</eadetcit>
		</overview>
	</eainfo>
	<distinfo>
		<distrib>
			<cntinfo>
				<cntorgp>
					<cntorg>U.S. Geological Survey</cntorg>
					<cntper>Amar Nayegandhi</cntper>
				</cntorgp>
				<cntpos>Remote Sensing Specialist/Project Manager</cntpos>
				<cntaddr>
					<addrtype>mailing and physical address</addrtype>
					<address>600 4th Street South</address>
					<city>St. Petersburg</city>
					<state>FL</state>
					<postal>33701</postal>
					<country>USA</country>
				</cntaddr>
				<cntvoice>727 803-8747 (x3026)</cntvoice>
				<hours>M-F, 9:00-5:00 EST</hours>
			</cntinfo>
		</distrib>
		<resdesc>DS 628</resdesc>
		<distliab>This DVD publication was prepared by an agency of the United States Government. Although these data have been processed successfully on a computer system at the U.S. Geological Survey, no warranty expressed or implied is made regarding the display or utility of the data on any other system, or for general or scientific purposes, nor shall the act of distribution constitute any such warranty.  The U.S. Geological Survey shall not be held liable for improper or incorrect use of the data described and(or) contained herein. Neither the U.S. Government, the Department of the Interior, nor the USGS, nor any of their employees, contractors, or subcontractors, make any warranty, expressed or implied, nor assume any legal liability or responsibility for the accuracy, completeness, or usefulness of any information, apparatus, product, or process disclosed, nor represent that its use would not infringe on privately owned rights.</distliab>
		<stdorder>
			<digform>
				<digtinfo>
					<formname>shapefile</formname>
					<formverd>20110803</formverd>
				</digtinfo>
				<digtopt>
					<offoptn>
						<offmedia>DVD</offmedia>
						<recfmt>DVD</recfmt>
					</offoptn>
				</digtopt>
			</digform>
			<fees>None</fees>
			<ordering>Contact U.S. Geological Survey</ordering>
			<turnarnd>Vary</turnarnd>
		</stdorder>
		<availabl>
			<timeinfo>
				<mdattim>
					<sngdate>
						<caldate>20100319</caldate>
					</sngdate>
					<sngdate>
						<caldate>20100324</caldate>
					</sngdate>
				</mdattim>
			</timeinfo>
		</availabl>
	</distinfo>
	<metainfo>
		<metd Sync="TRUE">20110803</metd>
		<metc>
			<cntinfo>
				<cntperp>
					<cntper>Xan Fredericks</cntper>
					<cntorg>Jacobs Technology, U.S. Geological Survey, St. Petersburg Coastal and Marine Science Center, St. Petersburg, FL</cntorg>
				</cntperp>
				<cntpos>GIS Analyst/Metadata Specialist</cntpos>
				<cntaddr>
					<addrtype>mailing and physical address</addrtype>
					<address>600 4th Street South</address>
					<city>St. Petersburg</city>
					<state>FL</state>
					<postal>33701</postal>
					<country>USA</country>
				</cntaddr>
				<cntvoice>727 803-8747 (x3086)</cntvoice>
				<cntemail>afredericks@usgs.gov</cntemail>
				<hours>M-F, 8:00-4:00 EST</hours>
			</cntinfo>
		</metc>
		<metstdn Sync="TRUE">FGDC Content Standards for Digital Geospatial Metadata</metstdn>
		<metstdv Sync="TRUE">FGDC-STD-001-1998</metstdv>
		<mettc Sync="TRUE">local time</mettc>
		<metextns>
			<onlink>http://www.esri.com/metadata/esriprof80.html</onlink>
			<metprof>ESRI Metadata Profile</metprof>
		</metextns>
		</metainfo>
	</metadata>
