<?xml version="1.0" encoding="UTF-8"?>
<metadata xml:lang="en"><Esri><CreaDate>20110126</CreaDate><CreaTime>08532600</CreaTime><ArcGISFormat>1.0</ArcGISFormat><SyncOnce>FALSE</SyncOnce><DataProperties><itemProps><itemName Sync="TRUE">VA_2010_AUS_RIVERINE_FINAL</itemName><imsContentType Sync="TRUE">002</imsContentType><itemLocation><linkage Sync="TRUE">file://\\NG00080857\H$\GIS_datasets\2010_assessment\VA_2010_AUS_RIVERINE_FINAL.shp</linkage><protocol Sync="TRUE">Local Area Network</protocol></itemLocation><itemSize Sync="TRUE">0.000</itemSize></itemProps><coordRef><type Sync="TRUE">Projected</type><geogcsn Sync="TRUE">GCS_North_American_1983</geogcsn><projcsn Sync="TRUE">Lambert_Conformal_Conic_Virginia</projcsn><peXml Sync="TRUE">&lt;ProjectedCoordinateSystem xsi:type='typens:ProjectedCoordinateSystem' xmlns:xsi='http://www.w3.org/2001/XMLSchema-instance' xmlns:xs='http://www.w3.org/2001/XMLSchema' xmlns:typens='http://www.esri.com/schemas/ArcGIS/10.0'&gt;&lt;WKT&gt;PROJCS[&amp;quot;Lambert_Conformal_Conic_Virginia&amp;quot;,GEOGCS[&amp;quot;GCS_North_American_1983&amp;quot;,DATUM[&amp;quot;D_North_American_1983&amp;quot;,SPHEROID[&amp;quot;GRS_1980&amp;quot;,6378137.0,298.257222101]],PRIMEM[&amp;quot;Greenwich&amp;quot;,0.0],UNIT[&amp;quot;Degree&amp;quot;,0.0174532925199433]],PROJECTION[&amp;quot;Lambert_Conformal_Conic&amp;quot;],PARAMETER[&amp;quot;False_Easting&amp;quot;,0.0],PARAMETER[&amp;quot;False_Northing&amp;quot;,0.0],PARAMETER[&amp;quot;Central_Meridian&amp;quot;,-79.5],PARAMETER[&amp;quot;Standard_Parallel_1&amp;quot;,37.0],PARAMETER[&amp;quot;Standard_Parallel_2&amp;quot;,39.5],PARAMETER[&amp;quot;Latitude_Of_Origin&amp;quot;,36.0],UNIT[&amp;quot;Meter&amp;quot;,1.0]]&lt;/WKT&gt;&lt;XOrigin&gt;-37232800&lt;/XOrigin&gt;&lt;YOrigin&gt;-28884600&lt;/YOrigin&gt;&lt;XYScale&gt;120957855.10008635&lt;/XYScale&gt;&lt;ZOrigin&gt;-100000&lt;/ZOrigin&gt;&lt;ZScale&gt;10000&lt;/ZScale&gt;&lt;MOrigin&gt;-100000&lt;/MOrigin&gt;&lt;MScale&gt;10000&lt;/MScale&gt;&lt;XYTolerance&gt;0.001&lt;/XYTolerance&gt;&lt;ZTolerance&gt;0.001&lt;/ZTolerance&gt;&lt;MTolerance&gt;0.001&lt;/MTolerance&gt;&lt;HighPrecision&gt;true&lt;/HighPrecision&gt;&lt;/ProjectedCoordinateSystem&gt;</peXml></coordRef><lineage><Process ToolSource="C:\Program Files\ArcGIS\Desktop10.0\ArcToolbox\Toolboxes\Conversion Tools.tbx\FeatureClassToFeatureClass" Date="20101213" Time="091123">FeatureClassToFeatureClass C:\Final_2010_IR_Data\VA_AUs_2010_All_FINAL.mdb\va_2010_aus_riverine "Database Connections\Connection to TGIS_gis_dba.sde\GIS_DBA.ir_2010" VA_2010_AUS_RIVERINE # "ID305B "ID305B" true true false 50 Text 0 0 ,First,#,C:\Final_2010_IR_Data\VA_AUs_2010_All_FINAL.mdb\va_2010_aus_riverine,ID305B,-1,-1;Miles "Miles" true true false 8 Double 0 0 ,First,#,C:\Final_2010_IR_Data\VA_AUs_2010_All_FINAL.mdb\va_2010_aus_riverine,Miles,-1,-1;CYCLE "CYCLE" true true false 4 Text 0 0 ,First,#,C:\Final_2010_IR_Data\VA_AUs_2010_All_FINAL.mdb\va_2010_aus_riverine,CYCLE,-1,-1;STATE "STATE" true true false 2 Text 0 0 ,First,#,C:\Final_2010_IR_Data\VA_AUs_2010_All_FINAL.mdb\va_2010_aus_riverine,STATE,-1,-1;WATER_NAME "WATER_NAME" true true false 100 Text 0 0 ,First,#,C:\Final_2010_IR_Data\VA_AUs_2010_All_FINAL.mdb\va_2010_aus_riverine,WATER_NAME,-1,-1;LOCATION "LOCATION" true true false 255 Text 0 0 ,First,#,C:\Final_2010_IR_Data\VA_AUs_2010_All_FINAL.mdb\va_2010_aus_riverine,LOCATION,-1,-1;AU_COMMENTS "AU_COMMENTS" true true false 2147483647 Text 0 0 ,First,#,C:\Final_2010_IR_Data\VA_AUs_2010_All_FINAL.mdb\va_2010_aus_riverine,AU_COMMENTS,-1,-1;AU_OWNER "AU_OWNER" true true false 20 Text 0 0 ,First,#,C:\Final_2010_IR_Data\VA_AUs_2010_All_FINAL.mdb\va_2010_aus_riverine,AU_OWNER,-1,-1;IMP_CAUSE "IMP_CAUSE" true true false 254 Text 0 0 ,First,#,C:\Final_2010_IR_Data\VA_AUs_2010_All_FINAL.mdb\va_2010_aus_riverine,IMP_CAUSE,-1,-1;SOURCE "SOURCE" true true false 254 Text 0 0 ,First,#,C:\Final_2010_IR_Data\VA_AUs_2010_All_FINAL.mdb\va_2010_aus_riverine,SOURCE,-1,-1;CATEGORY "CATEGORY" true false false 11 Text 0 0 ,First,#,C:\Final_2010_IR_Data\VA_AUs_2010_All_FINAL.mdb\va_2010_aus_riverine,CATEGORY,-1,-1;AQU_LIFE "AQU_LIFE" true false false 25 Text 0 0 ,First,#,C:\Final_2010_IR_Data\VA_AUs_2010_All_FINAL.mdb\va_2010_aus_riverine,AQU_LIFE,-1,-1;FISH_CONSU "FISH_CONSU" true false false 25 Text 0 0 ,First,#,C:\Final_2010_IR_Data\VA_AUs_2010_All_FINAL.mdb\va_2010_aus_riverine,FISH_CONSU,-1,-1;PWS "PWS" true false false 25 Text 0 0 ,First,#,C:\Final_2010_IR_Data\VA_AUs_2010_All_FINAL.mdb\va_2010_aus_riverine,PWS,-1,-1;RECREATION "RECREATION" true false false 25 Text 0 0 ,First,#,C:\Final_2010_IR_Data\VA_AUs_2010_All_FINAL.mdb\va_2010_aus_riverine,RECREATION,-1,-1;WILDLIFE "WILDLIFE" true false false 25 Text 0 0 ,First,#,C:\Final_2010_IR_Data\VA_AUs_2010_All_FINAL.mdb\va_2010_aus_riverine,WILDLIFE,-1,-1;Shape_Length "Shape_Length" false true true 8 Double 0 0 ,First,#,C:\Final_2010_IR_Data\VA_AUs_2010_All_FINAL.mdb\va_2010_aus_riverine,Shape_Length,-1,-1" #</Process><Process ToolSource="C:\Program Files\ArcGIS\Desktop10.0\ArcToolbox\Toolboxes\Conversion Tools.tbx\FeatureClassToFeatureClass" Date="20110322" Time="141820">FeatureClassToFeatureClass "Database Connections\Connection to PGIS_gis_dba.sde\GIS_DBA.ir_2010_final\GIS_DBA.VA_2010_AUS_RIVERINE_FINAL" H:\GIS_datasets\2010_assessment VA_2010_AUS_RIVERINE_FINAL.shp # "ID305B "ID305B" true true false 50 Text 0 0 ,First,#,Database Connections\Connection to PGIS_gis_dba.sde\GIS_DBA.ir_2010_final\GIS_DBA.VA_2010_AUS_RIVERINE_FINAL,ID305B,-1,-1;MILES "MILES" true true false 8 Double 8 38 ,First,#,Database Connections\Connection to PGIS_gis_dba.sde\GIS_DBA.ir_2010_final\GIS_DBA.VA_2010_AUS_RIVERINE_FINAL,MILES,-1,-1;CYCLE "CYCLE" true true false 4 Text 0 0 ,First,#,Database Connections\Connection to PGIS_gis_dba.sde\GIS_DBA.ir_2010_final\GIS_DBA.VA_2010_AUS_RIVERINE_FINAL,CYCLE,-1,-1;STATE "STATE" true true false 2 Text 0 0 ,First,#,Database Connections\Connection to PGIS_gis_dba.sde\GIS_DBA.ir_2010_final\GIS_DBA.VA_2010_AUS_RIVERINE_FINAL,STATE,-1,-1;WATER_NAME "WATER_NAME" true true false 100 Text 0 0 ,First,#,Database Connections\Connection to PGIS_gis_dba.sde\GIS_DBA.ir_2010_final\GIS_DBA.VA_2010_AUS_RIVERINE_FINAL,WATER_NAME,-1,-1;IMP_CAUSE "IMP_CAUSE" true true false 254 Text 0 0 ,First,#,Database Connections\Connection to PGIS_gis_dba.sde\GIS_DBA.ir_2010_final\GIS_DBA.VA_2010_AUS_RIVERINE_FINAL,IMP_CAUSE,-1,-1;SOURCE "SOURCE" true true false 254 Text 0 0 ,First,#,Database Connections\Connection to PGIS_gis_dba.sde\GIS_DBA.ir_2010_final\GIS_DBA.VA_2010_AUS_RIVERINE_FINAL,SOURCE,-1,-1;CATEGORY "CATEGORY" true false false 11 Text 0 0 ,First,#,Database Connections\Connection to PGIS_gis_dba.sde\GIS_DBA.ir_2010_final\GIS_DBA.VA_2010_AUS_RIVERINE_FINAL,CATEGORY,-1,-1;AQU_LIFE "AQU_LIFE" true false false 25 Text 0 0 ,First,#,Database Connections\Connection to PGIS_gis_dba.sde\GIS_DBA.ir_2010_final\GIS_DBA.VA_2010_AUS_RIVERINE_FINAL,AQU_LIFE,-1,-1;FISH_CONSU "FISH_CONSU" true false false 25 Text 0 0 ,First,#,Database Connections\Connection to PGIS_gis_dba.sde\GIS_DBA.ir_2010_final\GIS_DBA.VA_2010_AUS_RIVERINE_FINAL,FISH_CONSU,-1,-1;PWS "PWS" true false false 25 Text 0 0 ,First,#,Database Connections\Connection to PGIS_gis_dba.sde\GIS_DBA.ir_2010_final\GIS_DBA.VA_2010_AUS_RIVERINE_FINAL,PWS,-1,-1;RECREATION "RECREATION" true false false 25 Text 0 0 ,First,#,Database Connections\Connection to PGIS_gis_dba.sde\GIS_DBA.ir_2010_final\GIS_DBA.VA_2010_AUS_RIVERINE_FINAL,RECREATION,-1,-1;WILDLIFE "WILDLIFE" true false false 25 Text 0 0 ,First,#,Database Connections\Connection to PGIS_gis_dba.sde\GIS_DBA.ir_2010_final\GIS_DBA.VA_2010_AUS_RIVERINE_FINAL,WILDLIFE,-1,-1;SHAPE_LEN "SHAPE_LEN" false false true 0 Double 0 0 ,First,#,Database Connections\Connection to PGIS_gis_dba.sde\GIS_DBA.ir_2010_final\GIS_DBA.VA_2010_AUS_RIVERINE_FINAL,SHAPE.LEN,-1,-1" #</Process></lineage></DataProperties><SyncDate>20110322</SyncDate><SyncTime>14172700</SyncTime><ModDate>20110322</ModDate><ModTime>14172700</ModTime></Esri><dataIdInfo><envirDesc Sync="TRUE">Microsoft Windows XP Version 5.1 (Build 2600) Service Pack 3; ESRI ArcGIS 10.0.0.2414</envirDesc><dataLang><languageCode value="en" country="US"></languageCode></dataLang><idCitation><resTitle Sync="TRUE">VA_2010_AUS_RIVERINE_FINAL</resTitle><presForm><PresFormCd value="005"></PresFormCd></presForm></idCitation><descKeys><thesaName uuidref="723f6998-058e-11dc-8314-0800200c9a66"></thesaName><keyword Sync="TRUE">002</keyword></descKeys><spatRpType><SpatRepTypCd value="001"></SpatRepTypCd></spatRpType></dataIdInfo><mdLang><languageCode value="en"></languageCode></mdLang><mdChar><CharSetCd value="004"></CharSetCd></mdChar><distInfo><distFormat><formatName Sync="TRUE">Shapefile</formatName></distFormat><distTranOps><transSize Sync="TRUE">0.000</transSize></distTranOps></distInfo><mdHrLv><ScopeCd value="005"></ScopeCd></mdHrLv><mdHrLvName Sync="TRUE">dataset</mdHrLvName><refSysInfo><RefSystem><refSysID><identCode code="0"></identCode></refSysID></RefSystem></refSysInfo><spdoinfo><ptvctinf><esriterm Name="VA_2010_AUS_RIVERINE_FINAL"><efeatyp Sync="TRUE">Simple</efeatyp><efeageom Sync="TRUE">3</efeageom><esritopo Sync="TRUE">FALSE</esritopo><efeacnt Sync="TRUE">0</efeacnt><spindex Sync="TRUE">FALSE</spindex><linrefer Sync="TRUE">FALSE</linrefer></esriterm></ptvctinf></spdoinfo><spatRepInfo><VectSpatRep><topLvl><TopoLevCd value="001"></TopoLevCd></topLvl><geometObjs><geoObjTyp><GeoObjTypCd value="002"></GeoObjTypCd><geoObjCnt Sync="TRUE">0</geoObjCnt></geoObjTyp></geometObjs></VectSpatRep></spatRepInfo><eainfo><detailed Name="VA_2010_AUS_RIVERINE_FINAL"><enttyp><enttypl Sync="TRUE">VA_2010_AUS_RIVERINE_FINAL</enttypl><enttypt Sync="TRUE">Feature Class</enttypt><enttypc Sync="TRUE">0</enttypc></enttyp><attr><attrlabl Sync="TRUE">FID</attrlabl><attalias Sync="TRUE">FID</attalias><attrtype Sync="TRUE">OID</attrtype><attwidth Sync="TRUE">4</attwidth><atprecis Sync="TRUE">0</atprecis><attscale Sync="TRUE">0</attscale><attrdef Sync="TRUE">Internal feature number.</attrdef><attrdefs Sync="TRUE">ESRI</attrdefs><attrdomv><udom Sync="TRUE">Sequential unique whole numbers that are automatically generated.</udom></attrdomv></attr><attr><attrlabl Sync="TRUE">ID305B</attrlabl><attalias Sync="TRUE">ID305B</attalias><attrtype Sync="TRUE">String</attrtype><attwidth Sync="TRUE">50</attwidth><atprecis Sync="TRUE">0</atprecis><attscale Sync="TRUE">0</attscale></attr><attr><attrlabl Sync="TRUE">MILES</attrlabl><attalias Sync="TRUE">MILES</attalias><attrtype Sync="TRUE">Double</attrtype><attwidth Sync="TRUE">19</attwidth><atprecis Sync="TRUE">18</atprecis><attscale Sync="TRUE">8</attscale></attr><attr><attrlabl Sync="TRUE">CYCLE</attrlabl><attalias Sync="TRUE">CYCLE</attalias><attrtype Sync="TRUE">String</attrtype><attwidth Sync="TRUE">4</attwidth><atprecis Sync="TRUE">0</atprecis><attscale Sync="TRUE">0</attscale></attr><attr><attrlabl Sync="TRUE">STATE</attrlabl><attalias Sync="TRUE">STATE</attalias><attrtype Sync="TRUE">String</attrtype><attwidth Sync="TRUE">2</attwidth><atprecis Sync="TRUE">0</atprecis><attscale Sync="TRUE">0</attscale></attr><attr><attrlabl Sync="TRUE">WATER_NAME</attrlabl><attalias Sync="TRUE">WATER_NAME</attalias><attrtype Sync="TRUE">String</attrtype><attwidth Sync="TRUE">100</attwidth><atprecis Sync="TRUE">0</atprecis><attscale Sync="TRUE">0</attscale></attr><attr><attrlabl Sync="TRUE">IMP_CAUSE</attrlabl><attalias Sync="TRUE">IMP_CAUSE</attalias><attrtype Sync="TRUE">String</attrtype><attwidth Sync="TRUE">254</attwidth><atprecis Sync="TRUE">0</atprecis><attscale Sync="TRUE">0</attscale></attr><attr><attrlabl Sync="TRUE">SOURCE</attrlabl><attalias Sync="TRUE">SOURCE</attalias><attrtype Sync="TRUE">String</attrtype><attwidth Sync="TRUE">254</attwidth><atprecis Sync="TRUE">0</atprecis><attscale Sync="TRUE">0</attscale></attr><attr><attrlabl Sync="TRUE">CATEGORY</attrlabl><attalias Sync="TRUE">CATEGORY</attalias><attrtype Sync="TRUE">String</attrtype><attwidth Sync="TRUE">11</attwidth><atprecis Sync="TRUE">0</atprecis><attscale Sync="TRUE">0</attscale></attr><attr><attrlabl Sync="TRUE">AQU_LIFE</attrlabl><attalias Sync="TRUE">AQU_LIFE</attalias><attrtype Sync="TRUE">String</attrtype><attwidth Sync="TRUE">25</attwidth><atprecis Sync="TRUE">0</atprecis><attscale Sync="TRUE">0</attscale></attr><attr><attrlabl Sync="TRUE">FISH_CONSU</attrlabl><attalias Sync="TRUE">FISH_CONSU</attalias><attrtype Sync="TRUE">String</attrtype><attwidth Sync="TRUE">25</attwidth><atprecis Sync="TRUE">0</atprecis><attscale Sync="TRUE">0</attscale></attr><attr><attrlabl Sync="TRUE">PWS</attrlabl><attalias Sync="TRUE">PWS</attalias><attrtype Sync="TRUE">String</attrtype><attwidth Sync="TRUE">25</attwidth><atprecis Sync="TRUE">0</atprecis><attscale Sync="TRUE">0</attscale></attr><attr><attrlabl Sync="TRUE">RECREATION</attrlabl><attalias Sync="TRUE">RECREATION</attalias><attrtype Sync="TRUE">String</attrtype><attwidth Sync="TRUE">25</attwidth><atprecis Sync="TRUE">0</atprecis><attscale Sync="TRUE">0</attscale></attr><attr><attrlabl Sync="TRUE">WILDLIFE</attrlabl><attalias Sync="TRUE">WILDLIFE</attalias><attrtype Sync="TRUE">String</attrtype><attwidth Sync="TRUE">25</attwidth><atprecis Sync="TRUE">0</atprecis><attscale Sync="TRUE">0</attscale></attr><attr><attrlabl Sync="TRUE">SHAPE</attrlabl><attalias Sync="TRUE">Shape</attalias><attrtype Sync="TRUE">Geometry</attrtype><attwidth Sync="TRUE">0</attwidth><atprecis Sync="TRUE">0</atprecis><attscale Sync="TRUE">0</attscale><attrdef Sync="TRUE">Feature geometry.</attrdef><attrdefs Sync="TRUE">ESRI</attrdefs><attrdomv><udom Sync="TRUE">Coordinates defining the features.</udom></attrdomv></attr><attr><attrlabl Sync="TRUE">SHAPE_LEN</attrlabl><attalias Sync="TRUE">SHAPE_LEN</attalias><attrtype Sync="TRUE">Double</attrtype><attwidth Sync="TRUE">19</attwidth><atprecis Sync="TRUE">0</atprecis><attscale Sync="TRUE">0</attscale></attr></detailed></eainfo><mdDateSt Sync="TRUE">20110322</mdDateSt></metadata>
