Name,Description
Pound River,
South Fork Holston River,
Whitetop Laurel Lower,
Whitetop Laurel Upper,
Venrick Run,
North Fork Stewarts Creek,
Snake Creek,
South Fork Holston River,
Little Stony Creek,
Mill Creek,
Little Snake Creek,
Brumley Creek,
Roaring Fork,
Green Cove Creek,
Cabin Creek,
Quebec Branch,
Wilburn Branch,
Little Wilson Creek,
Mill Creek,
Dan River above Townes,
Dan River above Powerhouse,
Little Stony Creek,
North Creek,
North Fork Buffalo River,
Big Wilson Creek,
Smith River,
Roaring Run,
South Fork Stewarts Creek,
Spring Run,
Jackson River (HV Spec Reg),
Smith Creek,
Jackson River Tailwater,
South River,
Saint Mary's River,
Ramsey's Draft,
Mossy Creek,
Buffalo Creek,
Conway River,
Devil's Ditch,
Rapidan River,
North Fork Moorman's River,
East Fork Chesnut Creek,
