<?xml version="1.0" encoding="ISO-8859-1"?>
<metadata>
	<idinfo>
		<citation>
			<citeinfo>
				<origin>VGIN</origin>
				<pubdate>20080815</pubdate>
				<title>Flight Area Outlines</title>
				<geoform Sync="TRUE">vector digital data</geoform>
				<serinfo>
				</serinfo>
				<pubinfo>
				</pubinfo>
				<ftname Sync="TRUE">flight_area_outlines</ftname></citeinfo>
		</citation>
		<descript>
			<abstract>This layer contains outlines of the flight areas for the 2009 - 2012 VGIN orthophotography update.</abstract>
			<purpose>For use during RFP process.</purpose>
			<langdata Sync="TRUE">en</langdata></descript>
		<timeperd>
			<timeinfo>
				<rngdates>
				</rngdates>
			</timeinfo>
			<current>Publication date of sources</current>
		</timeperd>
		<status>
			<progress>Complete</progress>
		</status>
		<spdom>
			<bounding>
				<westbc Sync="TRUE">-83.837830</westbc>
				<eastbc Sync="TRUE">-75.160162</eastbc>
				<northbc Sync="TRUE">39.471482</northbc>
				<southbc Sync="TRUE">36.464993</southbc>
			</bounding>
			<lboundng><leftbc Sync="TRUE">-373533.600000</leftbc><rightbc Sync="TRUE">373706.800000</rightbc><bottombc Sync="TRUE">60037.600000</bottombc><topbc Sync="TRUE">385287.800000</topbc></lboundng></spdom>
		<keywords>
			<theme>
				<themekt>none</themekt>
				<themekey>jurisdiction</themekey>
				<themekey>cities</themekey>
				<themekey>counties</themekey>
			</theme>
			<place>
				<placekt>none</placekt>
				<placekey>Virginia</placekey>
			</place>
		</keywords>
		<accconst>none</accconst>
		<useconst>none</useconst>
		<ptcontac>
			<cntinfo>
				<cntperp>
					<cntper>Stuart Blankenship</cntper>
					<cntorg>VGIN</cntorg>
				</cntperp>
				<cntaddr>
					<addrtype>mailing and physical address</addrtype>
					<address>11751 Meadowville Lane</address>
					<city>Chester</city>
					<state>Virginia</state>
					<postal>23836</postal>
					<country>USA</country>
				</cntaddr>
				<cntvoice>804 416 6208</cntvoice>
				<cntemail>stuart.blankenship@vita.virginia.gov</cntemail>
				<hours>0830-1800</hours>
			</cntinfo>
		</ptcontac>
		<native Sync="TRUE">Microsoft Windows XP Version 5.1 (Build 2600) Service Pack 2; ESRI ArcCatalog 9.3.1.1850</native>
		<natvform Sync="TRUE">Shapefile</natvform></idinfo>
	<dataqual>
		<attracc>
		</attracc>
		<posacc>
			<horizpa>
				<qhorizpa>
				</qhorizpa>
			</horizpa>
		</posacc>
		<lineage>
			<srcinfo>
				<srccite>
					<citeinfo>
						<origin>ISSL</origin>
						<pubdate>1989</pubdate>
						<title>VirGIS jurisdiction boundaries, version 1</title>
					</citeinfo>
				</srccite>
				<srcscale>24000</srcscale>
				<typesrc>USGS 7.5 minute quads</typesrc>
				<srctime>
					<timeinfo>
						<rngdates>
							<begdate>1949</begdate>
							<enddate>1987</enddate>
						</rngdates>
					</timeinfo>
					<srccurr>out of date</srccurr>
				</srctime>
				<srccitea>1989 jurisdiction bounds</srccitea>
				<srccontr>base upon which updates were made for version 1995</srccontr>
			</srcinfo>
			<srcinfo>
				<srccite>
					<citeinfo>
						<origin>DCR-DSWC</origin>
						<pubdate>1995</pubdate>
						<title>VirGIS jurisdiction boundaries, version 1995</title>
					</citeinfo>
				</srccite>
				<srcscale>24000</srcscale>
				<typesrc>USGS 7.5 minute quads</typesrc>
				<srctime>
					<timeinfo>
						<rngdates>
							<begdate>1949</begdate>
							<enddate>1987</enddate>
						</rngdates>
					</timeinfo>
					<srccurr>out of date</srccurr>
				</srctime>
				<srccitea>1995 jurisdiction bounds</srccitea>
				<srccontr>base upon which updates were made for version 2004</srccontr>
			</srcinfo>
			<procstep><procdesc>County boundary layer was dissolved to show VGIN orthophotography flight boundary areas.</procdesc><procdate>20080815</procdate></procstep></lineage>
	</dataqual>
	<spdoinfo>
		<direct Sync="TRUE">Vector</direct>
		<ptvctinf>
			<sdtsterm Name="flight_area_outlines">
				<sdtstype Sync="TRUE">G-polygon</sdtstype>
				<ptvctcnt Sync="TRUE">2</ptvctcnt>
			</sdtsterm>
			<sdtsterm>
				<sdtstype>String</sdtstype>
				<ptvctcnt>1119</ptvctcnt>
			</sdtsterm>
			<sdtsterm>
				<sdtstype>GT-polygon composed of chains</sdtstype>
				<ptvctcnt>174</ptvctcnt>
			</sdtsterm>
			<esriterm Name="flight_area_outlines"><efeatyp Sync="TRUE">Simple</efeatyp><efeageom Sync="TRUE">Polygon</efeageom><esritopo Sync="TRUE">FALSE</esritopo><efeacnt Sync="TRUE">2</efeacnt><spindex Sync="TRUE">FALSE</spindex><linrefer Sync="TRUE">FALSE</linrefer></esriterm></ptvctinf>
	</spdoinfo>
	<spref>
		<horizsys>
			<geodetic>
				<horizdn Sync="TRUE">North American Datum of 1983</horizdn>
				<ellips Sync="TRUE">Geodetic Reference System 80</ellips>
				<semiaxis Sync="TRUE">6378137.000000</semiaxis>
				<denflat Sync="TRUE">298.257222</denflat>
			</geodetic>
			<cordsysn><geogcsn Sync="TRUE">GCS_North_American_1983</geogcsn><projcsn Sync="TRUE">Lambert_Conformal_Conic_Virginia</projcsn></cordsysn><planar><planci><plance Sync="TRUE">coordinate pair</plance><plandu Sync="TRUE">meters</plandu><coordrep><absres Sync="TRUE">0.000000</absres><ordres Sync="TRUE">0.000000</ordres></coordrep></planci><mapproj><mapprojn Sync="TRUE">Lambert Conformal Conic</mapprojn><lambertc><stdparll Sync="TRUE">37.000000</stdparll><stdparll Sync="TRUE">39.500000</stdparll><longcm Sync="TRUE">-79.500000</longcm><latprjo Sync="TRUE">36.000000</latprjo><feast Sync="TRUE">0.000000</feast><fnorth Sync="TRUE">0.000000</fnorth></lambertc></mapproj></planar></horizsys>
		<vertdef><altsys><altenc Sync="TRUE">Explicit elevation coordinate included with horizontal coordinates</altenc><altres Sync="TRUE">1.000000</altres></altsys></vertdef></spref>
	<eainfo>
		<detailed Name="flight_area_outlines">
			<attr>
				<attrlabl>SHAPE</attrlabl>
				<attrdef>feature type</attrdef>
				<attrdefs>ESRI</attrdefs>
				<attrdomv>
					<edom>
						<edomv>polyline</edomv>
						<edomvd>line defining polygon</edomvd>
						<edomvds>ESRI</edomvds>
					</edom>
				</attrdomv>
				<attalias Sync="TRUE">Area_Name</attalias><attrtype Sync="TRUE">String</attrtype><attwidth Sync="TRUE">10</attwidth><atprecis Sync="TRUE">0</atprecis><attscale Sync="TRUE">0</attscale></attr>
			<attr><attrlabl Sync="TRUE">Year</attrlabl><attalias Sync="TRUE">FID</attalias><attrtype Sync="TRUE">Number</attrtype><attwidth Sync="TRUE">9</attwidth><attrdef>Flight Year</attrdef><attrdefs>VGIN</attrdefs><attrdomv><edom><edomv>2009</edomv><edomvd>2009 Flight Area</edomvd><edomvds>VGIN</edomvds></edom><edom><edomv>2011</edomv><edomvd>2011 Flight Area</edomvd><edomvds>VGIN</edomvds></edom></attrdomv></attr><attr><attrlabl Sync="TRUE">Area_Name</attrlabl><attalias Sync="TRUE">Shape</attalias><attrtype Sync="TRUE">String</attrtype><attwidth Sync="TRUE">10</attwidth><attrdef>Flight Area Name</attrdef><attrdefs>VGIN</attrdefs><attrdomv><edom><edomv>East</edomv><edomvd>Eastern Flight Zone</edomvd><edomvds>VGIN</edomvds></edom><edom><edomv>West</edomv><edomvd>Western Flight Zone</edomvd><edomvds>VGIN</edomvds></edom><udom Sync="TRUE">Sequential unique whole numbers that are automatically generated.</udom></attrdomv></attr><attr><attrlabl Sync="TRUE">Shape</attrlabl><attalias Sync="TRUE">Year</attalias><attrtype Sync="TRUE">Integer</attrtype><attwidth Sync="TRUE">9</attwidth><atprecis Sync="TRUE">9</atprecis><attscale Sync="TRUE">0</attscale><attrdef Sync="TRUE">Feature geometry.</attrdef><attrdefs Sync="TRUE">ESRI</attrdefs><attrdomv><udom Sync="TRUE">Coordinates defining the features.</udom></attrdomv></attr><enttyp>
				<enttypl Sync="TRUE">flight_area_outlines</enttypl>
				<enttypd>attributes of lines in shapefile</enttypd>
				<enttypds>ESRI</enttypds>
				<enttypt Sync="TRUE">Feature Class</enttypt><enttypc Sync="TRUE">2</enttypc></enttyp>
		</detailed>
	</eainfo>
	<distinfo>
		<distrib>
			<cntinfo>
				<cntperp>
					<cntper>Stuart Blankenship</cntper>
					<cntorg>VGIN</cntorg>
				</cntperp>
				<cntaddr>
					<addrtype>mailing and physical address</addrtype>
					<address>11751 Meadowville Lane</address>
					<city>Chester</city>
					<state>Virginia</state>
					<postal>23836</postal>
					<country>USA</country>
				</cntaddr>
				<cntvoice>804 416-6208</cntvoice>
				<cntemail>stuart.blankenship@vita.virginia.gov</cntemail>
			</cntinfo>
		</distrib>
		<resdesc>2009-2012 VGIN Orthophotography Flight Area Outlines</resdesc>
		<distliab>none</distliab>
		<stdorder>
			<digform>
				<digtinfo>
					<transize Sync="TRUE">1.130</transize><dssize Sync="TRUE">1.130</dssize></digtinfo>
				<digtopt>
					<onlinopt>
						<computer>
							<networka>
							</networka>
						</computer>
					</onlinopt>
				</digtopt>
			</digform>
			<fees>none</fees>
		</stdorder>
	</distinfo>
	<metainfo>
		<metd Sync="TRUE">20081210</metd>
		<metc>
			<cntinfo>
				<cntperp>
					<cntper>Stuart Blankenship</cntper>
					<cntorg>VGIN</cntorg>
				</cntperp>
				<cntaddr>
					<addrtype>mailing and physical address</addrtype>
					<address>11751 Meadowville Lane</address>
					<city>Chester</city>
					<state>Virginia</state>
					<postal>23836</postal>
					<country>USA</country>
				</cntaddr>
				<cntvoice>804 416 6208</cntvoice>
				<cntemail>stuart.blankenship@vita.virginia.gov</cntemail>
			</cntinfo>
		</metc>
		<metstdn Sync="TRUE">FGDC Content Standards for Digital Geospatial Metadata</metstdn>
		<metstdv Sync="TRUE">FGDC-STD-001-1998</metstdv>
		<metac>none</metac>
		<langmeta Sync="TRUE">en</langmeta><mettc Sync="TRUE">local time</mettc><metextns><onlink Sync="TRUE">http://www.esri.com/metadata/esriprof80.html</onlink><metprof Sync="TRUE">ESRI Metadata Profile</metprof></metextns></metainfo>
	<Esri><CreaDate>20081210</CreaDate><CreaTime>13481900</CreaTime><SyncOnce>FALSE</SyncOnce><SyncDate>20081210</SyncDate><SyncTime>14023900</SyncTime><ModDate>20081210</ModDate><ModTime>14292700</ModTime><DataProperties><lineage><Process Name="FeatureClassToFeatureClass_1" ToolSource="C:\Program Files\ArcGIS\ArcToolbox\Toolboxes\Conversion Tools.tbx\FeatureClassToFeatureClass" Date="20070416" Time="113104">FeatureClassToFeatureClass F:\VGIN\1-VBMP-imagery\VBMP2009\Planning\Flight_Areas\county_boundaries.shp F:\VGIN\1-VBMP-imagery\VBMP2009\Planning\Flight_Areas\flight_areas.mdb county_boundaries # "OBJECTID OBJECTID true false false 10 Double 0 10 ,First,#,F:\VGIN\1-VBMP-imagery\VBMP2009\Planning\Flight_Areas\county_boundaries.shp,OBJECTID,-1,-1;NAME NAME true false false 128 Text 0 0 ,First,#,F:\VGIN\1-VBMP-imagery\VBMP2009\Planning\Flight_Areas\county_boundaries.shp,NAME,-1,-1;CFIPS CFIPS true false false 5 Text 0 0 ,First,#,F:\VGIN\1-VBMP-imagery\VBMP2009\Planning\Flight_Areas\county_boundaries.shp,CFIPS,-1,-1;CFIPS_NUM CFIPS_NUM true false false 10 Double 0 10 ,First,#,F:\VGIN\1-VBMP-imagery\VBMP2009\Planning\Flight_Areas\county_boundaries.shp,CFIPS_NUM,-1,-1;PDC PDC true false false 5 Long 0 5 ,First,#,F:\VGIN\1-VBMP-imagery\VBMP2009\Planning\Flight_Areas\county_boundaries.shp,PDC,-1,-1;DEQ DEQ true false false 5 Long 0 5 ,First,#,F:\VGIN\1-VBMP-imagery\VBMP2009\Planning\Flight_Areas\county_boundaries.shp,DEQ,-1,-1;PDCNAME PDCNAME true false false 50 Text 0 0 ,First,#,F:\VGIN\1-VBMP-imagery\VBMP2009\Planning\Flight_Areas\county_boundaries.shp,PDCNAME,-1,-1;SWCD SWCD true false false 5 Long 0 5 ,First,#,F:\VGIN\1-VBMP-imagery\VBMP2009\Planning\Flight_Areas\county_boundaries.shp,SWCD,-1,-1;TECH_COUNC TECH_COUNC true false false 60 Text 0 0 ,First,#,F:\VGIN\1-VBMP-imagery\VBMP2009\Planning\Flight_Areas\county_boundaries.shp,TECH_COUNC,-1,-1;REG_ECDEV REG_ECDEV true false false 60 Text 0 0 ,First,#,F:\VGIN\1-VBMP-imagery\VBMP2009\Planning\Flight_Areas\county_boundaries.shp,REG_ECDEV,-1,-1;COMM_COLL_ COMM_COLL_ true false false 60 Text 0 0 ,First,#,F:\VGIN\1-VBMP-imagery\VBMP2009\Planning\Flight_Areas\county_boundaries.shp,COMM_COLL_,-1,-1;TOBACCO TOBACCO true false false 5 Long 0 5 ,First,#,F:\VGIN\1-VBMP-imagery\VBMP2009\Planning\Flight_Areas\county_boundaries.shp,TOBACCO,-1,-1;METROSA METROSA true false false 50 Text 0 0 ,First,#,F:\VGIN\1-VBMP-imagery\VBMP2009\Planning\Flight_Areas\county_boundaries.shp,METROSA,-1,-1;MICROSA MICROSA true false false 50 Text 0 0 ,First,#,F:\VGIN\1-VBMP-imagery\VBMP2009\Planning\Flight_Areas\county_boundaries.shp,MICROSA,-1,-1;SHAPE_area SHAPE_area true false false 19 Double 0 0 ,First,#,F:\VGIN\1-VBMP-imagery\VBMP2009\Planning\Flight_Areas\county_boundaries.shp,SHAPE_area,-1,-1;SHAPE_len SHAPE_len true false false 19 Double 0 0 ,First,#,F:\VGIN\1-VBMP-imagery\VBMP2009\Planning\Flight_Areas\county_boundaries.shp,SHAPE_len,-1,-1;Lyle Lyle true false false 4 Short 0 4 ,First,#,F:\VGIN\1-VBMP-imagery\VBMP2009\Planning\Flight_Areas\county_boundaries.shp,Lyle,-1,-1;Flight Flight true false false 4 Short 0 4 ,First,#,F:\VGIN\1-VBMP-imagery\VBMP2009\Planning\Flight_Areas\county_boundaries.shp,2009Flight,-1,-1" # F:\VGIN\1-VBMP-imagery\VBMP2009\Planning\Flight_Areas\flight_areas.mdb\county_boundaries</Process><Process Name="Dissolve_2" ToolSource="C:\Program Files\ArcGIS\ArcToolbox\Toolboxes\Data Management Tools.tbx\Dissolve" Date="20070417" Time="145304">Dissolve PDCs F:\VGIN\1-VBMP-imagery\VBMP2009\Planning\Flight_Areas\flight_areas.mdb\pdc_boundaries PDCNAME "PDC FIRST" MULTI_PART</Process><Process Name="Merge_1" ToolSource="C:\Program Files\ArcGIS\ArcToolbox\Toolboxes\Data Management Tools.tbx\Merge" Date="20080527" Time="114648">Merge 'New Group Layer\East Zone - 1 Foot Resolution';'New Group Layer\West Zone - No Flights' "L:\ISP Division\Projects\Imagery\2009_Planning\RFP_Data\RFP_Data.mdb\flight_area_outlines" "PDCNAME PDCNAME true true false 50 Text 0 0 ,First,#,New Group Layer\East Zone - 1 Foot Resolution,PDCNAME,-1,-1,New Group Layer\West Zone - No Flights,PDCNAME,-1,-1;FIRST_PDC FIRST_PDC true true false 4 Long 0 0 ,First,#,New Group Layer\East Zone - 1 Foot Resolution,FIRST_PDC,-1,-1,New Group Layer\West Zone - No Flights,FIRST_PDC,-1,-1;RuleID RuleID true true false 4 Long 0 0 ,First,#,New Group Layer\East Zone - 1 Foot Resolution,RuleID,-1,-1,New Group Layer\West Zone - No Flights,RuleID,-1,-1;Shape_Length Shape_Length false true true 8 Double 0 0 ,First,#,New Group Layer\East Zone - 1 Foot Resolution,Shape_Length,-1,-1,New Group Layer\West Zone - No Flights,Shape_Length,-1,-1;Shape_Area Shape_Area false true true 8 Double 0 0 ,First,#,New Group Layer\East Zone - 1 Foot Resolution,Shape_Area,-1,-1,New Group Layer\West Zone - No Flights,Shape_Area,-1,-1"</Process></lineage></DataProperties><MetaID>{9A8C1CB1-8047-4DCD-B36E-9703C02F1FE1}</MetaID><Sync>FALSE</Sync></Esri><dataIdInfo><envirDesc Sync="TRUE">Microsoft Windows XP Version 5.1 (Build 2600) Service Pack 2; ESRI ArcCatalog 9.2.1.1332</envirDesc><dataLang><languageCode Sync="TRUE" value="en"></languageCode></dataLang><idCitation><resTitle Sync="TRUE">pdc_boundaries</resTitle><presForm><PresFormCd Sync="TRUE" value="005"></PresFormCd></presForm></idCitation><spatRpType><SpatRepTypCd Sync="TRUE" value="001"></SpatRepTypCd></spatRpType><dataExt><geoEle><GeoBndBox esriExtentType="native"><westBL Sync="TRUE">-373533.6</westBL><eastBL Sync="TRUE">379400</eastBL><northBL Sync="TRUE">385287.8</northBL><southBL Sync="TRUE">60037.6</southBL><exTypeCode Sync="TRUE">1</exTypeCode></GeoBndBox></geoEle></dataExt><geoBox esriExtentType="decdegrees"><westBL Sync="TRUE">-83.83783</westBL><eastBL Sync="TRUE">-75.094146</eastBL><northBL Sync="TRUE">39.471481</northBL><southBL Sync="TRUE">36.462665</southBL><exTypeCode Sync="TRUE">1</exTypeCode></geoBox></dataIdInfo><mdLang><languageCode Sync="TRUE" value="en"></languageCode></mdLang><mdStanName Sync="TRUE">ISO 19115 Geographic Information - Metadata</mdStanName><mdStanVer Sync="TRUE">DIS_ESRI1.0</mdStanVer><mdChar><CharSetCd Sync="TRUE" value="004"></CharSetCd></mdChar><mdHrLv><ScopeCd Sync="TRUE" value="005"></ScopeCd></mdHrLv><mdHrLvName Sync="TRUE">dataset</mdHrLvName><distInfo><distributor><distorTran><onLineSrc><orDesc Sync="TRUE">002</orDesc><linkage Sync="TRUE">file://\\cov-rpb-nas002\vgin\VGIN\1-VBMP-imagery\VBMP2009\Planning\Flight_Areas\flight_areas.mdb</linkage><protocol Sync="TRUE">Local Area Network</protocol></onLineSrc></distorTran><distorFormat><formatName Sync="TRUE">Personal GeoDatabase Feature Class</formatName></distorFormat></distributor></distInfo><refSysInfo><RefSystem><refSysID><identCode Sync="TRUE">Lambert_Conformal_Conic_Virginia</identCode></refSysID></RefSystem></refSysInfo><spatRepInfo><VectSpatRep><topLvl><TopoLevCd Sync="TRUE" value="001"></TopoLevCd></topLvl><geometObjs Name="pdc_boundaries"><geoObjTyp><GeoObjTypCd Sync="TRUE" value="001"></GeoObjTypCd></geoObjTyp><geoObjCnt Sync="TRUE">0</geoObjCnt></geometObjs></VectSpatRep></spatRepInfo><mdDateSt Sync="TRUE">20070417</mdDateSt></metadata>
