{
"type": "FeatureCollection",
"features": [
{ "type": "Feature", "properties": { "COUNTY": "Tazewell", "WATER": "Lake Witten", "Designatio": "PNT", "Notes": "", "BrookTrout": "", "RainbowTrt": "80%", "BrownTrout": "20%", "Category": "A", "Heritage": "Y", "NatForest": "" }, "geometry": { "type": "Point", "coordinates": [ 454891.215646, 4113715.931133 ] } }
,
{ "type": "Feature", "properties": { "COUNTY": "Tazewell", "WATER": "Lincolnshire Lake", "Designatio": "PNT", "Notes": "", "BrookTrout": "", "RainbowTrt": "80%", "BrownTrout": "20%", "Category": "A", "Heritage": "Y", "NatForest": "" }, "geometry": { "type": "Point", "coordinates": [ 455727.145622, 4110175.887185 ] } }
,
{ "type": "Feature", "properties": { "COUNTY": "Washington", "WATER": "Beartree Lake", "Designatio": "PNT", "Notes": "", "BrookTrout": "", "RainbowTrt": "100%", "BrownTrout": "", "Category": "A", "Heritage": "Y", "NatForest": "Y" }, "geometry": { "type": "Point", "coordinates": [ 438351.060544, 4056876.364325 ] } }
,
{ "type": "Feature", "properties": { "COUNTY": "Scott", "WATER": "Bark Camp Lake", "Designatio": "PNT", "Notes": "", "BrookTrout": "", "RainbowTrt": "Y", "BrownTrout": "Y", "Category": "A", "Heritage": "Y", "NatForest": "Y" }, "geometry": { "type": "Point", "coordinates": [ 364360.795925, 4081205.405780 ] } }
,
{ "type": "Feature", "properties": { "COUNTY": "Grayson", "WATER": "Hales Lake", "Designatio": "PNT", "Notes": "", "BrookTrout": "", "RainbowTrt": "90%", "BrownTrout": "10%", "Category": "A", "Heritage": "", "NatForest": "Y" }, "geometry": { "type": "Point", "coordinates": [ 477651.866699, 4068404.489769 ] } }
,
{ "type": "Feature", "properties": { "COUNTY": "Albemarle", "WATER": "Mint Springs Lake (Upper)", "Designatio": "PNT", "Notes": "", "BrookTrout": "Y", "RainbowTrt": "Y", "BrownTrout": "Y", "Category": "A", "Heritage": "", "NatForest": "" }, "geometry": { "type": "Point", "coordinates": [ 699088.004521, 4217483.920782 ] } }
,
{ "type": "Feature", "properties": { "COUNTY": "Albemarle", "WATER": "Mint Springs Lake (Middle)", "Designatio": "PNT", "Notes": "", "BrookTrout": "Y", "RainbowTrt": "Y", "BrownTrout": "Y", "Category": "A", "Heritage": "", "NatForest": "" }, "geometry": { "type": "Point", "coordinates": [ 699326.220641, 4217562.542488 ] } }
,
{ "type": "Feature", "properties": { "COUNTY": "Albemarle", "WATER": "Sugar Hollow Reservoir", "Designatio": "PNT", "Notes": "", "BrookTrout": "Y", "RainbowTrt": "Y", "BrownTrout": "", "Category": "A", "Heritage": "", "NatForest": "" }, "geometry": { "type": "Point", "coordinates": [ 698159.166314, 4223435.565690 ] } }
,
{ "type": "Feature", "properties": { "COUNTY": "Alexandria City", "WATER": "Cook Lake", "Designatio": "U", "Notes": "", "BrookTrout": "", "RainbowTrt": "Y", "BrownTrout": "Y", "Category": "U", "Heritage": "", "NatForest": "" }, "geometry": { "type": "Point", "coordinates": [ 838855.221878, 4302346.282625 ] } }
,
{ "type": "Feature", "properties": { "COUNTY": "Chesapeake", "WATER": "Northwest River Park", "Designatio": "U", "Notes": "", "BrookTrout": "", "RainbowTrt": "Y", "BrownTrout": "Y", "Category": "U", "Heritage": "", "NatForest": "" }, "geometry": { "type": "Point", "coordinates": [ 933759.228786, 4059658.841945 ] } }
,
{ "type": "Feature", "properties": { "COUNTY": "Fauquier", "WATER": "Lake Thompson", "Designatio": "PNT", "Notes": "Thompson WMA Pond", "BrookTrout": "M", "RainbowTrt": "Y", "BrownTrout": "Y", "Category": "A", "Heritage": "", "NatForest": "" }, "geometry": { "type": "Point", "coordinates": [ 760651.207874, 4316211.963276 ] } }
,
{ "type": "Feature", "properties": { "COUNTY": "Fredericksburg", "WATER": "Old Cossey Pond", "Designatio": "U", "Notes": "", "BrookTrout": "", "RainbowTrt": "Y", "BrownTrout": "Y", "Category": "U", "Heritage": "", "NatForest": "" }, "geometry": { "type": "Point", "coordinates": [ 808441.887759, 4245876.582617 ] } }
,
{ "type": "Feature", "properties": { "COUNTY": "Henrico", "WATER": "Dorey Park Lake", "Designatio": "U", "Notes": "", "BrookTrout": "", "RainbowTrt": "Y", "BrownTrout": "Y", "Category": "U", "Heritage": "", "NatForest": "" }, "geometry": { "type": "Point", "coordinates": [ 823735.245448, 4152097.232172 ] } }
,
{ "type": "Feature", "properties": { "COUNTY": "Newport News", "WATER": "Lake Biggins", "Designatio": "U", "Notes": "", "BrookTrout": "", "RainbowTrt": "Y", "BrownTrout": "Y", "Category": "U", "Heritage": "", "NatForest": "" }, "geometry": { "type": "Point", "coordinates": [ 904376.907258, 4106643.696804 ] } }
,
{ "type": "Feature", "properties": { "COUNTY": "Richmond City", "WATER": "Shield Lake", "Designatio": "U", "Notes": "", "BrookTrout": "", "RainbowTrt": "Y", "BrownTrout": "Y", "Category": "U", "Heritage": "", "NatForest": "" }, "geometry": { "type": "Point", "coordinates": [ 811476.978914, 4160660.006043 ] } }
,
{ "type": "Feature", "properties": { "COUNTY": "Frederick", "WATER": "Winchester Lake", "Designatio": "PNT", "Notes": "", "BrookTrout": "", "RainbowTrt": "Y", "BrownTrout": "", "Category": "A", "Heritage": "", "NatForest": "" }, "geometry": { "type": "Point", "coordinates": [ 745240.184961, 4339250.364811 ] } }
,
{ "type": "Feature", "properties": { "COUNTY": "Frederick", "WATER": "Clearbrook Lake", "Designatio": "PNT", "Notes": "Frederick County Parks and Recreation", "BrookTrout": "", "RainbowTrt": "Y", "BrownTrout": "", "Category": "A", "Heritage": "", "NatForest": "" }, "geometry": { "type": "Point", "coordinates": [ 750720.973503, 4349043.980953 ] } }
,
{ "type": "Feature", "properties": { "COUNTY": "Shenandoah", "WATER": "Tomahawk Pond", "Designatio": "PNT", "Notes": "", "BrookTrout": "", "RainbowTrt": "Y", "BrownTrout": "", "Category": "B", "Heritage": "", "NatForest": "Y" }, "geometry": { "type": "Point", "coordinates": [ 687557.961852, 4292231.368386 ] } }
,
{ "type": "Feature", "properties": { "COUNTY": "Rockingham", "WATER": "Briery Branch Lake", "Designatio": "PNT", "Notes": "", "BrookTrout": "", "RainbowTrt": "Y", "BrownTrout": "", "Category": "A", "Heritage": "", "NatForest": "Y" }, "geometry": { "type": "Point", "coordinates": [ 660538.587118, 4257452.012438 ] } }
,
{ "type": "Feature", "properties": { "COUNTY": "Rockingham", "WATER": "Silver Lake", "Designatio": "PNT", "Notes": "", "BrookTrout": "", "RainbowTrt": "Y", "BrownTrout": "", "Category": "B", "Heritage": "", "NatForest": "" }, "geometry": { "type": "Point", "coordinates": [ 679816.303341, 4254775.666964 ] } }
,
{ "type": "Feature", "properties": { "COUNTY": "Rockingham", "WATER": "Slate Lick Lake", "Designatio": "PNT", "Notes": "Walk in.", "BrookTrout": "Y", "RainbowTrt": "", "BrownTrout": "", "Category": "B", "Heritage": "", "NatForest": "Y" }, "geometry": { "type": "Point", "coordinates": [ 676656.421552, 4275348.565574 ] } }
,
{ "type": "Feature", "properties": { "COUNTY": "Rockingham", "WATER": "Hone Quarry Lake", "Designatio": "PNT", "Notes": "", "BrookTrout": "", "RainbowTrt": "Y", "BrownTrout": "", "Category": "A", "Heritage": "", "NatForest": "Y" }, "geometry": { "type": "Point", "coordinates": [ 661890.174345, 4259817.927308 ] } }
,
{ "type": "Feature", "properties": { "COUNTY": "Rockingham", "WATER": "NF Shenandoah River (Ruritan Park)", "Designatio": "PNT", "Notes": "Single stocking location.", "BrookTrout": "Y", "RainbowTrt": "Y", "BrownTrout": "Y", "Category": "B", "Heritage": "", "NatForest": "" }, "geometry": { "type": "Point", "coordinates": [ 682367.626283, 4280392.284955 ] } }
,
{ "type": "Feature", "properties": { "COUNTY": "Bedford", "WATER": "Liberty Lake", "Designatio": "PNT", "Notes": "", "BrookTrout": "", "RainbowTrt": "Y", "BrownTrout": "", "Category": "A", "Heritage": "Y", "NatForest": "" }, "geometry": { "type": "Point", "coordinates": [ 629999.126107, 4130891.058806 ] } }
,
{ "type": "Feature", "properties": { "COUNTY": "Prince William", "WATER": "Locust Shade Park", "Designatio": "U", "Notes": "", "BrookTrout": "", "RainbowTrt": "Y", "BrownTrout": "Y", "Category": "U", "Heritage": "", "NatForest": "" }, "geometry": { "type": "Point", "coordinates": [ 818461.317320, 4271797.542753 ] } }
,
{ "type": "Feature", "properties": { "COUNTY": "Alleghany", "WATER": "Clifton Forge Reservoir", "Designatio": "PNT", "Notes": "", "BrookTrout": "Y", "RainbowTrt": "Y", "BrownTrout": "Y", "Category": "A", "Heritage": "", "NatForest": "Y" }, "geometry": { "type": "Point", "coordinates": [ 601948.217388, 4189887.512786 ] } }
,
{ "type": "Feature", "properties": { "COUNTY": "Augusta", "WATER": "Braley Pond", "Designatio": "PNT", "Notes": "", "BrookTrout": "", "RainbowTrt": "Y", "BrownTrout": "", "Category": "A", "Heritage": "", "NatForest": "Y" }, "geometry": { "type": "Point", "coordinates": [ 648443.065535, 4239011.845345 ] } }
,
{ "type": "Feature", "properties": { "COUNTY": "Augusta", "WATER": "Hearthstone Lake", "Designatio": "PNT", "Notes": "", "BrookTrout": "", "RainbowTrt": "Y", "BrownTrout": "", "Category": "A", "Heritage": "", "NatForest": "Y" }, "geometry": { "type": "Point", "coordinates": [ 660358.928991, 4251308.874206 ] } }
,
{ "type": "Feature", "properties": { "COUNTY": "Augusta", "WATER": "Elkhorn Lake", "Designatio": "PNT", "Notes": "", "BrookTrout": "", "RainbowTrt": "Y", "BrownTrout": "", "Category": "A", "Heritage": "", "NatForest": "Y" }, "geometry": { "type": "Point", "coordinates": [ 654537.323251, 4243847.562832 ] } }
,
{ "type": "Feature", "properties": { "COUNTY": "Augusta", "WATER": "Upper Sherando Lake", "Designatio": "PNT", "Notes": "", "BrookTrout": "Y", "RainbowTrt": "Y", "BrownTrout": "", "Category": "B", "Heritage": "", "NatForest": "Y" }, "geometry": { "type": "Point", "coordinates": [ 674189.784952, 4198595.147558 ] } }
,
{ "type": "Feature", "properties": { "COUNTY": "Augusta", "WATER": "Lower Sherando Lake", "Designatio": "PNT", "Notes": "", "BrookTrout": "Y", "RainbowTrt": "Y", "BrownTrout": "", "Category": "A", "Heritage": "", "NatForest": "Y" }, "geometry": { "type": "Point", "coordinates": [ 675488.225768, 4199519.331972 ] } }
,
{ "type": "Feature", "properties": { "COUNTY": "Bath", "WATER": "Douthat Lake", "Designatio": "FF", "Notes": "", "BrookTrout": "Y", "RainbowTrt": "Y", "BrownTrout": "Y", "Category": "FF", "Heritage": "Y", "NatForest": "" }, "geometry": { "type": "Point", "coordinates": [ 605824.840556, 4196396.329842 ] } }
,
{ "type": "Feature", "properties": { "COUNTY": "Carroll", "WATER": "EF Little Reed Island Creek", "Designatio": "PNT", "Notes": "Single bridge stocking location.", "BrookTrout": "", "RainbowTrt": "Y", "BrownTrout": "Y", "Category": "A", "Heritage": "", "NatForest": "" }, "geometry": { "type": "Point", "coordinates": [ 524066.257802, 4062243.325096 ] } }
,
{ "type": "Feature", "properties": { "COUNTY": "Wythe", "WATER": "Gullion Fork Ponds", "Designatio": "PNT", "Notes": "", "BrookTrout": "", "RainbowTrt": "Y", "BrownTrout": "", "Category": "B", "Heritage": "", "NatForest": "Y" }, "geometry": { "type": "Point", "coordinates": [ 477475.272214, 4096449.609554 ] } }
,
{ "type": "Feature", "properties": { "COUNTY": "Wythe", "WATER": "Gullion Fork Ponds", "Designatio": "PNT", "Notes": "", "BrookTrout": "", "RainbowTrt": "Y", "BrownTrout": "", "Category": "B", "Heritage": "", "NatForest": "Y" }, "geometry": { "type": "Point", "coordinates": [ 477463.396429, 4096545.447186 ] } }
,
{ "type": "Feature", "properties": { "COUNTY": "Wythe", "WATER": "Rural Retreat Pond", "Designatio": "PNT", "Notes": "", "BrookTrout": "", "RainbowTrt": "Y", "BrownTrout": "", "Category": "A", "Heritage": "", "NatForest": "" }, "geometry": { "type": "Point", "coordinates": [ 474142.528889, 4079753.079596 ] } }
,
{ "type": "Feature", "properties": { "COUNTY": "Montgomery", "WATER": "Pandapas Pond", "Designatio": "PNT", "Notes": "", "BrookTrout": "", "RainbowTrt": "Y", "BrownTrout": "", "Category": "A", "Heritage": "", "NatForest": "Y" }, "geometry": { "type": "Point", "coordinates": [ 547138.297600, 4126209.744438 ] } }
,
{ "type": "Feature", "properties": { "COUNTY": "Bath", "WATER": "Lake Moomaw", "Designatio": "SR", "Notes": "2 Fish 16\".", "BrookTrout": "", "RainbowTrt": "Y", "BrownTrout": "Y", "Category": "SR", "Heritage": "", "NatForest": "" }, "geometry": { "type": "Point", "coordinates": [ 590060.208990, 4200654.583175 ] } }
,
{ "type": "Feature", "properties": { "COUNTY": "Rockingham", "WATER": "Skidmore Reservoir", "Designatio": "SR", "Notes": "10\" Minimum.", "BrookTrout": "Y", "RainbowTrt": "", "BrownTrout": "", "Category": "SR", "Heritage": "", "NatForest": "Y" }, "geometry": { "type": "Point", "coordinates": [ 661750.686143, 4270600.483431 ] } }
,
{ "type": "Feature", "properties": { "COUNTY": "Staunton City", "WATER": "Lake Tams", "Designatio": "PNT", "Notes": "", "BrookTrout": "", "RainbowTrt": "Y", "BrownTrout": "", "Category": "B", "Heritage": "", "NatForest": "" }, "geometry": { "type": "Point", "coordinates": [ 668013.674471, 4225131.087174 ] } }
,
{ "type": "Feature", "properties": { "COUNTY": "Washington", "WATER": "South Holston Reservoir", "Designatio": "SR", "Notes": "7 per day limit.  2 Lake Trout maximum. No minimum size.", "BrookTrout": "", "RainbowTrt": "Y", "BrownTrout": "Y", "Category": "SR", "Heritage": "", "NatForest": "" }, "geometry": { "type": "Point", "coordinates": [ 409613.577017, 4050570.874970 ] } }
,
{ "type": "Feature", "properties": { "COUNTY": "Lynchburg", "WATER": "Ivy Creek Park", "Designatio": "U", "Notes": "", "BrookTrout": "", "RainbowTrt": "Y", "BrownTrout": "", "Category": "U", "Heritage": "", "NatForest": "" }, "geometry": { "type": "Point", "coordinates": [ 656310.939531, 4141271.739297 ] } }

]
}
