<?xml version="1.0"?>
<!--<!DOCTYPE metadata SYSTEM "http://www.esri.com/metadata/esriprof80.dtd">-->
<metadata xml:lang="en"><Esri><CreaDate>20100105</CreaDate><CreaTime>15000800</CreaTime><SyncOnce>FALSE</SyncOnce><SyncDate>20090928</SyncDate><SyncTime>09444100</SyncTime><ModDate>20090928</ModDate><ModTime>09444100</ModTime><DataProperties><lineage><Process Name="Merge_1" ToolSource="C:\Program Files\ArcGIS\ArcToolbox\Toolboxes\Data Management Tools.tbx\Merge" Date="20090526" Time="113311">Merge Albemarle_Palmico;Barnegat_Bay;Barrataria_Terrabone;'Buzzards Bay';Casco_Bay;'Charlotte Harbor';Coastal_Bend_Bays;'Piscataqua Region Estuaries';Delaware_Estuary;Delaware_Inland;Galveston_Bay;Indian_River;Long_Island_Sound;Lower_Columbia;Maryland_Coastal;Massachusetts_Bay;Mobile_Bay;Morro_Bay;Narragasent_Bay;New_York_Jersey;Peconic_Estuary;PugetSoundAA;San_Fran;San_Juan_Bay;Santa_Monica;Sarasota_Bay;Tampa_Bay;Tillamook_Estuaries "I:\MB7\Data Library\GIS Files\Shapefile_Data\NEP_National_Estuarine_Program\NEP Shape FIles_04_2009\nep_watersheds.shp" "NEP_ID NEP_ID true false false 6 Text 0 0 ,First,#,Albemarle_Palmico,NEP_ID,-1,-1,Barnegat_Bay,NEP_ID,-1,-1,Barrataria_Terrabone,NEP_ID,-1,-1,Casco_Bay,NEP_ID,-1,-1,Coastal_Bend_Bays,NEP_ID,-1,-1,Delaware_Estuary,NEP_ID,-1,-1,Delaware_Inland,NEP_ID,-1,-1,Galveston_Bay,NEP_ID,-1,-1,Indian_River,NEP_ID,-1,-1,Long_Island_Sound,NEP_ID,-1,-1,Lower_Columbia,NEP_ID,-1,-1,Maryland_Coastal,NEP_ID,-1,-1,Massachusetts_Bay,NEP_ID,-1,-1,Mobile_Bay,NEP_ID,-1,-1,Morro_Bay,NEP_ID,-1,-1,Narragasent_Bay,NEP_ID,-1,-1,New_York_Jersey,NEP_ID,-1,-1,Peconic_Estuary,NEP_ID,-1,-1,San_Fran,NEP_ID,-1,-1,San_Juan_Bay,NEP_ID,-1,-1,Santa_Monica,NEP_ID,-1,-1,Sarasota_Bay,NEP_ID,-1,-1,Tampa_Bay,NEP_ID,-1,-1,Tillamook_Estuaries,NEP_ID,-1,-1;NEP_NAME NEP_NAME true false false 55 Text 0 0 ,First,#,Albemarle_Palmico,NEP_NAME,-1,-1,Barnegat_Bay,NEP_NAME,-1,-1,Barrataria_Terrabone,NEP_NAME,-1,-1,Buzzards Bay,NEP_NAME,-1,-1,Casco_Bay,NEP_NAME,-1,-1,Charlotte Harbor,NEP_NAME,-1,-1,Coastal_Bend_Bays,NEP_NAME,-1,-1,Piscataqua Region Estuaries,NEP_NAME,-1,-1,Delaware_Estuary,NEP_NAME,-1,-1,Delaware_Inland,NEP_NAME,-1,-1,Galveston_Bay,NEP_NAME,-1,-1,Indian_River,NEP_NAME,-1,-1,Long_Island_Sound,NEP_NAME,-1,-1,Lower_Columbia,NEP_NAME,-1,-1,Maryland_Coastal,NEP_NAME,-1,-1,Massachusetts_Bay,NEP_NAME,-1,-1,Mobile_Bay,NEP_NAME,-1,-1,Morro_Bay,NEP_NAME,-1,-1,Narragasent_Bay,NEP_NAME,-1,-1,New_York_Jersey,NEP_NAME,-1,-1,Peconic_Estuary,NEP_NAME,-1,-1,PugetSoundAA,NEP_NAME,-1,-1,San_Fran,NEP_NAME,-1,-1,San_Juan_Bay,NEP_NAME,-1,-1,Santa_Monica,NEP_NAME,-1,-1,Sarasota_Bay,NEP_NAME,-1,-1,Tampa_Bay,NEP_NAME,-1,-1,Tillamook_Estuaries,NEP_NAME,-1,-1;YEAR_DESIG YEAR_DESIG true false false 10 Text 0 0 ,First,#,Albemarle_Palmico,YEAR_DESIG,-1,-1,Barnegat_Bay,YEAR_DESIG,-1,-1,Barrataria_Terrabone,YEAR_DESIG,-1,-1,Casco_Bay,YEAR_DESIG,-1,-1,Coastal_Bend_Bays,YEAR_DESIG,-1,-1,Delaware_Estuary,YEAR_DESIG,-1,-1,Delaware_Inland,YEAR_DESIG,-1,-1,Galveston_Bay,YEAR_DESIG,-1,-1,Indian_River,YEAR_DESIG,-1,-1,Long_Island_Sound,YEAR_DESIG,-1,-1,Lower_Columbia,YEAR_DESIG,-1,-1,Maryland_Coastal,YEAR_DESIG,-1,-1,Mobile_Bay,YEAR_DESIG,-1,-1,Morro_Bay,YEAR_DESIG,-1,-1,Narragasent_Bay,YEAR_DESIG,-1,-1,New_York_Jersey,YEAR_DESIG,-1,-1,Peconic_Estuary,YEAR_DESIG,-1,-1,San_Fran,YEAR_DESIG,-1,-1,San_Juan_Bay,YEAR_DESIG,-1,-1,Santa_Monica,YEAR_DESIG,-1,-1,Sarasota_Bay,YEAR_DESIG,-1,-1,Tampa_Bay,YEAR_DESIG,-1,-1,Tillamook_Estuaries,YEAR_DESIG,-1,-1;ID ID true false false 8 Long 0 8 ,First,#,Buzzards Bay,ID,-1,-1,Piscataqua Region Estuaries,Id,-1,-1;AREA AREA true false false 19 Double 5 18 ,First,#,Charlotte Harbor,AREA,-1,-1,Piscataqua Region Estuaries,AREA,-1,-1;PERIMETER PERIMETER true false false 19 Double 5 18 ,First,#,Charlotte Harbor,PERIMETER,-1,-1,Piscataqua Region Estuaries,PERIMETER,-1,-1;NEWNEP_ NEWNEP_ true false false 11 Double 0 11 ,First,#,Charlotte Harbor,NEWNEP_,-1,-1;NEWNEP_ID NEWNEP_ID true false false 11 Double 0 11 ,First,#,Charlotte Harbor,NEWNEP_ID,-1,-1;Sq_mi Sq_mi true false false 19 Double 0 0 ,First,#,Charlotte Harbor,Sq_mi,-1,-1;ACRES ACRES true false false 19 Double 11 18 ,First,#,Piscataqua Region Estuaries,ACRES,-1,-1;HECTARES HECTARES true false false 19 Double 11 18 ,First,#,Piscataqua Region Estuaries,HECTARES,-1,-1;FIRST_NEP_ FIRST_NEP_ true false false 55 Text 0 0 ,First,#,Massachusetts_Bay,FIRST_NEP_,-1,-1;FIRST_YEAR FIRST_YEAR true false false 10 Text 0 0 ,First,#,Massachusetts_Bay,FIRST_YEAR,-1,-1;OBJECTID OBJECTID true false false 9 Long 0 9 ,First,#,PugetSoundAA,OBJECTID,-1,-1;NAME NAME true false false 50 Text 0 0 ,First,#,PugetSoundAA,NAME,-1,-1;Shape_Leng Shape_Leng true false false 19 Double 0 0 ,First,#,PugetSoundAA,Shape_Leng,-1,-1;Shape_Area Shape_Area true false false 19 Double 0 0 ,First,#,PugetSoundAA,Shape_Area,-1,-1"</Process><Process ToolSource="C:\Program Files\ArcGIS\ArcToolbox\Toolboxes\Data Management Tools.tbx\RepairGeometry" Date="20090922" Time="110121">RepairGeometry nep DELETE_NULL nep</Process><Process Name="Merge_2" ToolSource="C:\Program Files\ArcGIS\ArcToolbox\Toolboxes\Data Management Tools.tbx\Merge" Date="20090928" Time="094446">Merge San_Juan;'I:\MB7\Data Library\GIS Files\Shapefile_Data\NEP_National_Estuarine_Program\NEP Shape FIles_04_2009\nep_watersheds_from_caf.shp' "I:\MB7\Data Library\GIS Files\Shapefile_Data\NEP_National_Estuarine_Program\NEP Shape FIles_04_2009\nep_watersheds_from_caf2.shp" "OBJECTID_1 OBJECTID_1 true false false 9 Long 0 9 ,First,#,San_Juan,OBJECTID_1,-1,-1;NEP_ID NEP_ID true false false 6 Text 0 0 ,First,#,San_Juan,NEP_ID,-1,-1;NEP_NAME NEP_NAME true false false 55 Text 0 0 ,First,#,San_Juan,NEP_NAME,-1,-1,I:\MB7\Data Library\GIS Files\Shapefile_Data\NEP_National_Estuarine_Program\NEP Shape FIles_04_2009\nep_watersheds_from_caf.shp,NEP_NAME,-1,-1;YEAR_DESIG YEAR_DESIG true false false 10 Text 0 0 ,First,#,San_Juan,YEAR_DESIG,-1,-1;ID ID true false false 9 Long 0 9 ,First,#,San_Juan,ID,-1,-1;AREA AREA true false false 19 Double 0 0 ,First,#,San_Juan,AREA,-1,-1;PERIMETER PERIMETER true false false 19 Double 0 0 ,First,#,San_Juan,PERIMETER,-1,-1;NEWNEP_ NEWNEP_ true false false 19 Double 0 0 ,First,#,San_Juan,NEWNEP_,-1,-1;NEWNEP_ID NEWNEP_ID true false false 19 Double 0 0 ,First,#,San_Juan,NEWNEP_ID,-1,-1;Sq_mi Sq_mi true false false 19 Double 0 0 ,First,#,San_Juan,Sq_mi,-1,-1;ACRES ACRES true false false 19 Double 0 0 ,First,#,San_Juan,ACRES,-1,-1;HECTARES HECTARES true false false 19 Double 0 0 ,First,#,San_Juan,HECTARES,-1,-1;FIRST_NEP_ FIRST_NEP_ true false false 55 Text 0 0 ,First,#,San_Juan,FIRST_NEP_,-1,-1;FIRST_YEAR FIRST_YEAR true false false 10 Text 0 0 ,First,#,San_Juan,FIRST_YEAR,-1,-1;OBJECTID OBJECTID true false false 9 Long 0 9 ,First,#,San_Juan,OBJECTID,-1,-1;NAME NAME true false false 50 Text 0 0 ,First,#,San_Juan,NAME,-1,-1;Shape_Leng Shape_Leng true false false 19 Double 0 0 ,First,#,San_Juan,Shape_Leng,-1,-1;Shape_Le_1 Shape_Le_1 true false false 19 Double 0 0 ,First,#,San_Juan,Shape_Le_1,-1,-1;Shape_Area Shape_Area true false false 19 Double 0 0 ,First,#,San_Juan,Shape_Area,-1,-1;sqmi2000 sqmi2000 true false false 19 Double 8 18 ,First,#,San_Juan,sqmi2000,-1,-1,I:\MB7\Data Library\GIS Files\Shapefile_Data\NEP_National_Estuarine_Program\NEP Shape FIles_04_2009\nep_watersheds_from_caf.shp,sqmi2000,-1,-1;COUNT COUNT true false false 11 Double 0 11 ,First,#,I:\MB7\Data Library\GIS Files\Shapefile_Data\NEP_National_Estuarine_Program\NEP Shape FIles_04_2009\nep_watersheds_from_caf.shp,COUNT,-1,-1"</Process></lineage></DataProperties><MetaID>{5C4A953A-75D6-49F4-9C5C-DEC9BE653A28}</MetaID></Esri><idinfo><native Sync="TRUE">Microsoft Windows XP Version 5.1 (Build 2600) Service Pack 3; ESRI ArcCatalog 9.2.5.1450</native><descript><langdata Sync="TRUE">en</langdata><abstract>REQUIRED: A brief narrative summary of the data set.</abstract><purpose>REQUIRED: A summary of the intentions with which the data set was developed.</purpose></descript><citation><citeinfo><origin>REQUIRED: The name of an organization or individual that developed the data set.</origin><pubdate>REQUIRED: The date when the data set is published or otherwise made available for release.</pubdate><title Sync="TRUE">nep_watersheds_from_caf2</title><ftname Sync="TRUE">nep_watersheds_from_caf2</ftname><geoform Sync="TRUE">vector digital data</geoform><onlink Sync="TRUE"></onlink></citeinfo></citation><timeperd><current>REQUIRED: The basis on which the time period of content information is determined.</current><timeinfo><sngdate><caldate>REQUIRED: The year (and optionally month, or month and day) for which the data set corresponds to the ground.</caldate></sngdate></timeinfo></timeperd><status><progress>REQUIRED: The state of the data set.</progress><update>REQUIRED: The frequency with which changes and additions are made to the data set after the initial data set is completed.</update></status><spdom><bounding><westbc Sync="TRUE">-124.741058</westbc><eastbc Sync="TRUE">-65.878129</eastbc><northbc Sync="TRUE">48.999443</northbc><southbc Sync="TRUE">18.313831</southbc></bounding><lboundng><leftbc Sync="TRUE">-124.741058</leftbc><rightbc Sync="TRUE">-65.878129</rightbc><bottombc Sync="TRUE">18.313831</bottombc><topbc Sync="TRUE">48.999443</topbc></lboundng></spdom><keywords><theme><themekt>REQUIRED: Reference to a formally registered thesaurus or a similar authoritative source of theme keywords.</themekt><themekey>REQUIRED: Common-use word or phrase used to describe the subject of the data set.</themekey></theme></keywords><accconst>REQUIRED: Restrictions and legal prerequisites for accessing the data set.</accconst><useconst>REQUIRED: Restrictions and legal prerequisites for using the data set after access is granted.</useconst><natvform Sync="TRUE">Shapefile</natvform></idinfo><dataIdInfo><envirDesc Sync="TRUE">Microsoft Windows XP Version 5.1 (Build 2600) Service Pack 3; ESRI ArcCatalog 9.2.5.1450</envirDesc><dataLang><languageCode Sync="TRUE" value="en"></languageCode></dataLang><idCitation><resTitle Sync="TRUE">nep_watersheds_from_caf2</resTitle><presForm><PresFormCd Sync="TRUE" value="005"></PresFormCd></presForm></idCitation><spatRpType><SpatRepTypCd Sync="TRUE" value="001"></SpatRepTypCd></spatRpType><dataExt><geoEle><GeoBndBox esriExtentType="native"><westBL Sync="TRUE">-124.741058</westBL><eastBL Sync="TRUE">-65.878129</eastBL><northBL Sync="TRUE">48.999443</northBL><southBL Sync="TRUE">18.313831</southBL><exTypeCode Sync="TRUE">1</exTypeCode></GeoBndBox></geoEle></dataExt><geoBox esriExtentType="decdegrees"><westBL Sync="TRUE">-124.741058</westBL><eastBL Sync="TRUE">-65.878129</eastBL><northBL Sync="TRUE">48.999443</northBL><southBL Sync="TRUE">18.313831</southBL><exTypeCode Sync="TRUE">1</exTypeCode></geoBox></dataIdInfo><metainfo><langmeta Sync="TRUE">en</langmeta><metstdn Sync="TRUE">FGDC Content Standards for Digital Geospatial Metadata</metstdn><metstdv Sync="TRUE">FGDC-STD-001-1998</metstdv><mettc Sync="TRUE">local time</mettc><metc><cntinfo><cntorgp><cntper>REQUIRED: The person responsible for the metadata information.</cntper><cntorg>REQUIRED: The organization responsible for the metadata information.</cntorg></cntorgp><cntaddr><addrtype>REQUIRED: The mailing and/or physical address for the organization or individual.</addrtype><city>REQUIRED: The city of the address.</city><state>REQUIRED: The state or province of the address.</state><postal>REQUIRED: The ZIP or other postal code of the address.</postal></cntaddr><cntvoice>REQUIRED: The telephone number by which individuals can speak to the organization or individual.</cntvoice></cntinfo></metc><metd Sync="TRUE">20090928</metd><metextns><onlink Sync="TRUE">http://www.esri.com/metadata/esriprof80.html</onlink><metprof Sync="TRUE">ESRI Metadata Profile</metprof></metextns></metainfo><mdLang><languageCode Sync="TRUE" value="en"></languageCode></mdLang><mdStanName Sync="TRUE">ISO 19115 Geographic Information - Metadata</mdStanName><mdStanVer Sync="TRUE">DIS_ESRI1.0</mdStanVer><mdChar><CharSetCd Sync="TRUE" value="004"></CharSetCd></mdChar><mdHrLv><ScopeCd Sync="TRUE" value="005"></ScopeCd></mdHrLv><mdHrLvName Sync="TRUE">dataset</mdHrLvName><distinfo><resdesc Sync="TRUE">Downloadable Data</resdesc><stdorder><digform><digtinfo><transize Sync="TRUE">0.000</transize><dssize Sync="TRUE">0.000</dssize></digtinfo></digform></stdorder></distinfo><distInfo><distributor><distorTran><onLineSrc><orDesc Sync="TRUE">002</orDesc><linkage Sync="TRUE">file://</linkage><protocol Sync="TRUE">Local Area Network</protocol></onLineSrc><transSize Sync="TRUE">0.000</transSize></distorTran><distorFormat><formatName Sync="TRUE">Shapefile</formatName></distorFormat></distributor></distInfo><spdoinfo><direct Sync="TRUE">Vector</direct><ptvctinf><esriterm Name="nep_watersheds_from_caf2"><efeatyp Sync="TRUE">Simple</efeatyp><efeageom Sync="TRUE">Polygon</efeageom><esritopo Sync="TRUE">FALSE</esritopo><efeacnt Sync="TRUE">0</efeacnt><spindex Sync="TRUE">FALSE</spindex><linrefer Sync="TRUE">FALSE</linrefer></esriterm><sdtsterm Name="nep_watersheds_from_caf2"><sdtstype Sync="TRUE">G-polygon</sdtstype><ptvctcnt Sync="TRUE">0</ptvctcnt></sdtsterm></ptvctinf></spdoinfo><spref><horizsys><cordsysn><geogcsn Sync="TRUE">GCS_North_American_1983</geogcsn></cordsysn><geograph><geogunit Sync="TRUE">Decimal degrees</geogunit><latres Sync="TRUE">0.000000</latres><longres Sync="TRUE">0.000000</longres></geograph><geodetic><horizdn Sync="TRUE">North American Datum of 1983</horizdn><ellips Sync="TRUE">Geodetic Reference System 80</ellips><semiaxis Sync="TRUE">6378137.000000</semiaxis><denflat Sync="TRUE">298.257222</denflat></geodetic></horizsys></spref><refSysInfo><RefSystem><refSysID><identCode Sync="TRUE">GCS_North_American_1983</identCode></refSysID></RefSystem></refSysInfo><spatRepInfo><VectSpatRep><topLvl><TopoLevCd Sync="TRUE" value="001"></TopoLevCd></topLvl><geometObjs Name="nep_watersheds_from_caf2"><geoObjTyp><GeoObjTypCd Sync="TRUE" value="001"></GeoObjTypCd></geoObjTyp><geoObjCnt Sync="TRUE">0</geoObjCnt></geometObjs></VectSpatRep></spatRepInfo><eainfo><detailed Name="nep_watersheds_from_caf2"><enttyp><enttypl Sync="TRUE">nep_watersheds_from_caf2</enttypl><enttypt Sync="TRUE">Feature Class</enttypt><enttypc Sync="TRUE">0</enttypc></enttyp><attr><attrlabl Sync="TRUE">FID</attrlabl><attalias Sync="TRUE">FID</attalias><attrtype Sync="TRUE">OID</attrtype><attwidth Sync="TRUE">4</attwidth><atprecis Sync="TRUE">0</atprecis><attscale Sync="TRUE">0</attscale><attrdef Sync="TRUE">Internal feature number.</attrdef><attrdefs Sync="TRUE">ESRI</attrdefs><attrdomv><udom Sync="TRUE">Sequential unique whole numbers that are automatically generated.</udom></attrdomv></attr><attr><attrlabl Sync="TRUE">Shape</attrlabl><attalias Sync="TRUE">Shape</attalias><attrtype Sync="TRUE">Geometry</attrtype><attwidth Sync="TRUE">0</attwidth><atprecis Sync="TRUE">0</atprecis><attscale Sync="TRUE">0</attscale><attrdef Sync="TRUE">Feature geometry.</attrdef><attrdefs Sync="TRUE">ESRI</attrdefs><attrdomv><udom Sync="TRUE">Coordinates defining the features.</udom></attrdomv></attr><attr><attrlabl Sync="TRUE">OBJECTID_1</attrlabl><attalias Sync="TRUE">OBJECTID_1</attalias><attrtype Sync="TRUE">Number</attrtype><attwidth Sync="TRUE">9</attwidth></attr><attr><attrlabl Sync="TRUE">NEP_ID</attrlabl><attalias Sync="TRUE">NEP_ID</attalias><attrtype Sync="TRUE">String</attrtype><attwidth Sync="TRUE">6</attwidth></attr><attr><attrlabl Sync="TRUE">NEP_NAME</attrlabl><attalias Sync="TRUE">NEP_NAME</attalias><attrtype Sync="TRUE">String</attrtype><attwidth Sync="TRUE">55</attwidth></attr><attr><attrlabl Sync="TRUE">YEAR_DESIG</attrlabl><attalias Sync="TRUE">YEAR_DESIG</attalias><attrtype Sync="TRUE">String</attrtype><attwidth Sync="TRUE">10</attwidth></attr><attr><attrlabl Sync="TRUE">ID</attrlabl><attalias Sync="TRUE">ID</attalias><attrtype Sync="TRUE">Number</attrtype><attwidth Sync="TRUE">9</attwidth></attr><attr><attrlabl Sync="TRUE">AREA</attrlabl><attalias Sync="TRUE">AREA</attalias><attrtype Sync="TRUE">Float</attrtype><attwidth Sync="TRUE">19</attwidth><atnumdec Sync="TRUE">11</atnumdec></attr><attr><attrlabl Sync="TRUE">PERIMETER</attrlabl><attalias Sync="TRUE">PERIMETER</attalias><attrtype Sync="TRUE">Float</attrtype><attwidth Sync="TRUE">19</attwidth><atnumdec Sync="TRUE">11</atnumdec></attr><attr><attrlabl Sync="TRUE">NEWNEP_</attrlabl><attalias Sync="TRUE">NEWNEP_</attalias><attrtype Sync="TRUE">Float</attrtype><attwidth Sync="TRUE">19</attwidth><atnumdec Sync="TRUE">11</atnumdec></attr><attr><attrlabl Sync="TRUE">NEWNEP_ID</attrlabl><attalias Sync="TRUE">NEWNEP_ID</attalias><attrtype Sync="TRUE">Float</attrtype><attwidth Sync="TRUE">19</attwidth><atnumdec Sync="TRUE">11</atnumdec></attr><attr><attrlabl Sync="TRUE">Sq_mi</attrlabl><attalias Sync="TRUE">Sq_mi</attalias><attrtype Sync="TRUE">Float</attrtype><attwidth Sync="TRUE">19</attwidth><atnumdec Sync="TRUE">11</atnumdec></attr><attr><attrlabl Sync="TRUE">ACRES</attrlabl><attalias Sync="TRUE">ACRES</attalias><attrtype Sync="TRUE">Float</attrtype><attwidth Sync="TRUE">19</attwidth><atnumdec Sync="TRUE">11</atnumdec></attr><attr><attrlabl Sync="TRUE">HECTARES</attrlabl><attalias Sync="TRUE">HECTARES</attalias><attrtype Sync="TRUE">Float</attrtype><attwidth Sync="TRUE">19</attwidth><atnumdec Sync="TRUE">11</atnumdec></attr><attr><attrlabl Sync="TRUE">FIRST_NEP_</attrlabl><attalias Sync="TRUE">FIRST_NEP_</attalias><attrtype Sync="TRUE">String</attrtype><attwidth Sync="TRUE">55</attwidth></attr><attr><attrlabl Sync="TRUE">FIRST_YEAR</attrlabl><attalias Sync="TRUE">FIRST_YEAR</attalias><attrtype Sync="TRUE">String</attrtype><attwidth Sync="TRUE">10</attwidth></attr><attr><attrlabl Sync="TRUE">OBJECTID</attrlabl><attalias Sync="TRUE">OBJECTID</attalias><attrtype Sync="TRUE">Number</attrtype><attwidth Sync="TRUE">9</attwidth></attr><attr><attrlabl Sync="TRUE">NAME</attrlabl><attalias Sync="TRUE">NAME</attalias><attrtype Sync="TRUE">String</attrtype><attwidth Sync="TRUE">50</attwidth></attr><attr><attrlabl Sync="TRUE">Shape_Leng</attrlabl><attalias Sync="TRUE">Shape_Leng</attalias><attrtype Sync="TRUE">Float</attrtype><attwidth Sync="TRUE">19</attwidth><atnumdec Sync="TRUE">11</atnumdec></attr><attr><attrlabl Sync="TRUE">Shape_Le_1</attrlabl><attalias Sync="TRUE">Shape_Le_1</attalias><attrtype Sync="TRUE">Float</attrtype><attwidth Sync="TRUE">19</attwidth><atnumdec Sync="TRUE">11</atnumdec></attr><attr><attrlabl Sync="TRUE">Shape_Area</attrlabl><attalias Sync="TRUE">Shape_Area</attalias><attrtype Sync="TRUE">Float</attrtype><attwidth Sync="TRUE">19</attwidth><attrdef Sync="TRUE">Area of feature in internal units squared.</attrdef><attrdefs Sync="TRUE">ESRI</attrdefs><attrdomv><udom Sync="TRUE">Positive real numbers that are automatically generated.</udom></attrdomv><atnumdec Sync="TRUE">11</atnumdec></attr><attr><attrlabl Sync="TRUE">sqmi2000</attrlabl><attalias Sync="TRUE">sqmi2000</attalias><attrtype Sync="TRUE">Number</attrtype><attwidth Sync="TRUE">19</attwidth><atnumdec Sync="TRUE">8</atnumdec></attr><attr><attrlabl Sync="TRUE">COUNT</attrlabl><attalias Sync="TRUE">COUNT</attalias><attrtype Sync="TRUE">Number</attrtype><attwidth Sync="TRUE">11</attwidth></attr></detailed></eainfo><mdDateSt Sync="TRUE">20090928</mdDateSt><dataqual><lineage><procstep><procdesc Sync="TRUE">Dataset copied.</procdesc><srcused Sync="TRUE"></srcused><date Sync="TRUE">20040227</date><time Sync="TRUE">15220600</time></procstep><procstep><procdesc Sync="TRUE">Dataset copied.</procdesc><srcused Sync="TRUE">E:\PIVOT\OLD_NEP\Albermarle_Pamlico\Study_Area\Albemarle_Palmico</srcused><procdate Sync="TRUE">20080923</procdate><proctime Sync="TRUE">13555600</proctime></procstep><procstep><procdesc Sync="TRUE">Dataset copied.</procdesc><srcused Sync="TRUE">E:\PIVOT\NEP\Albemarle_Pamlico\Albemarle_Palmico_study_area</srcused><procdate Sync="TRUE">20080925</procdate><proctime Sync="TRUE">12274300</proctime></procstep><procstep><procdesc Sync="TRUE">Dataset copied.</procdesc><srcused Sync="TRUE"></srcused><date Sync="TRUE">20090526</date><time Sync="TRUE">11443100</time></procstep><procstep><procdesc Sync="TRUE">Dataset copied.</procdesc><srcused Sync="TRUE"></srcused><procdate Sync="TRUE">20090922</procdate><proctime Sync="TRUE">10535000</proctime></procstep><procstep><procdesc Sync="TRUE">Dataset copied.</procdesc><srcused Sync="TRUE">\\AAMB-W-1763213\C$\temp\percy_test.gdb</srcused><procdate Sync="TRUE">20090922</procdate><proctime Sync="TRUE">11101400</proctime></procstep><procstep><procdesc Sync="TRUE">Dataset copied.</procdesc><srcused Sync="TRUE"></srcused><date Sync="TRUE">20090928</date><time Sync="TRUE">09352200</time></procstep><procstep><procdesc Sync="TRUE">Dataset copied.</procdesc><srcused Sync="TRUE"></srcused><procdate Sync="TRUE">20091225</procdate><proctime Sync="TRUE">20165700</proctime></procstep><procstep><procdesc Sync="TRUE">Dataset copied.</procdesc><srcused Sync="TRUE"></srcused><date Sync="TRUE">20100105</date><time Sync="TRUE">15000800</time></procstep></lineage></dataqual></metadata>
