<?xml version="1.0"?>
<!--<!DOCTYPE metadata SYSTEM "http://www.esri.com/metadata/esriprof80.dtd">-->
<metadata xml:lang="en"><Esri><CreaDate>20090402</CreaDate><CreaTime>12163400</CreaTime><SyncOnce>FALSE</SyncOnce><SyncDate>20090401</SyncDate><SyncTime>11062100</SyncTime><ModDate>20090401</ModDate><ModTime>11062100</ModTime><DataProperties><lineage><Process ToolSource="C:\Program Files\ArcGIS\ArcToolbox\Toolboxes\Data Management Tools.tbx\Merge" Date="20090331" Time="134508">Merge crap;vgin_master_1ft_and_upgrades L:\2009_Plans\VGIN_2009\Flight_Planning\Arc_Shapefiles\crap_Merge.shp "run 'run' true true false 10 Double 0 10 ,First,#,crap,run,-1,-1,vgin_master_1ft_and_upgrades,run,-1,-1;latitude 'latitude' true true false 19 Double 0 0 ,First,#,crap,latitude,-1,-1,vgin_master_1ft_and_upgrades,latitude,-1,-1;longitude 'longitude' true true false 19 Double 0 0 ,First,#,crap,longitude,-1,-1,vgin_master_1ft_and_upgrades,longitude,-1,-1;exposure 'exposure' true true false 10 Double 0 10 ,First,#,crap,exposure,-1,-1,vgin_master_1ft_and_upgrades,exposure,-1,-1;flight1 'flight1' true true false 50 Text 0 0 ,First,#,vgin_master_1ft_and_upgrades,flight1,-1,-1;flight2 'flight2' true true false 50 Text 0 0 ,First,#,vgin_master_1ft_and_upgrades,flight2,-1,-1;flight3 'flight3' true true false 50 Text 0 0 ,First,#,vgin_master_1ft_and_upgrades,flight3,-1,-1;Reflight 'Reflight' true true false 12 Text 0 0 ,First,#,vgin_master_1ft_and_upgrades,Reflight,-1,-1"</Process><Process ToolSource="C:\Program Files\ArcGIS\ArcToolbox\Toolboxes\Data Management Tools.tbx\Merge" Date="20090401" Time="110657">Merge vgin_master_1ft_and_upgrades_old1;vgin_master_1ft_and_upgrades1 G:\vgin_master_1ft_and_upgrades5.shp "run 'run' true true false 10 Double 0 10 ,First,#,vgin_master_1ft_and_upgrades_old1,run,-1,-1,vgin_master_1ft_and_upgrades1,run,-1,-1;latitude 'latitude' true true false 19 Double 0 0 ,First,#,vgin_master_1ft_and_upgrades_old1,latitude,-1,-1,vgin_master_1ft_and_upgrades1,latitude,-1,-1;longitude 'longitude' true true false 19 Double 0 0 ,First,#,vgin_master_1ft_and_upgrades_old1,longitude,-1,-1,vgin_master_1ft_and_upgrades1,longitude,-1,-1;exposure 'exposure' true true false 10 Double 0 10 ,First,#,vgin_master_1ft_and_upgrades_old1,exposure,-1,-1,vgin_master_1ft_and_upgrades1,exposure,-1,-1;flight1 'flight1' true true false 50 Text 0 0 ,First,#,vgin_master_1ft_and_upgrades_old1,flight1,-1,-1,vgin_master_1ft_and_upgrades1,flight1,-1,-1;flight2 'flight2' true true false 50 Text 0 0 ,First,#,vgin_master_1ft_and_upgrades_old1,flight2,-1,-1,vgin_master_1ft_and_upgrades1,flight2,-1,-1;flight3 'flight3' true true false 50 Text 0 0 ,First,#,vgin_master_1ft_and_upgrades_old1,flight3,-1,-1,vgin_master_1ft_and_upgrades1,flight3,-1,-1;Reflight 'Reflight' true true false 12 Text 0 0 ,First,#,vgin_master_1ft_and_upgrades_old1,Reflight,-1,-1,vgin_master_1ft_and_upgrades1,Reflight,-1,-1"</Process></lineage></DataProperties><MetaID>{D9DFCB54-AD26-48C9-A9D6-669FD23421CE}</MetaID></Esri><idinfo><citation><citeinfo><onlink Sync="TRUE"></onlink><origin>REQUIRED: The name of an organization or individual that developed the data set.</origin><pubdate>REQUIRED: The date when the data set is published or otherwise made available for release.</pubdate><title Sync="TRUE">vgin_master_1ft_and_upgrades5</title><ftname Sync="TRUE">vgin_master_1ft_and_upgrades5</ftname><geoform Sync="TRUE">vector digital data</geoform></citeinfo></citation><native Sync="TRUE">Microsoft Windows XP Version 5.1 (Build 2600) Service Pack 3; ESRI ArcCatalog 9.3.1.1850</native><descript><langdata Sync="TRUE">en</langdata><abstract>REQUIRED: A brief narrative summary of the data set.</abstract><purpose>REQUIRED: A summary of the intentions with which the data set was developed.</purpose></descript><timeperd><current>REQUIRED: The basis on which the time period of content information is determined.</current><timeinfo><sngdate><caldate>REQUIRED: The year (and optionally month, or month and day) for which the data set corresponds to the ground.</caldate></sngdate></timeinfo></timeperd><status><progress>REQUIRED: The state of the data set.</progress><update>REQUIRED: The frequency with which changes and additions are made to the data set after the initial data set is completed.</update></status><spdom><bounding><westbc Sync="TRUE">REQUIRED: Western-most coordinate of the limit of coverage expressed in longitude.</westbc><eastbc Sync="TRUE">REQUIRED: Eastern-most coordinate of the limit of coverage expressed in longitude.</eastbc><northbc Sync="TRUE">REQUIRED: Northern-most coordinate of the limit of coverage expressed in latitude.</northbc><southbc Sync="TRUE">REQUIRED: Southern-most coordinate of the limit of coverage expressed in latitude.</southbc></bounding></spdom><keywords><theme><themekt>REQUIRED: Reference to a formally registered thesaurus or a similar authoritative source of theme keywords.</themekt><themekey>REQUIRED: Common-use word or phrase used to describe the subject of the data set.</themekey></theme></keywords><accconst>REQUIRED: Restrictions and legal prerequisites for accessing the data set.</accconst><useconst>REQUIRED: Restrictions and legal prerequisites for using the data set after access is granted.</useconst><natvform Sync="TRUE">Shapefile</natvform></idinfo><distInfo><distributor><distorTran><onLineSrc><linkage Sync="TRUE">file://\\Cos-svr-7\vol1\Proj_Management\312009147.VBMP09\Boundary\Flights\vgin_master_1ft_and_upgrades5.shp</linkage><protocol Sync="TRUE">Local Area Network</protocol><orDesc Sync="TRUE">002</orDesc></onLineSrc><transSize Sync="TRUE">0.000</transSize></distorTran><distorFormat><formatName Sync="TRUE">Shapefile</formatName></distorFormat></distributor></distInfo><dataqual><lineage><procstep><procdesc Sync="TRUE">Dataset copied.</procdesc><srcused Sync="TRUE">L:\2009_Plans\VGIN_2009\Flight_Planning\Arc_Shapefiles\SHP\fairfax_area_15_6030_FINAL</srcused><procdate Sync="TRUE">20090304</procdate><proctime Sync="TRUE">08192100</proctime></procstep><procstep><procdesc Sync="TRUE">Dataset copied.</procdesc><srcused Sync="TRUE"></srcused><procdate Sync="TRUE">20090331</procdate><proctime Sync="TRUE">13431100</proctime></procstep><procstep><procdesc Sync="TRUE">Dataset copied.</procdesc><srcused Sync="TRUE">L:\2009_Plans\VGIN_2009\Flight_Planning\Arc_Shapefiles\crap_Merge</srcused><procdate Sync="TRUE">20090331</procdate><proctime Sync="TRUE">13480700</proctime></procstep><procstep><procdesc Sync="TRUE">Dataset copied.</procdesc><srcused Sync="TRUE"></srcused><procdate Sync="TRUE">20090402</procdate><proctime Sync="TRUE">11494800</proctime></procstep><procstep><procdesc Sync="TRUE">Dataset copied.</procdesc><srcused Sync="TRUE"></srcused><procdate Sync="TRUE">20090402</procdate><proctime Sync="TRUE">12163400</proctime></procstep></lineage></dataqual><dataIdInfo><envirDesc Sync="TRUE">Microsoft Windows XP Version 5.1 (Build 2600) Service Pack 3; ESRI ArcCatalog 9.3.1.1850</envirDesc><dataLang><languageCode Sync="TRUE" value="en"></languageCode></dataLang><idCitation><resTitle Sync="TRUE">vgin_master_1ft_and_upgrades5</resTitle><presForm><PresFormCd Sync="TRUE" value="005"></PresFormCd></presForm></idCitation><spatRpType><SpatRepTypCd Sync="TRUE" value="001"></SpatRepTypCd></spatRpType></dataIdInfo><metainfo><langmeta Sync="TRUE">en</langmeta><metstdn Sync="TRUE">FGDC Content Standards for Digital Geospatial Metadata</metstdn><metstdv Sync="TRUE">FGDC-STD-001-1998</metstdv><mettc Sync="TRUE">local time</mettc><metc><cntinfo><cntorgp><cntper>REQUIRED: The person responsible for the metadata information.</cntper><cntorg>REQUIRED: The organization responsible for the metadata information.</cntorg></cntorgp><cntaddr><addrtype>REQUIRED: The mailing and/or physical address for the organization or individual.</addrtype><city>REQUIRED: The city of the address.</city><state>REQUIRED: The state or province of the address.</state><postal>REQUIRED: The ZIP or other postal code of the address.</postal></cntaddr><cntvoice>REQUIRED: The telephone number by which individuals can speak to the organization or individual.</cntvoice></cntinfo></metc><metd Sync="TRUE">20090401</metd><metextns><onlink Sync="TRUE">http://www.esri.com/metadata/esriprof80.html</onlink><metprof Sync="TRUE">ESRI Metadata Profile</metprof></metextns></metainfo><mdLang><languageCode Sync="TRUE" value="en"></languageCode></mdLang><mdStanName Sync="TRUE">ISO 19115 Geographic Information - Metadata</mdStanName><mdStanVer Sync="TRUE">DIS_ESRI1.0</mdStanVer><mdChar><CharSetCd Sync="TRUE" value="004"></CharSetCd></mdChar><mdHrLv><ScopeCd Sync="TRUE" value="005"></ScopeCd></mdHrLv><mdHrLvName Sync="TRUE">dataset</mdHrLvName><distinfo><resdesc Sync="TRUE">Downloadable Data</resdesc><stdorder><digform><digtinfo><transize Sync="TRUE">0.000</transize><dssize Sync="TRUE">0.000</dssize></digtinfo></digform></stdorder></distinfo><spdoinfo><direct Sync="TRUE">Vector</direct><ptvctinf><esriterm Name="vgin_master_1ft_and_upgrades5"><efeatyp Sync="TRUE">Simple</efeatyp><efeageom Sync="TRUE">Point</efeageom><esritopo Sync="TRUE">FALSE</esritopo><efeacnt Sync="TRUE">0</efeacnt><spindex Sync="TRUE">FALSE</spindex><linrefer Sync="TRUE">FALSE</linrefer></esriterm><sdtsterm Name="vgin_master_1ft_and_upgrades5"><sdtstype Sync="TRUE">Entity point</sdtstype><ptvctcnt Sync="TRUE">0</ptvctcnt></sdtsterm></ptvctinf></spdoinfo><spref><horizsys><cordsysn><geogcsn Sync="TRUE">GCS_WGS_1984</geogcsn></cordsysn><geograph><geogunit Sync="TRUE">Decimal degrees</geogunit><latres Sync="TRUE">0.000000</latres><longres Sync="TRUE">0.000000</longres></geograph><geodetic><horizdn Sync="TRUE">D_WGS_1984</horizdn><ellips Sync="TRUE">WGS_1984</ellips><semiaxis Sync="TRUE">6378137.000000</semiaxis><denflat Sync="TRUE">298.257224</denflat></geodetic></horizsys></spref><refSysInfo><RefSystem><refSysID><identCode Sync="TRUE">GCS_WGS_1984</identCode></refSysID></RefSystem></refSysInfo><spatRepInfo><VectSpatRep><topLvl><TopoLevCd Sync="TRUE" value="001"></TopoLevCd></topLvl><geometObjs Name="vgin_master_1ft_and_upgrades5"><geoObjTyp><GeoObjTypCd Sync="TRUE" value="004"></GeoObjTypCd></geoObjTyp><geoObjCnt Sync="TRUE">0</geoObjCnt></geometObjs></VectSpatRep></spatRepInfo><eainfo><detailed Name="vgin_master_1ft_and_upgrades5"><enttyp><enttypl Sync="TRUE">vgin_master_1ft_and_upgrades5</enttypl><enttypt Sync="TRUE">Feature Class</enttypt><enttypc Sync="TRUE">0</enttypc></enttyp><attr><attrlabl Sync="TRUE">FID</attrlabl><attalias Sync="TRUE">FID</attalias><attrtype Sync="TRUE">OID</attrtype><attwidth Sync="TRUE">4</attwidth><atprecis Sync="TRUE">0</atprecis><attscale Sync="TRUE">0</attscale><attrdef Sync="TRUE">Internal feature number.</attrdef><attrdefs Sync="TRUE">ESRI</attrdefs><attrdomv><udom Sync="TRUE">Sequential unique whole numbers that are automatically generated.</udom></attrdomv></attr><attr><attrlabl Sync="TRUE">Shape</attrlabl><attalias Sync="TRUE">Shape</attalias><attrtype Sync="TRUE">Geometry</attrtype><attwidth Sync="TRUE">0</attwidth><atprecis Sync="TRUE">0</atprecis><attscale Sync="TRUE">0</attscale><attrdef Sync="TRUE">Feature geometry.</attrdef><attrdefs Sync="TRUE">ESRI</attrdefs><attrdomv><udom Sync="TRUE">Coordinates defining the features.</udom></attrdomv></attr><attr><attrlabl Sync="TRUE">run</attrlabl><attalias Sync="TRUE">run</attalias><attrtype Sync="TRUE">Number</attrtype><attwidth Sync="TRUE">10</attwidth></attr><attr><attrlabl Sync="TRUE">latitude</attrlabl><attalias Sync="TRUE">latitude</attalias><attrtype Sync="TRUE">Float</attrtype><attwidth Sync="TRUE">19</attwidth><atnumdec Sync="TRUE">11</atnumdec></attr><attr><attrlabl Sync="TRUE">longitude</attrlabl><attalias Sync="TRUE">longitude</attalias><attrtype Sync="TRUE">Float</attrtype><attwidth Sync="TRUE">19</attwidth><atnumdec Sync="TRUE">11</atnumdec></attr><attr><attrlabl Sync="TRUE">exposure</attrlabl><attalias Sync="TRUE">exposure</attalias><attrtype Sync="TRUE">Number</attrtype><attwidth Sync="TRUE">10</attwidth></attr><attr><attrlabl Sync="TRUE">flight1</attrlabl><attalias Sync="TRUE">flight1</attalias><attrtype Sync="TRUE">String</attrtype><attwidth Sync="TRUE">50</attwidth></attr><attr><attrlabl Sync="TRUE">flight2</attrlabl><attalias Sync="TRUE">flight2</attalias><attrtype Sync="TRUE">String</attrtype><attwidth Sync="TRUE">50</attwidth></attr><attr><attrlabl Sync="TRUE">flight3</attrlabl><attalias Sync="TRUE">flight3</attalias><attrtype Sync="TRUE">String</attrtype><attwidth Sync="TRUE">50</attwidth></attr><attr><attrlabl Sync="TRUE">Reflight</attrlabl><attalias Sync="TRUE">Reflight</attalias><attrtype Sync="TRUE">String</attrtype><attwidth Sync="TRUE">12</attwidth></attr></detailed></eainfo><mdDateSt Sync="TRUE">20090401</mdDateSt></metadata>
