{
"type": "FeatureCollection",
"features": [
{ "type": "Feature", "properties": { "STATEFP": "51", "COUNTYFP": "620", "ANSICODE": "", "LINEARID": "110444693215", "FULLNAME": "", "ARTPATH": "N", "MTFCC": "H3020" }, "geometry": { "type": "LineString", "coordinates": [ [ -76.916230, 36.656160 ], [ -76.915773, 36.656320 ], [ -76.914191, 36.656687 ], [ -76.913448, 36.657066 ] ] } }
,
{ "type": "Feature", "properties": { "STATEFP": "51", "COUNTYFP": "620", "ANSICODE": "", "LINEARID": "110444693211", "FULLNAME": "", "ARTPATH": "N", "MTFCC": "H3020" }, "geometry": { "type": "LineString", "coordinates": [ [ -76.935962, 36.664254 ], [ -76.936016, 36.664067 ], [ -76.936201, 36.663679 ], [ -76.936309, 36.663452 ] ] } }
,
{ "type": "Feature", "properties": { "STATEFP": "51", "COUNTYFP": "620", "ANSICODE": "", "LINEARID": "110444693146", "FULLNAME": "", "ARTPATH": "U", "MTFCC": "H3010" }, "geometry": { "type": "LineString", "coordinates": [ [ -76.937402, 36.696166 ], [ -76.937111, 36.696465 ], [ -76.936259, 36.696148 ], [ -76.935406, 36.695395 ], [ -76.935017, 36.694983 ] ] } }
,
{ "type": "Feature", "properties": { "STATEFP": "51", "COUNTYFP": "620", "ANSICODE": "", "LINEARID": "110444693165", "FULLNAME": "", "ARTPATH": "N", "MTFCC": "H3010" }, "geometry": { "type": "LineString", "coordinates": [ [ -76.933336, 36.693194 ], [ -76.933181, 36.693101 ], [ -76.933070, 36.693035 ], [ -76.932824, 36.692930 ], [ -76.932176, 36.692480 ] ] } }
,
{ "type": "Feature", "properties": { "STATEFP": "51", "COUNTYFP": "620", "ANSICODE": "", "LINEARID": "110444693137", "FULLNAME": "", "ARTPATH": "U", "MTFCC": "H3010" }, "geometry": { "type": "LineString", "coordinates": [ [ -76.956348, 36.703992 ], [ -76.955522, 36.704470 ] ] } }
,
{ "type": "Feature", "properties": { "STATEFP": "51", "COUNTYFP": "620", "ANSICODE": "", "LINEARID": "110444693131", "FULLNAME": "", "ARTPATH": "U", "MTFCC": "H3010" }, "geometry": { "type": "LineString", "coordinates": [ [ -76.944488, 36.692567 ], [ -76.944161, 36.692908 ] ] } }
,
{ "type": "Feature", "properties": { "STATEFP": "51", "COUNTYFP": "620", "ANSICODE": "", "LINEARID": "110444693218", "FULLNAME": "", "ARTPATH": "N", "MTFCC": "H3020" }, "geometry": { "type": "LineString", "coordinates": [ [ -76.944410, 36.661787 ], [ -76.944290, 36.661898 ], [ -76.943585, 36.662551 ] ] } }
,
{ "type": "Feature", "properties": { "STATEFP": "51", "COUNTYFP": "620", "ANSICODE": "", "LINEARID": "110444693204", "FULLNAME": "", "ARTPATH": "N", "MTFCC": "H3010" }, "geometry": { "type": "LineString", "coordinates": [ [ -76.916381, 36.651249 ], [ -76.915720, 36.651090 ], [ -76.915093, 36.650831 ], [ -76.914861, 36.650842 ], [ -76.914752, 36.650787 ], [ -76.914472, 36.650584 ], [ -76.914145, 36.650507 ], [ -76.913886, 36.650496 ] ] } }
,
{ "type": "Feature", "properties": { "STATEFP": "51", "COUNTYFP": "620", "ANSICODE": "", "LINEARID": "110444693227", "FULLNAME": "", "ARTPATH": "N", "MTFCC": "H3020" }, "geometry": { "type": "LineString", "coordinates": [ [ -76.960842, 36.667080 ], [ -76.960855, 36.667146 ], [ -76.961029, 36.667635 ] ] } }
,
{ "type": "Feature", "properties": { "STATEFP": "51", "COUNTYFP": "620", "ANSICODE": "", "LINEARID": "110444693194", "FULLNAME": "", "ARTPATH": "N", "MTFCC": "H3010" }, "geometry": { "type": "LineString", "coordinates": [ [ -76.938104, 36.687036 ], [ -76.937640, 36.686508 ], [ -76.937347, 36.685997 ], [ -76.937326, 36.685783 ], [ -76.937394, 36.685311 ], [ -76.937401, 36.684981 ], [ -76.937367, 36.684910 ], [ -76.936828, 36.684481 ], [ -76.936781, 36.684434 ], [ -76.936487, 36.684135 ], [ -76.936303, 36.683849 ] ] } }
,
{ "type": "Feature", "properties": { "STATEFP": "51", "COUNTYFP": "620", "ANSICODE": "", "LINEARID": "110444693186", "FULLNAME": "", "ARTPATH": "N", "MTFCC": "H3010" }, "geometry": { "type": "LineString", "coordinates": [ [ -76.917073, 36.667455 ], [ -76.917427, 36.667664 ], [ -76.917632, 36.667648 ], [ -76.917802, 36.667736 ], [ -76.917966, 36.667719 ], [ -76.918150, 36.667604 ], [ -76.918430, 36.667560 ], [ -76.918518, 36.667384 ], [ -76.918368, 36.667247 ], [ -76.918382, 36.666972 ], [ -76.918239, 36.666813 ], [ -76.918307, 36.666769 ], [ -76.918327, 36.666456 ], [ -76.918450, 36.666313 ], [ -76.918730, 36.666219 ], [ -76.918798, 36.666218 ], [ -76.919241, 36.666209 ], [ -76.919405, 36.666143 ], [ -76.919589, 36.666027 ], [ -76.920027, 36.665939 ], [ -76.920162, 36.665912 ], [ -76.920728, 36.665648 ], [ -76.921062, 36.665550 ], [ -76.921100, 36.665549 ], [ -76.921417, 36.665544 ], [ -76.921512, 36.665500 ], [ -76.921778, 36.665473 ], [ -76.922037, 36.665401 ], [ -76.922371, 36.665440 ], [ -76.922501, 36.665539 ], [ -76.922528, 36.665638 ], [ -76.922671, 36.665797 ], [ -76.922856, 36.665797 ], [ -76.922924, 36.665852 ], [ -76.922971, 36.665984 ], [ -76.923203, 36.666061 ], [ -76.923251, 36.666231 ], [ -76.923899, 36.666396 ], [ -76.924049, 36.666462 ], [ -76.924328, 36.666660 ], [ -76.924540, 36.666687 ], [ -76.924833, 36.666693 ], [ -76.925058, 36.666814 ] ] } }
,
{ "type": "Feature", "properties": { "STATEFP": "51", "COUNTYFP": "620", "ANSICODE": "", "LINEARID": "110444693221", "FULLNAME": "", "ARTPATH": "N", "MTFCC": "H3020" }, "geometry": { "type": "LineString", "coordinates": [ [ -76.955476, 36.670198 ], [ -76.955431, 36.670089 ], [ -76.955423, 36.669902 ], [ -76.955529, 36.669393 ], [ -76.955828, 36.668817 ], [ -76.955839, 36.668325 ], [ -76.955914, 36.668214 ], [ -76.956288, 36.668121 ] ] } }
,
{ "type": "Feature", "properties": { "STATEFP": "51", "COUNTYFP": "620", "ANSICODE": "", "LINEARID": "110444693187", "FULLNAME": "", "ARTPATH": "N", "MTFCC": "H3010" }, "geometry": { "type": "LineString", "coordinates": [ [ -76.917706, 36.669120 ], [ -76.917141, 36.667702 ], [ -76.917059, 36.667483 ], [ -76.917073, 36.667455 ] ] } }
,
{ "type": "Feature", "properties": { "STATEFP": "51", "COUNTYFP": "620", "ANSICODE": "", "LINEARID": "110444693208", "FULLNAME": "", "ARTPATH": "N", "MTFCC": "H3010" }, "geometry": { "type": "LineString", "coordinates": [ [ -76.958824, 36.681248 ], [ -76.959137, 36.681122 ] ] } }
,
{ "type": "Feature", "properties": { "STATEFP": "51", "COUNTYFP": "620", "ANSICODE": "", "LINEARID": "110444693145", "FULLNAME": "", "ARTPATH": "U", "MTFCC": "H3010" }, "geometry": { "type": "LineString", "coordinates": [ [ -76.936433, 36.694370 ], [ -76.935017, 36.694983 ] ] } }
,
{ "type": "Feature", "properties": { "STATEFP": "51", "COUNTYFP": "620", "ANSICODE": "", "LINEARID": "110444693163", "FULLNAME": "", "ARTPATH": "N", "MTFCC": "H3010" }, "geometry": { "type": "LineString", "coordinates": [ [ -76.941688, 36.708638 ], [ -76.940999, 36.708378 ], [ -76.940398, 36.708059 ], [ -76.939769, 36.707340 ], [ -76.939316, 36.706933 ], [ -76.939224, 36.706851 ], [ -76.939162, 36.706719 ], [ -76.939162, 36.706488 ], [ -76.939217, 36.706362 ], [ -76.939217, 36.706098 ], [ -76.939155, 36.706005 ], [ -76.938964, 36.705972 ], [ -76.938930, 36.705939 ] ] } }
,
{ "type": "Feature", "properties": { "STATEFP": "51", "COUNTYFP": "620", "ANSICODE": "", "LINEARID": "110444693214", "FULLNAME": "", "ARTPATH": "N", "MTFCC": "H3020" }, "geometry": { "type": "LineString", "coordinates": [ [ -76.931419, 36.686613 ], [ -76.931549, 36.686948 ], [ -76.931623, 36.687240 ], [ -76.931958, 36.688557 ], [ -76.931951, 36.688640 ], [ -76.931699, 36.689266 ], [ -76.931351, 36.690546 ], [ -76.931086, 36.691768 ], [ -76.930907, 36.692595 ], [ -76.930894, 36.692831 ] ] } }
,
{ "type": "Feature", "properties": { "STATEFP": "51", "COUNTYFP": "620", "ANSICODE": "", "LINEARID": "110444693179", "FULLNAME": "", "ARTPATH": "N", "MTFCC": "H3010" }, "geometry": { "type": "LineString", "coordinates": [ [ -76.936570, 36.705038 ], [ -76.936447, 36.704967 ], [ -76.936174, 36.704824 ] ] } }
,
{ "type": "Feature", "properties": { "STATEFP": "51", "COUNTYFP": "620", "ANSICODE": "", "LINEARID": "110444693176", "FULLNAME": "", "ARTPATH": "N", "MTFCC": "H3010" }, "geometry": { "type": "LineString", "coordinates": [ [ -76.941836, 36.696221 ], [ -76.941624, 36.696160 ], [ -76.940669, 36.696210 ], [ -76.940267, 36.696298 ], [ -76.939911, 36.696408 ], [ -76.939898, 36.696413 ], [ -76.939585, 36.696545 ], [ -76.939168, 36.696820 ], [ -76.938896, 36.696820 ], [ -76.938677, 36.696759 ], [ -76.938486, 36.696671 ] ] } }
,
{ "type": "Feature", "properties": { "STATEFP": "51", "COUNTYFP": "620", "ANSICODE": "", "LINEARID": "110444693192", "FULLNAME": "", "ARTPATH": "N", "MTFCC": "H3010" }, "geometry": { "type": "LineString", "coordinates": [ [ -76.915755, 36.700422 ], [ -76.915981, 36.700312 ] ] } }
,
{ "type": "Feature", "properties": { "STATEFP": "51", "COUNTYFP": "620", "ANSICODE": "", "LINEARID": "110444693181", "FULLNAME": "", "ARTPATH": "N", "MTFCC": "H3010" }, "geometry": { "type": "LineString", "coordinates": [ [ -76.951470, 36.706245 ], [ -76.950997, 36.706692 ], [ -76.950952, 36.706734 ], [ -76.950290, 36.707223 ], [ -76.949355, 36.707602 ], [ -76.948940, 36.707649 ], [ -76.948871, 36.707657 ], [ -76.948557, 36.707570 ], [ -76.948318, 36.707350 ], [ -76.947281, 36.707015 ], [ -76.946804, 36.706960 ], [ -76.946619, 36.706845 ], [ -76.946449, 36.706850 ], [ -76.946162, 36.706966 ], [ -76.945937, 36.706966 ], [ -76.945453, 36.706938 ], [ -76.945166, 36.706806 ], [ -76.944845, 36.706559 ], [ -76.944620, 36.706345 ], [ -76.944497, 36.706257 ], [ -76.944381, 36.706230 ], [ -76.944320, 36.706120 ], [ -76.944238, 36.706037 ], [ -76.944102, 36.706059 ], [ -76.944040, 36.706131 ], [ -76.944027, 36.706202 ], [ -76.943952, 36.706274 ], [ -76.943890, 36.706257 ], [ -76.943583, 36.706005 ], [ -76.943324, 36.705636 ] ] } }
,
{ "type": "Feature", "properties": { "STATEFP": "51", "COUNTYFP": "620", "ANSICODE": "", "LINEARID": "110444693189", "FULLNAME": "", "ARTPATH": "N", "MTFCC": "H3010" }, "geometry": { "type": "LineString", "coordinates": [ [ -76.955522, 36.704470 ], [ -76.955417, 36.704509 ], [ -76.954888, 36.704706 ], [ -76.954642, 36.704855 ], [ -76.954444, 36.704937 ], [ -76.953885, 36.705047 ], [ -76.952555, 36.705674 ], [ -76.952050, 36.705992 ] ] } }
,
{ "type": "Feature", "properties": { "STATEFP": "51", "COUNTYFP": "620", "ANSICODE": "", "LINEARID": "110444693202", "FULLNAME": "", "ARTPATH": "N", "MTFCC": "H3010" }, "geometry": { "type": "LineString", "coordinates": [ [ -76.958069, 36.690302 ], [ -76.958110, 36.690296 ], [ -76.958424, 36.689632 ], [ -76.958642, 36.689330 ], [ -76.959037, 36.688632 ], [ -76.959147, 36.688516 ], [ -76.959651, 36.688170 ], [ -76.959822, 36.688103 ], [ -76.960060, 36.688011 ], [ -76.960174, 36.687929 ], [ -76.960510, 36.687687 ], [ -76.961083, 36.687236 ], [ -76.961356, 36.687071 ], [ -76.961785, 36.686511 ], [ -76.961813, 36.686362 ], [ -76.961792, 36.686000 ], [ -76.961621, 36.685637 ], [ -76.961601, 36.685533 ], [ -76.960932, 36.684467 ], [ -76.960837, 36.684138 ], [ -76.960700, 36.683912 ], [ -76.960645, 36.683638 ], [ -76.960700, 36.683171 ], [ -76.960679, 36.682830 ], [ -76.960582, 36.682567 ], [ -76.960502, 36.682182 ], [ -76.960398, 36.681965 ], [ -76.960276, 36.681710 ], [ -76.960304, 36.681501 ], [ -76.960454, 36.681105 ], [ -76.960644, 36.680715 ], [ -76.960808, 36.680474 ], [ -76.960815, 36.680155 ], [ -76.960706, 36.679952 ] ] } }
,
{ "type": "Feature", "properties": { "STATEFP": "51", "COUNTYFP": "620", "ANSICODE": "", "LINEARID": "110444693185", "FULLNAME": "", "ARTPATH": "N", "MTFCC": "H3010" }, "geometry": { "type": "LineString", "coordinates": [ [ -76.927069, 36.668929 ], [ -76.926374, 36.668703 ], [ -76.926341, 36.668705 ], [ -76.925849, 36.668731 ], [ -76.925719, 36.668681 ], [ -76.925672, 36.668557 ], [ -76.925344, 36.667681 ], [ -76.925308, 36.667600 ], [ -76.925160, 36.667269 ], [ -76.925058, 36.666814 ] ] } }
,
{ "type": "Feature", "properties": { "STATEFP": "51", "COUNTYFP": "620", "ANSICODE": "", "LINEARID": "110444693199", "FULLNAME": "", "ARTPATH": "N", "MTFCC": "H3010" }, "geometry": { "type": "MultiLineString", "coordinates": [ [ [ -76.915941, 36.655070 ], [ -76.916251, 36.651872 ], [ -76.916221, 36.651800 ], [ -76.916207, 36.651740 ], [ -76.916181, 36.651614 ], [ -76.916233, 36.651579 ], [ -76.916220, 36.651519 ], [ -76.916295, 36.651445 ], [ -76.916381, 36.651249 ] ], [ [ -76.914839, 36.655413 ], [ -76.915941, 36.655070 ] ] ] } }
,
{ "type": "Feature", "properties": { "STATEFP": "51", "COUNTYFP": "620", "ANSICODE": "", "LINEARID": "110444693178", "FULLNAME": "", "ARTPATH": "N", "MTFCC": "H3010" }, "geometry": { "type": "LineString", "coordinates": [ [ -76.915506, 36.658522 ], [ -76.915377, 36.658506 ], [ -76.915029, 36.658533 ], [ -76.914627, 36.658594 ], [ -76.914422, 36.658566 ] ] } }
,
{ "type": "Feature", "properties": { "STATEFP": "51", "COUNTYFP": "620", "ANSICODE": "", "LINEARID": "1102216012588", "FULLNAME": "", "ARTPATH": "U", "MTFCC": "H3010" }, "geometry": { "type": "LineString", "coordinates": [ [ -76.924629, 36.707729 ], [ -76.925646, 36.706963 ], [ -76.926250, 36.706728 ], [ -76.926695, 36.706762 ], [ -76.926893, 36.706534 ], [ -76.926776, 36.706443 ], [ -76.926072, 36.706209 ], [ -76.925804, 36.706152 ], [ -76.925442, 36.705913 ], [ -76.925625, 36.705593 ], [ -76.925885, 36.705333 ], [ -76.926961, 36.705172 ], [ -76.928333, 36.704689 ], [ -76.928729, 36.704765 ], [ -76.929836, 36.705361 ], [ -76.930114, 36.705305 ], [ -76.930272, 36.704996 ], [ -76.930071, 36.704600 ], [ -76.929563, 36.704342 ], [ -76.928884, 36.704118 ], [ -76.928623, 36.703815 ], [ -76.928184, 36.703045 ], [ -76.927963, 36.702824 ], [ -76.927450, 36.702648 ], [ -76.927241, 36.701915 ], [ -76.927342, 36.701371 ], [ -76.927736, 36.700873 ], [ -76.927962, 36.700502 ], [ -76.927882, 36.700339 ], [ -76.927401, 36.700183 ], [ -76.926731, 36.700286 ], [ -76.926490, 36.700311 ], [ -76.926049, 36.699960 ], [ -76.925926, 36.699604 ], [ -76.926158, 36.699232 ], [ -76.926251, 36.698862 ], [ -76.926142, 36.698587 ], [ -76.925832, 36.698378 ], [ -76.925691, 36.698329 ], [ -76.925229, 36.698421 ], [ -76.924958, 36.698648 ], [ -76.924832, 36.699132 ], [ -76.924449, 36.699163 ], [ -76.924063, 36.699095 ], [ -76.923824, 36.698740 ], [ -76.923504, 36.698832 ], [ -76.923125, 36.699036 ], [ -76.922958, 36.699756 ], [ -76.922396, 36.699988 ], [ -76.921747, 36.699838 ], [ -76.921268, 36.699759 ], [ -76.921056, 36.699873 ], [ -76.921018, 36.700171 ], [ -76.920912, 36.700259 ], [ -76.920733, 36.700293 ], [ -76.920602, 36.700283 ], [ -76.920407, 36.700175 ], [ -76.920339, 36.699904 ], [ -76.920275, 36.699045 ], [ -76.920044, 36.699018 ], [ -76.918853, 36.699606 ], [ -76.918661, 36.699751 ], [ -76.918422, 36.700040 ], [ -76.918365, 36.700214 ], [ -76.918575, 36.700643 ], [ -76.918424, 36.700757 ], [ -76.918221, 36.700612 ], [ -76.918045, 36.700330 ], [ -76.917735, 36.700212 ], [ -76.917430, 36.700315 ], [ -76.916913, 36.699916 ], [ -76.916672, 36.700080 ], [ -76.916300, 36.700581 ], [ -76.915999, 36.700833 ], [ -76.915772, 36.700985 ], [ -76.915386, 36.700905 ], [ -76.915059, 36.700737 ], [ -76.914206, 36.700098 ], [ -76.913541, 36.699599 ], [ -76.912463, 36.698874 ], [ -76.912221, 36.698408 ], [ -76.912360, 36.697824 ], [ -76.913245, 36.696968 ], [ -76.913143, 36.696574 ], [ -76.913031, 36.696353 ], [ -76.913101, 36.696105 ], [ -76.913479, 36.695851 ], [ -76.913889, 36.695672 ], [ -76.914505, 36.695093 ], [ -76.915070, 36.694663 ], [ -76.915487, 36.694743 ], [ -76.915810, 36.695381 ], [ -76.916300, 36.695311 ], [ -76.916505, 36.694924 ], [ -76.916361, 36.694061 ], [ -76.916015, 36.693757 ], [ -76.915460, 36.693655 ], [ -76.915434, 36.693235 ], [ -76.915846, 36.693117 ], [ -76.917080, 36.693344 ], [ -76.917335, 36.693093 ], [ -76.917328, 36.693043 ], [ -76.917203, 36.692105 ], [ -76.917039, 36.690759 ], [ -76.917224, 36.690175 ], [ -76.917528, 36.690046 ], [ -76.917884, 36.690152 ], [ -76.918104, 36.690359 ], [ -76.918347, 36.690219 ], [ -76.918643, 36.689793 ], [ -76.918647, 36.689336 ], [ -76.918981, 36.689182 ], [ -76.919568, 36.689296 ], [ -76.919746, 36.689058 ], [ -76.919586, 36.688776 ], [ -76.918493, 36.688670 ], [ -76.917625, 36.687769 ], [ -76.917657, 36.687199 ], [ -76.918068, 36.687032 ], [ -76.918646, 36.686824 ], [ -76.920004, 36.686134 ], [ -76.920870, 36.686022 ], [ -76.920984, 36.686007 ], [ -76.921115, 36.685733 ], [ -76.920953, 36.685402 ], [ -76.920531, 36.685099 ], [ -76.920638, 36.683823 ], [ -76.920915, 36.683237 ], [ -76.921921, 36.682640 ], [ -76.921912, 36.682491 ], [ -76.922266, 36.682518 ], [ -76.922568, 36.682813 ], [ -76.922688, 36.683552 ], [ -76.922820, 36.683742 ], [ -76.923061, 36.683812 ], [ -76.923308, 36.683795 ], [ -76.923576, 36.683649 ], [ -76.923878, 36.683196 ], [ -76.924047, 36.682452 ], [ -76.924163, 36.682408 ], [ -76.924327, 36.682394 ], [ -76.924480, 36.682421 ], [ -76.924476, 36.683299 ], [ -76.924575, 36.683913 ], [ -76.924989, 36.683886 ], [ -76.925167, 36.683583 ], [ -76.925180, 36.683342 ], [ -76.925073, 36.682459 ], [ -76.925063, 36.682379 ], [ -76.924982, 36.682195 ], [ -76.924672, 36.681990 ], [ -76.924451, 36.681844 ], [ -76.923150, 36.681395 ], [ -76.922458, 36.681357 ], [ -76.921455, 36.681781 ], [ -76.920422, 36.681625 ], [ -76.919961, 36.681384 ], [ -76.918928, 36.680845 ], [ -76.918298, 36.680508 ], [ -76.917309, 36.679980 ], [ -76.916852, 36.679538 ], [ -76.916467, 36.679165 ], [ -76.916425, 36.678683 ], [ -76.917129, 36.676111 ], [ -76.917851, 36.675531 ], [ -76.919013, 36.674695 ], [ -76.918595, 36.674232 ], [ -76.917729, 36.674023 ], [ -76.916145, 36.674531 ], [ -76.914856, 36.674564 ], [ -76.913445, 36.674043 ], [ -76.912015, 36.672717 ], [ -76.911844, 36.672015 ], [ -76.911970, 36.670912 ], [ -76.912163, 36.669307 ], [ -76.913239, 36.668249 ], [ -76.915053, 36.666538 ], [ -76.915661, 36.665717 ], [ -76.916401, 36.664482 ], [ -76.917742, 36.662368 ], [ -76.917749, 36.661251 ], [ -76.917636, 36.661113 ], [ -76.917377, 36.660798 ], [ -76.916776, 36.660549 ], [ -76.916264, 36.660208 ], [ -76.916029, 36.660051 ], [ -76.915935, 36.660001 ], [ -76.915559, 36.659803 ], [ -76.914651, 36.659725 ], [ -76.913801, 36.659300 ], [ -76.913728, 36.659063 ], [ -76.913720, 36.659035 ], [ -76.913786, 36.658907 ], [ -76.913957, 36.658575 ], [ -76.913946, 36.658476 ], [ -76.913913, 36.658183 ], [ -76.913881, 36.657892 ], [ -76.913873, 36.657825 ], [ -76.913254, 36.657175 ], [ -76.913070, 36.656981 ], [ -76.912096, 36.655816 ], [ -76.912077, 36.655793 ], [ -76.912058, 36.655453 ], [ -76.912021, 36.654793 ], [ -76.912383, 36.653470 ], [ -76.912964, 36.652082 ], [ -76.912957, 36.652008 ], [ -76.912958, 36.651413 ], [ -76.912890, 36.651300 ], [ -76.912749, 36.651009 ], [ -76.912598, 36.650697 ], [ -76.912458, 36.650638 ], [ -76.912323, 36.650581 ], [ -76.912188, 36.650524 ], [ -76.911858, 36.650385 ], [ -76.911745, 36.650338 ], [ -76.911156, 36.650093 ], [ -76.910569, 36.649849 ], [ -76.910376, 36.649431 ], [ -76.910182, 36.649013 ], [ -76.910155, 36.648955 ], [ -76.909753, 36.648306 ], [ -76.909712, 36.648240 ], [ -76.909672, 36.648175 ] ] } }
,
{ "type": "Feature", "properties": { "STATEFP": "51", "COUNTYFP": "620", "ANSICODE": "", "LINEARID": "110444693169", "FULLNAME": "", "ARTPATH": "N", "MTFCC": "H3010" }, "geometry": { "type": "LineString", "coordinates": [ [ -76.967978, 36.683217 ], [ -76.967922, 36.683263 ], [ -76.967961, 36.683309 ] ] } }
,
{ "type": "Feature", "properties": { "STATEFP": "51", "COUNTYFP": "620", "ANSICODE": "", "LINEARID": "110444693230", "FULLNAME": "", "ARTPATH": "N", "MTFCC": "H3020" }, "geometry": { "type": "LineString", "coordinates": [ [ -76.958152, 36.668806 ], [ -76.959458, 36.668276 ], [ -76.961029, 36.667635 ] ] } }
,
{ "type": "Feature", "properties": { "STATEFP": "51", "COUNTYFP": "620", "ANSICODE": "", "LINEARID": "110444693198", "FULLNAME": "", "ARTPATH": "N", "MTFCC": "H3010" }, "geometry": { "type": "LineString", "coordinates": [ [ -76.943832, 36.675719 ], [ -76.943634, 36.675724 ], [ -76.943314, 36.675812 ], [ -76.943095, 36.675603 ], [ -76.942551, 36.674879 ], [ -76.942100, 36.674279 ], [ -76.941377, 36.673763 ], [ -76.940101, 36.674197 ] ] } }
,
{ "type": "Feature", "properties": { "STATEFP": "51", "COUNTYFP": "620", "ANSICODE": "", "LINEARID": "110444693200", "FULLNAME": "", "ARTPATH": "N", "MTFCC": "H3010" }, "geometry": { "type": "LineString", "coordinates": [ [ -76.920468, 36.672373 ], [ -76.920099, 36.671774 ], [ -76.919970, 36.671312 ], [ -76.919840, 36.671054 ], [ -76.919281, 36.670340 ], [ -76.918879, 36.669906 ], [ -76.918696, 36.669738 ], [ -76.918686, 36.669719 ], [ -76.918664, 36.669708 ], [ -76.918388, 36.669455 ], [ -76.918284, 36.669403 ], [ -76.917706, 36.669120 ] ] } }
,
{ "type": "Feature", "properties": { "STATEFP": "51", "COUNTYFP": "620", "ANSICODE": "", "LINEARID": "110444693196", "FULLNAME": "", "ARTPATH": "N", "MTFCC": "H3010" }, "geometry": { "type": "LineString", "coordinates": [ [ -76.950312, 36.683843 ], [ -76.950045, 36.683548 ], [ -76.949712, 36.683178 ], [ -76.949248, 36.682794 ], [ -76.949228, 36.682755 ], [ -76.948600, 36.681547 ], [ -76.948187, 36.681015 ], [ -76.948007, 36.680783 ], [ -76.947897, 36.680525 ], [ -76.947604, 36.680003 ], [ -76.947549, 36.679860 ], [ -76.947024, 36.679240 ], [ -76.946090, 36.678372 ], [ -76.945796, 36.678163 ], [ -76.945728, 36.677900 ], [ -76.945544, 36.677603 ], [ -76.945544, 36.677432 ], [ -76.945612, 36.677284 ], [ -76.945626, 36.676911 ], [ -76.945544, 36.676564 ] ] } }
,
{ "type": "Feature", "properties": { "STATEFP": "51", "COUNTYFP": "620", "ANSICODE": "", "LINEARID": "110444693134", "FULLNAME": "", "ARTPATH": "U", "MTFCC": "H3010" }, "geometry": { "type": "LineString", "coordinates": [ [ -76.942996, 36.705494 ], [ -76.942614, 36.705415 ], [ -76.942246, 36.705542 ], [ -76.941490, 36.705489 ], [ -76.940883, 36.705583 ] ] } }
,
{ "type": "Feature", "properties": { "STATEFP": "51", "COUNTYFP": "620", "ANSICODE": "", "LINEARID": "110444693140", "FULLNAME": "", "ARTPATH": "U", "MTFCC": "H3010" }, "geometry": { "type": "LineString", "coordinates": [ [ -76.920614, 36.690710 ], [ -76.920889, 36.689826 ], [ -76.920968, 36.688434 ], [ -76.920992, 36.688021 ], [ -76.920969, 36.686522 ], [ -76.920898, 36.686159 ] ] } }
,
{ "type": "Feature", "properties": { "STATEFP": "51", "COUNTYFP": "620", "ANSICODE": "", "LINEARID": "110444693147", "FULLNAME": "", "ARTPATH": "U", "MTFCC": "H3010" }, "geometry": { "type": "LineString", "coordinates": [ [ -76.924726, 36.695765 ], [ -76.924625, 36.696512 ] ] } }
,
{ "type": "Feature", "properties": { "STATEFP": "51", "COUNTYFP": "620", "ANSICODE": "", "LINEARID": "110444693182", "FULLNAME": "", "ARTPATH": "N", "MTFCC": "H3010" }, "geometry": { "type": "LineString", "coordinates": [ [ -76.947861, 36.705993 ], [ -76.947165, 36.705933 ], [ -76.946599, 36.705713 ], [ -76.946292, 36.705510 ], [ -76.945930, 36.705361 ], [ -76.945671, 36.705416 ], [ -76.945139, 36.705603 ], [ -76.944839, 36.705521 ], [ -76.944463, 36.705609 ], [ -76.944102, 36.705559 ], [ -76.943324, 36.705636 ] ] } }
,
{ "type": "Feature", "properties": { "STATEFP": "51", "COUNTYFP": "620", "ANSICODE": "", "LINEARID": "110444693164", "FULLNAME": "", "ARTPATH": "N", "MTFCC": "H3010" }, "geometry": { "type": "MultiLineString", "coordinates": [ [ [ -76.934447, 36.690270 ], [ -76.934175, 36.690403 ], [ -76.934018, 36.690590 ], [ -76.933847, 36.690727 ], [ -76.933315, 36.690876 ], [ -76.933097, 36.691030 ], [ -76.932697, 36.691509 ], [ -76.932620, 36.691601 ], [ -76.932292, 36.692320 ], [ -76.932176, 36.692480 ] ], [ [ -76.934611, 36.690189 ], [ -76.934447, 36.690270 ] ] ] } }
,
{ "type": "Feature", "properties": { "STATEFP": "51", "COUNTYFP": "620", "ANSICODE": "", "LINEARID": "110444693174", "FULLNAME": "", "ARTPATH": "N", "MTFCC": "H3010" }, "geometry": { "type": "LineString", "coordinates": [ [ -76.940101, 36.676158 ], [ -76.939931, 36.675060 ], [ -76.939866, 36.674475 ], [ -76.939856, 36.674389 ], [ -76.940055, 36.674233 ], [ -76.940101, 36.674197 ] ] } }
,
{ "type": "Feature", "properties": { "STATEFP": "51", "COUNTYFP": "620", "ANSICODE": "", "LINEARID": "110444693168", "FULLNAME": "", "ARTPATH": "N", "MTFCC": "H3010" }, "geometry": { "type": "MultiLineString", "coordinates": [ [ [ -76.967855, 36.683851 ], [ -76.967836, 36.683796 ], [ -76.967869, 36.683781 ] ], [ [ -76.968101, 36.684603 ], [ -76.967760, 36.684274 ], [ -76.967688, 36.684076 ], [ -76.967855, 36.683851 ] ] ] } }
,
{ "type": "Feature", "properties": { "STATEFP": "51", "COUNTYFP": "620", "ANSICODE": "", "LINEARID": "110444693225", "FULLNAME": "", "ARTPATH": "N", "MTFCC": "H3020" }, "geometry": { "type": "LineString", "coordinates": [ [ -76.953593, 36.671050 ], [ -76.953481, 36.670630 ] ] } }
,
{ "type": "Feature", "properties": { "STATEFP": "51", "COUNTYFP": "620", "ANSICODE": "", "LINEARID": "110444693203", "FULLNAME": "", "ARTPATH": "N", "MTFCC": "H3010" }, "geometry": { "type": "LineString", "coordinates": [ [ -76.966353, 36.688181 ], [ -76.966349, 36.688147 ], [ -76.966353, 36.688139 ], [ -76.966371, 36.688107 ], [ -76.966557, 36.687711 ], [ -76.966621, 36.687731 ] ] } }
,
{ "type": "Feature", "properties": { "STATEFP": "51", "COUNTYFP": "620", "ANSICODE": "", "LINEARID": "110444693201", "FULLNAME": "", "ARTPATH": "N", "MTFCC": "H3010" }, "geometry": { "type": "LineString", "coordinates": [ [ -76.960706, 36.679952 ], [ -76.960780, 36.679655 ], [ -76.960814, 36.679276 ], [ -76.960896, 36.679139 ], [ -76.961380, 36.678592 ] ] } }
,
{ "type": "Feature", "properties": { "STATEFP": "51", "COUNTYFP": "620", "ANSICODE": "", "LINEARID": "110444693129", "FULLNAME": "", "ARTPATH": "U", "MTFCC": "H3010" }, "geometry": { "type": "LineString", "coordinates": [ [ -76.937101, 36.693996 ], [ -76.936858, 36.694134 ], [ -76.936850, 36.694256 ], [ -76.936726, 36.694309 ] ] } }
,
{ "type": "Feature", "properties": { "STATEFP": "51", "COUNTYFP": "620", "ANSICODE": "", "LINEARID": "110444693157", "FULLNAME": "", "ARTPATH": "N", "MTFCC": "H3010" }, "geometry": { "type": "LineString", "coordinates": [ [ -76.927736, 36.683921 ], [ -76.927491, 36.683789 ], [ -76.927272, 36.683712 ], [ -76.927034, 36.683657 ], [ -76.926215, 36.683668 ], [ -76.926065, 36.683629 ], [ -76.925888, 36.683382 ], [ -76.925690, 36.683327 ], [ -76.925261, 36.683333 ] ] } }
,
{ "type": "Feature", "properties": { "STATEFP": "51", "COUNTYFP": "620", "ANSICODE": "", "LINEARID": "110444693151", "FULLNAME": "", "ARTPATH": "U", "MTFCC": "H3010" }, "geometry": { "type": "LineString", "coordinates": [ [ -76.957135, 36.703630 ], [ -76.956457, 36.703970 ] ] } }
,
{ "type": "Feature", "properties": { "STATEFP": "51", "COUNTYFP": "620", "ANSICODE": "", "LINEARID": "110444693212", "FULLNAME": "", "ARTPATH": "N", "MTFCC": "H3020" }, "geometry": { "type": "LineString", "coordinates": [ [ -76.947342, 36.664902 ], [ -76.947861, 36.664457 ], [ -76.947881, 36.664385 ], [ -76.947847, 36.664341 ], [ -76.947342, 36.664006 ], [ -76.945753, 36.663210 ] ] } }
,
{ "type": "Feature", "properties": { "STATEFP": "51", "COUNTYFP": "620", "ANSICODE": "", "LINEARID": "110444693172", "FULLNAME": "", "ARTPATH": "N", "MTFCC": "H3010" }, "geometry": { "type": "LineString", "coordinates": [ [ -76.913886, 36.650496 ], [ -76.913665, 36.650500 ], [ -76.913307, 36.650507 ], [ -76.913170, 36.650468 ], [ -76.913027, 36.650419 ], [ -76.912897, 36.650441 ], [ -76.912679, 36.650545 ] ] } }
,
{ "type": "Feature", "properties": { "STATEFP": "51", "COUNTYFP": "620", "ANSICODE": "", "LINEARID": "110444693173", "FULLNAME": "", "ARTPATH": "N", "MTFCC": "H3010" }, "geometry": { "type": "LineString", "coordinates": [ [ -76.913668, 36.648889 ], [ -76.913641, 36.648930 ], [ -76.913607, 36.649013 ], [ -76.913627, 36.649095 ], [ -76.913777, 36.649227 ], [ -76.913893, 36.649529 ], [ -76.913934, 36.650331 ], [ -76.913886, 36.650496 ] ] } }
,
{ "type": "Feature", "properties": { "STATEFP": "51", "COUNTYFP": "620", "ANSICODE": "", "LINEARID": "110444693222", "FULLNAME": "", "ARTPATH": "N", "MTFCC": "H3020" }, "geometry": { "type": "LineString", "coordinates": [ [ -76.957020, 36.669268 ], [ -76.957821, 36.668940 ], [ -76.958152, 36.668806 ] ] } }
,
{ "type": "Feature", "properties": { "STATEFP": "51", "COUNTYFP": "620", "ANSICODE": "", "LINEARID": "110444693171", "FULLNAME": "", "ARTPATH": "N", "MTFCC": "H3010" }, "geometry": { "type": "LineString", "coordinates": [ [ -76.968018, 36.683014 ], [ -76.968000, 36.682992 ], [ -76.968027, 36.682971 ], [ -76.967679, 36.682557 ], [ -76.967616, 36.682280 ], [ -76.967540, 36.682126 ], [ -76.967400, 36.681984 ], [ -76.967290, 36.681709 ], [ -76.966690, 36.680849 ], [ -76.966419, 36.680555 ], [ -76.966186, 36.680363 ], [ -76.965781, 36.680166 ], [ -76.965601, 36.680030 ], [ -76.965543, 36.679987 ], [ -76.965425, 36.679896 ], [ -76.964485, 36.678869 ] ] } }
,
{ "type": "Feature", "properties": { "STATEFP": "51", "COUNTYFP": "620", "ANSICODE": "", "LINEARID": "110444693228", "FULLNAME": "", "ARTPATH": "N", "MTFCC": "H3020" }, "geometry": { "type": "LineString", "coordinates": [ [ -76.922298, 36.657980 ], [ -76.922898, 36.658018 ], [ -76.924541, 36.658205 ], [ -76.925952, 36.658194 ], [ -76.926199, 36.658173 ], [ -76.927827, 36.658035 ] ] } }
,
{ "type": "Feature", "properties": { "STATEFP": "51", "COUNTYFP": "620", "ANSICODE": "", "LINEARID": "110444693207", "FULLNAME": "", "ARTPATH": "N", "MTFCC": "H3010" }, "geometry": { "type": "LineString", "coordinates": [ [ -76.967345, 36.686484 ], [ -76.967345, 36.686463 ], [ -76.967390, 36.686034 ], [ -76.967723, 36.685771 ], [ -76.967787, 36.685657 ], [ -76.967841, 36.685629 ] ] } }
,
{ "type": "Feature", "properties": { "STATEFP": "51", "COUNTYFP": "620", "ANSICODE": "", "LINEARID": "110444693175", "FULLNAME": "", "ARTPATH": "N", "MTFCC": "H3010" }, "geometry": { "type": "LineString", "coordinates": [ [ -76.960453, 36.680364 ], [ -76.960706, 36.679952 ] ] } }
,
{ "type": "Feature", "properties": { "STATEFP": "51", "COUNTYFP": "620", "ANSICODE": "", "LINEARID": "110444693144", "FULLNAME": "", "ARTPATH": "U", "MTFCC": "H3010" }, "geometry": { "type": "LineString", "coordinates": [ [ -76.935017, 36.694983 ], [ -76.933336, 36.693194 ] ] } }
,
{ "type": "Feature", "properties": { "STATEFP": "51", "COUNTYFP": "620", "ANSICODE": "", "LINEARID": "110444693150", "FULLNAME": "", "ARTPATH": "U", "MTFCC": "H3010" }, "geometry": { "type": "LineString", "coordinates": [ [ -76.952050, 36.705992 ], [ -76.951470, 36.706245 ] ] } }
,
{ "type": "Feature", "properties": { "STATEFP": "51", "COUNTYFP": "620", "ANSICODE": "", "LINEARID": "110444693143", "FULLNAME": "", "ARTPATH": "U", "MTFCC": "H3010" }, "geometry": { "type": "LineString", "coordinates": [ [ -76.916663, 36.658502 ], [ -76.915972, 36.658672 ], [ -76.915506, 36.658522 ] ] } }
,
{ "type": "Feature", "properties": { "STATEFP": "51", "COUNTYFP": "620", "ANSICODE": "", "LINEARID": "110444693132", "FULLNAME": "", "ARTPATH": "U", "MTFCC": "H3010" }, "geometry": { "type": "LineString", "coordinates": [ [ -76.936174, 36.704824 ], [ -76.936151, 36.702864 ], [ -76.935448, 36.701178 ], [ -76.933320, 36.700394 ], [ -76.928720, 36.700326 ], [ -76.927953, 36.700264 ] ] } }
,
{ "type": "Feature", "properties": { "STATEFP": "51", "COUNTYFP": "620", "ANSICODE": "", "LINEARID": "110444693148", "FULLNAME": "", "ARTPATH": "U", "MTFCC": "H3010" }, "geometry": { "type": "LineString", "coordinates": [ [ -76.928057, 36.692187 ], [ -76.927982, 36.691949 ], [ -76.928259, 36.691101 ], [ -76.928023, 36.690289 ], [ -76.928070, 36.689453 ] ] } }
,
{ "type": "Feature", "properties": { "STATEFP": "51", "COUNTYFP": "620", "ANSICODE": "", "LINEARID": "110444693213", "FULLNAME": "", "ARTPATH": "N", "MTFCC": "H3020" }, "geometry": { "type": "LineString", "coordinates": [ [ -76.919372, 36.694352 ], [ -76.920464, 36.691204 ], [ -76.920614, 36.690710 ] ] } }
,
{ "type": "Feature", "properties": { "STATEFP": "51", "COUNTYFP": "620", "ANSICODE": "", "LINEARID": "110444693177", "FULLNAME": "", "ARTPATH": "N", "MTFCC": "H3010" }, "geometry": { "type": "LineString", "coordinates": [ [ -76.953173, 36.693736 ], [ -76.952886, 36.693758 ], [ -76.952770, 36.693731 ], [ -76.952606, 36.693841 ], [ -76.952463, 36.693863 ], [ -76.952320, 36.693841 ], [ -76.952170, 36.693879 ], [ -76.951481, 36.693901 ], [ -76.951044, 36.693841 ], [ -76.950391, 36.693789 ], [ -76.950294, 36.693781 ], [ -76.950062, 36.693693 ], [ -76.949496, 36.693775 ], [ -76.948718, 36.693819 ], [ -76.948275, 36.693874 ], [ -76.946515, 36.694358 ], [ -76.946131, 36.694601 ], [ -76.945744, 36.694847 ], [ -76.945362, 36.695028 ], [ -76.945171, 36.695204 ], [ -76.945137, 36.695770 ], [ -76.945083, 36.695902 ], [ -76.944878, 36.696116 ], [ -76.944714, 36.696198 ], [ -76.944462, 36.696264 ], [ -76.944278, 36.696275 ], [ -76.943869, 36.696160 ], [ -76.943527, 36.696221 ], [ -76.943296, 36.696292 ], [ -76.942941, 36.696314 ], [ -76.942450, 36.696435 ], [ -76.942238, 36.696435 ], [ -76.942115, 36.696407 ], [ -76.941836, 36.696221 ] ] } }
,
{ "type": "Feature", "properties": { "STATEFP": "51", "COUNTYFP": "620", "ANSICODE": "", "LINEARID": "110444693184", "FULLNAME": "", "ARTPATH": "N", "MTFCC": "H3010" }, "geometry": { "type": "LineString", "coordinates": [ [ -76.925058, 36.666814 ], [ -76.925263, 36.666890 ], [ -76.925745, 36.666887 ], [ -76.926006, 36.666885 ], [ -76.926197, 36.666742 ], [ -76.926319, 36.666693 ], [ -76.926933, 36.666621 ], [ -76.927298, 36.666486 ], [ -76.927465, 36.666424 ], [ -76.928386, 36.665851 ], [ -76.928509, 36.665775 ], [ -76.929487, 36.665016 ], [ -76.929709, 36.664844 ], [ -76.929811, 36.664765 ], [ -76.930247, 36.664446 ], [ -76.930339, 36.664352 ], [ -76.930902, 36.663776 ], [ -76.931079, 36.663655 ], [ -76.931264, 36.663617 ], [ -76.931383, 36.663617 ], [ -76.931905, 36.663617 ], [ -76.931992, 36.663593 ], [ -76.932205, 36.663534 ], [ -76.932532, 36.663353 ], [ -76.932832, 36.663353 ], [ -76.933023, 36.663326 ], [ -76.933077, 36.663265 ], [ -76.933050, 36.662859 ], [ -76.933098, 36.662776 ], [ -76.933207, 36.662710 ], [ -76.933473, 36.662710 ], [ -76.934816, 36.662941 ], [ -76.935246, 36.663034 ], [ -76.935573, 36.663177 ], [ -76.936309, 36.663452 ], [ -76.936521, 36.663534 ], [ -76.936753, 36.663683 ], [ -76.937312, 36.663842 ], [ -76.937948, 36.664306 ], [ -76.939208, 36.665226 ], [ -76.939650, 36.665401 ], [ -76.940251, 36.665638 ], [ -76.940510, 36.665748 ], [ -76.941153, 36.665949 ], [ -76.941482, 36.666052 ], [ -76.942863, 36.666484 ], [ -76.943299, 36.666561 ], [ -76.947384, 36.666517 ], [ -76.947506, 36.666561 ], [ -76.947627, 36.666635 ], [ -76.947820, 36.666753 ], [ -76.947895, 36.666753 ], [ -76.948359, 36.666599 ], [ -76.950084, 36.665973 ], [ -76.950159, 36.665973 ], [ -76.950207, 36.666016 ], [ -76.951339, 36.668093 ], [ -76.951502, 36.668358 ], [ -76.952130, 36.669378 ], [ -76.952512, 36.669823 ], [ -76.952826, 36.670125 ], [ -76.953481, 36.670630 ], [ -76.953494, 36.669999 ], [ -76.953590, 36.669030 ], [ -76.953623, 36.668691 ], [ -76.953651, 36.667889 ], [ -76.953691, 36.667818 ], [ -76.953801, 36.667801 ], [ -76.954005, 36.667845 ], [ -76.954060, 36.667818 ], [ -76.954159, 36.667453 ], [ -76.954373, 36.666670 ], [ -76.954748, 36.664884 ], [ -76.954836, 36.664807 ], [ -76.955245, 36.664708 ], [ -76.955395, 36.664708 ], [ -76.955470, 36.664730 ], [ -76.955928, 36.666059 ], [ -76.955982, 36.666323 ], [ -76.956030, 36.666860 ], [ -76.956044, 36.667010 ], [ -76.956024, 36.667521 ], [ -76.956203, 36.667923 ], [ -76.956253, 36.668030 ], [ -76.956288, 36.668121 ], [ -76.956330, 36.668157 ], [ -76.956330, 36.668182 ], [ -76.957020, 36.669268 ], [ -76.957095, 36.669465 ] ] } }
,
{ "type": "Feature", "properties": { "STATEFP": "51", "COUNTYFP": "620", "ANSICODE": "", "LINEARID": "110444693219", "FULLNAME": "", "ARTPATH": "N", "MTFCC": "H3020" }, "geometry": { "type": "LineString", "coordinates": [ [ -76.944593, 36.661620 ], [ -76.944410, 36.661787 ] ] } }
,
{ "type": "Feature", "properties": { "STATEFP": "51", "COUNTYFP": "620", "ANSICODE": "", "LINEARID": "110444693223", "FULLNAME": "", "ARTPATH": "N", "MTFCC": "H3020" }, "geometry": { "type": "LineString", "coordinates": [ [ -76.947060, 36.661859 ], [ -76.946151, 36.662917 ], [ -76.945753, 36.663210 ] ] } }
,
{ "type": "Feature", "properties": { "STATEFP": "51", "COUNTYFP": "620", "ANSICODE": "", "LINEARID": "110444693224", "FULLNAME": "", "ARTPATH": "N", "MTFCC": "H3020" }, "geometry": { "type": "LineString", "coordinates": [ [ -76.930922, 36.666462 ], [ -76.930651, 36.666017 ], [ -76.929995, 36.664940 ], [ -76.929811, 36.664765 ] ] } }
,
{ "type": "Feature", "properties": { "STATEFP": "51", "COUNTYFP": "620", "ANSICODE": "", "LINEARID": "110444693205", "FULLNAME": "", "ARTPATH": "N", "MTFCC": "H3010" }, "geometry": { "type": "LineString", "coordinates": [ [ -76.918447, 36.651192 ], [ -76.918131, 36.651188 ], [ -76.918012, 36.651140 ], [ -76.917673, 36.651224 ], [ -76.916649, 36.651291 ], [ -76.916381, 36.651249 ] ] } }
,
{ "type": "Feature", "properties": { "STATEFP": "51", "COUNTYFP": "620", "ANSICODE": "", "LINEARID": "110444693217", "FULLNAME": "", "ARTPATH": "N", "MTFCC": "H3020" }, "geometry": { "type": "LineString", "coordinates": [ [ -76.943585, 36.662551 ], [ -76.943074, 36.662968 ], [ -76.942446, 36.663408 ], [ -76.941164, 36.664853 ], [ -76.941029, 36.664968 ], [ -76.940752, 36.665207 ], [ -76.940288, 36.665606 ], [ -76.940251, 36.665638 ] ] } }
,
{ "type": "Feature", "properties": { "STATEFP": "51", "COUNTYFP": "620", "ANSICODE": "", "LINEARID": "110444693226", "FULLNAME": "", "ARTPATH": "N", "MTFCC": "H3020" }, "geometry": { "type": "LineString", "coordinates": [ [ -76.961029, 36.667635 ], [ -76.961768, 36.667340 ] ] } }
,
{ "type": "Feature", "properties": { "STATEFP": "51", "COUNTYFP": "620", "ANSICODE": "", "LINEARID": "110444693197", "FULLNAME": "", "ARTPATH": "N", "MTFCC": "H3010" }, "geometry": { "type": "LineString", "coordinates": [ [ -76.940101, 36.674197 ], [ -76.939583, 36.673807 ], [ -76.939351, 36.673576 ], [ -76.939146, 36.673324 ], [ -76.938776, 36.672700 ], [ -76.938710, 36.672588 ], [ -76.938649, 36.672602 ], [ -76.937558, 36.672862 ], [ -76.936794, 36.672731 ], [ -76.935300, 36.672274 ], [ -76.934741, 36.672231 ], [ -76.933936, 36.672285 ], [ -76.932968, 36.672439 ], [ -76.931979, 36.673126 ], [ -76.931174, 36.673950 ], [ -76.930806, 36.674247 ], [ -76.930172, 36.674505 ], [ -76.929408, 36.674763 ], [ -76.929162, 36.674812 ], [ -76.928353, 36.674830 ], [ -76.928146, 36.674834 ], [ -76.927995, 36.674842 ], [ -76.927784, 36.674853 ], [ -76.927280, 36.674878 ], [ -76.926632, 36.674785 ], [ -76.926492, 36.674741 ], [ -76.926203, 36.674653 ], [ -76.925643, 36.674647 ], [ -76.925439, 36.674581 ], [ -76.925271, 36.674560 ], [ -76.925180, 36.674548 ], [ -76.925071, 36.674570 ], [ -76.924020, 36.675103 ], [ -76.923800, 36.675199 ], [ -76.923331, 36.675405 ], [ -76.923113, 36.675471 ], [ -76.922813, 36.675499 ], [ -76.922615, 36.675488 ], [ -76.922417, 36.675411 ], [ -76.922270, 36.675329 ], [ -76.922240, 36.675312 ], [ -76.922077, 36.675169 ], [ -76.921622, 36.674635 ], [ -76.921538, 36.674537 ], [ -76.921382, 36.674313 ], [ -76.921231, 36.674098 ], [ -76.921095, 36.673960 ], [ -76.920815, 36.673790 ], [ -76.920419, 36.673527 ], [ -76.919111, 36.672658 ], [ -76.918279, 36.672059 ], [ -76.918217, 36.671971 ], [ -76.918210, 36.671905 ], [ -76.918333, 36.671504 ], [ -76.918327, 36.671307 ], [ -76.918231, 36.671081 ], [ -76.917972, 36.670702 ], [ -76.917877, 36.670449 ], [ -76.917884, 36.669840 ], [ -76.917780, 36.669423 ], [ -76.917706, 36.669120 ] ] } }
,
{ "type": "Feature", "properties": { "STATEFP": "51", "COUNTYFP": "620", "ANSICODE": "", "LINEARID": "110444693195", "FULLNAME": "", "ARTPATH": "N", "MTFCC": "H3010" }, "geometry": { "type": "LineString", "coordinates": [ [ -76.945598, 36.672972 ], [ -76.946915, 36.673235 ], [ -76.947856, 36.673424 ], [ -76.948612, 36.673540 ], [ -76.949738, 36.673600 ] ] } }
,
{ "type": "Feature", "properties": { "STATEFP": "51", "COUNTYFP": "620", "ANSICODE": "", "LINEARID": "110444693160", "FULLNAME": "", "ARTPATH": "N", "MTFCC": "H3010" }, "geometry": { "type": "LineString", "coordinates": [ [ -76.936726, 36.694309 ], [ -76.936589, 36.694337 ], [ -76.936433, 36.694370 ] ] } }
,
{ "type": "Feature", "properties": { "STATEFP": "51", "COUNTYFP": "620", "ANSICODE": "", "LINEARID": "110444693155", "FULLNAME": "", "ARTPATH": "N", "MTFCC": "H3010" }, "geometry": { "type": "MultiLineString", "coordinates": [ [ [ -76.930894, 36.692831 ], [ -76.930751, 36.693210 ], [ -76.930512, 36.693507 ], [ -76.930505, 36.693765 ], [ -76.930225, 36.693935 ], [ -76.929591, 36.694891 ], [ -76.929584, 36.695073 ], [ -76.929816, 36.695375 ], [ -76.929891, 36.695562 ], [ -76.929939, 36.695737 ], [ -76.929925, 36.695974 ], [ -76.929891, 36.696457 ] ], [ [ -76.932176, 36.692480 ], [ -76.932067, 36.692540 ], [ -76.931883, 36.692551 ], [ -76.931726, 36.692743 ], [ -76.931596, 36.692793 ], [ -76.931399, 36.692776 ], [ -76.931228, 36.692820 ], [ -76.930894, 36.692831 ] ] ] } }
,
{ "type": "Feature", "properties": { "STATEFP": "51", "COUNTYFP": "620", "ANSICODE": "", "LINEARID": "110444693162", "FULLNAME": "", "ARTPATH": "N", "MTFCC": "H3010" }, "geometry": { "type": "LineString", "coordinates": [ [ -76.940124, 36.705785 ], [ -76.939959, 36.705754 ], [ -76.939892, 36.705741 ], [ -76.939681, 36.705741 ], [ -76.939456, 36.705774 ], [ -76.938930, 36.705939 ] ] } }
,
{ "type": "Feature", "properties": { "STATEFP": "51", "COUNTYFP": "620", "ANSICODE": "", "LINEARID": "110444693159", "FULLNAME": "", "ARTPATH": "N", "MTFCC": "H3010" }, "geometry": { "type": "LineString", "coordinates": [ [ -76.928070, 36.689453 ], [ -76.928193, 36.688651 ], [ -76.928411, 36.688118 ], [ -76.928513, 36.687766 ], [ -76.928568, 36.686904 ], [ -76.928445, 36.686277 ], [ -76.928302, 36.685778 ], [ -76.928050, 36.685179 ], [ -76.927845, 36.684596 ], [ -76.927770, 36.684432 ], [ -76.927736, 36.683921 ] ] } }
,
{ "type": "Feature", "properties": { "STATEFP": "51", "COUNTYFP": "620", "ANSICODE": "", "LINEARID": "110444693136", "FULLNAME": "", "ARTPATH": "U", "MTFCC": "H3010" }, "geometry": { "type": "LineString", "coordinates": [ [ -76.929891, 36.696457 ], [ -76.929367, 36.698760 ], [ -76.926650, 36.697802 ], [ -76.925995, 36.698351 ] ] } }
,
{ "type": "Feature", "properties": { "STATEFP": "51", "COUNTYFP": "620", "ANSICODE": "", "LINEARID": "110444693206", "FULLNAME": "", "ARTPATH": "N", "MTFCC": "H3010" }, "geometry": { "type": "LineString", "coordinates": [ [ -76.924625, 36.696512 ], [ -76.924631, 36.696605 ], [ -76.924754, 36.696731 ], [ -76.925041, 36.696940 ], [ -76.925232, 36.697149 ], [ -76.925348, 36.697352 ], [ -76.925347, 36.697561 ], [ -76.925300, 36.697643 ], [ -76.925136, 36.697781 ], [ -76.924918, 36.697874 ], [ -76.924338, 36.698011 ] ] } }
,
{ "type": "Feature", "properties": { "STATEFP": "51", "COUNTYFP": "620", "ANSICODE": "", "LINEARID": "110444693190", "FULLNAME": "", "ARTPATH": "N", "MTFCC": "H3010" }, "geometry": { "type": "LineString", "coordinates": [ [ -76.952922, 36.701224 ], [ -76.952383, 36.701576 ], [ -76.952172, 36.701757 ], [ -76.951865, 36.702213 ], [ -76.951763, 36.702306 ], [ -76.951565, 36.702378 ], [ -76.951278, 36.702576 ], [ -76.950671, 36.703361 ], [ -76.950398, 36.703510 ], [ -76.950078, 36.703603 ], [ -76.949825, 36.703598 ], [ -76.948843, 36.703460 ], [ -76.948502, 36.703362 ], [ -76.948181, 36.703191 ], [ -76.948072, 36.703164 ], [ -76.947895, 36.703169 ], [ -76.947403, 36.703483 ], [ -76.947212, 36.703548 ], [ -76.946878, 36.703790 ], [ -76.946721, 36.703873 ], [ -76.946319, 36.703900 ], [ -76.945903, 36.703834 ], [ -76.945657, 36.703878 ], [ -76.945364, 36.703988 ], [ -76.944954, 36.704246 ], [ -76.944688, 36.704307 ], [ -76.944497, 36.704274 ], [ -76.944088, 36.704043 ], [ -76.943685, 36.703999 ], [ -76.943481, 36.704010 ], [ -76.943351, 36.704038 ], [ -76.943030, 36.704175 ], [ -76.942979, 36.704266 ], [ -76.942887, 36.704433 ], [ -76.942798, 36.704499 ], [ -76.942567, 36.704521 ] ] } }
,
{ "type": "Feature", "properties": { "STATEFP": "51", "COUNTYFP": "620", "ANSICODE": "", "LINEARID": "110444693220", "FULLNAME": "", "ARTPATH": "N", "MTFCC": "H3020" }, "geometry": { "type": "LineString", "coordinates": [ [ -76.945753, 36.663210 ], [ -76.945460, 36.663034 ], [ -76.945126, 36.662770 ], [ -76.944806, 36.662408 ], [ -76.944486, 36.661907 ], [ -76.944410, 36.661787 ] ] } }
,
{ "type": "Feature", "properties": { "STATEFP": "51", "COUNTYFP": "620", "ANSICODE": "", "LINEARID": "110444693139", "FULLNAME": "", "ARTPATH": "U", "MTFCC": "H3010" }, "geometry": { "type": "LineString", "coordinates": [ [ -76.942567, 36.704521 ], [ -76.942106, 36.704825 ], [ -76.941787, 36.705045 ], [ -76.941186, 36.705158 ], [ -76.940883, 36.705583 ] ] } }
,
{ "type": "Feature", "properties": { "STATEFP": "51", "COUNTYFP": "620", "ANSICODE": "", "LINEARID": "110444693158", "FULLNAME": "", "ARTPATH": "N", "MTFCC": "H3010" }, "geometry": { "type": "LineString", "coordinates": [ [ -76.933663, 36.683097 ], [ -76.933384, 36.683097 ], [ -76.933172, 36.683163 ], [ -76.932852, 36.683344 ], [ -76.932681, 36.683388 ], [ -76.932224, 36.683393 ], [ -76.932115, 36.683415 ], [ -76.932020, 36.683542 ], [ -76.931938, 36.683701 ], [ -76.931815, 36.683783 ], [ -76.931304, 36.683907 ], [ -76.930546, 36.684091 ], [ -76.930321, 36.684091 ], [ -76.930103, 36.683926 ], [ -76.929871, 36.683998 ], [ -76.929223, 36.683833 ], [ -76.928916, 36.683888 ], [ -76.928718, 36.683959 ], [ -76.928521, 36.684042 ], [ -76.928289, 36.684058 ], [ -76.927736, 36.683921 ] ] } }
,
{ "type": "Feature", "properties": { "STATEFP": "51", "COUNTYFP": "620", "ANSICODE": "", "LINEARID": "110444693231", "FULLNAME": "", "ARTPATH": "N", "MTFCC": "H3020" }, "geometry": { "type": "LineString", "coordinates": [ [ -76.958214, 36.668985 ], [ -76.958152, 36.668806 ] ] } }
,
{ "type": "Feature", "properties": { "STATEFP": "51", "COUNTYFP": "620", "ANSICODE": "", "LINEARID": "110444693188", "FULLNAME": "", "ARTPATH": "N", "MTFCC": "H3010" }, "geometry": { "type": "LineString", "coordinates": [ [ -76.915777, 36.666120 ], [ -76.915920, 36.666400 ], [ -76.916152, 36.666719 ], [ -76.916159, 36.667131 ], [ -76.916193, 36.667213 ], [ -76.916282, 36.667290 ], [ -76.916452, 36.667362 ], [ -76.916800, 36.667329 ], [ -76.917073, 36.667455 ] ] } }
,
{ "type": "Feature", "properties": { "STATEFP": "51", "COUNTYFP": "620", "ANSICODE": "", "LINEARID": "110444693166", "FULLNAME": "", "ARTPATH": "N", "MTFCC": "H3010" }, "geometry": { "type": "LineString", "coordinates": [ [ -76.937770, 36.696226 ], [ -76.937715, 36.696226 ], [ -76.937559, 36.696155 ], [ -76.937402, 36.696166 ] ] } }
,
{ "type": "Feature", "properties": { "STATEFP": "51", "COUNTYFP": "620", "ANSICODE": "", "LINEARID": "110444693209", "FULLNAME": "", "ARTPATH": "N", "MTFCC": "H3010" }, "geometry": { "type": "LineString", "coordinates": [ [ -76.939980, 36.691601 ], [ -76.939591, 36.692375 ], [ -76.939249, 36.692703 ], [ -76.939230, 36.692721 ], [ -76.939086, 36.692793 ], [ -76.938800, 36.692864 ], [ -76.938227, 36.693166 ], [ -76.937886, 36.693375 ], [ -76.937722, 36.693562 ], [ -76.937456, 36.693787 ], [ -76.937101, 36.693996 ] ] } }
,
{ "type": "Feature", "properties": { "STATEFP": "51", "COUNTYFP": "620", "ANSICODE": "", "LINEARID": "110444693141", "FULLNAME": "", "ARTPATH": "U", "MTFCC": "H3010" }, "geometry": { "type": "LineString", "coordinates": [ [ -76.935058, 36.689042 ], [ -76.934864, 36.689455 ], [ -76.934826, 36.689938 ], [ -76.934611, 36.690189 ] ] } }
,
{ "type": "Feature", "properties": { "STATEFP": "51", "COUNTYFP": "620", "ANSICODE": "", "LINEARID": "110444693138", "FULLNAME": "", "ARTPATH": "U", "MTFCC": "H3010" }, "geometry": { "type": "LineString", "coordinates": [ [ -76.958381, 36.690677 ], [ -76.957948, 36.690728 ], [ -76.957871, 36.690558 ], [ -76.957953, 36.690319 ], [ -76.958069, 36.690302 ] ] } }
,
{ "type": "Feature", "properties": { "STATEFP": "51", "COUNTYFP": "620", "ANSICODE": "", "LINEARID": "110444693161", "FULLNAME": "", "ARTPATH": "N", "MTFCC": "H3010" }, "geometry": { "type": "LineString", "coordinates": [ [ -76.938930, 36.705939 ], [ -76.938494, 36.705977 ], [ -76.938071, 36.705785 ], [ -76.937880, 36.705747 ], [ -76.937695, 36.705554 ], [ -76.937572, 36.705494 ], [ -76.937327, 36.705445 ], [ -76.936918, 36.705291 ], [ -76.936570, 36.705038 ] ] } }
,
{ "type": "Feature", "properties": { "STATEFP": "51", "COUNTYFP": "620", "ANSICODE": "", "LINEARID": "110444693156", "FULLNAME": "", "ARTPATH": "N", "MTFCC": "H3010" }, "geometry": { "type": "LineString", "coordinates": [ [ -76.956457, 36.703970 ], [ -76.956348, 36.703992 ] ] } }
,
{ "type": "Feature", "properties": { "STATEFP": "51", "COUNTYFP": "620", "ANSICODE": "", "LINEARID": "110444693133", "FULLNAME": "", "ARTPATH": "U", "MTFCC": "H3010" }, "geometry": { "type": "LineString", "coordinates": [ [ -76.930169, 36.708653 ], [ -76.930246, 36.708024 ], [ -76.929024, 36.706908 ], [ -76.931002, 36.706242 ], [ -76.930169, 36.705408 ] ] } }
,
{ "type": "Feature", "properties": { "STATEFP": "51", "COUNTYFP": "620", "ANSICODE": "", "LINEARID": "110444693193", "FULLNAME": "", "ARTPATH": "N", "MTFCC": "H3010" }, "geometry": { "type": "LineString", "coordinates": [ [ -76.929096, 36.657447 ], [ -76.929462, 36.656363 ] ] } }
,
{ "type": "Feature", "properties": { "STATEFP": "51", "COUNTYFP": "620", "ANSICODE": "", "LINEARID": "110444693180", "FULLNAME": "", "ARTPATH": "N", "MTFCC": "H3010" }, "geometry": { "type": "LineString", "coordinates": [ [ -76.943324, 36.705636 ], [ -76.943181, 36.705587 ], [ -76.942996, 36.705494 ] ] } }
,
{ "type": "Feature", "properties": { "STATEFP": "51", "COUNTYFP": "620", "ANSICODE": "", "LINEARID": "110444693170", "FULLNAME": "", "ARTPATH": "N", "MTFCC": "H3010" }, "geometry": { "type": "MultiLineString", "coordinates": [ [ [ -76.940708, 36.702704 ], [ -76.940629, 36.702741 ], [ -76.940226, 36.703093 ], [ -76.940035, 36.703159 ], [ -76.939858, 36.703318 ], [ -76.939824, 36.703461 ], [ -76.939435, 36.704126 ], [ -76.938889, 36.704565 ], [ -76.937327, 36.705038 ], [ -76.937184, 36.705054 ], [ -76.937013, 36.705011 ], [ -76.936631, 36.705016 ], [ -76.936570, 36.705038 ] ], [ [ -76.942887, 36.701533 ], [ -76.942682, 36.701802 ], [ -76.942539, 36.701923 ], [ -76.942396, 36.701983 ], [ -76.942061, 36.702055 ], [ -76.941795, 36.702203 ], [ -76.941563, 36.702450 ], [ -76.941413, 36.702516 ], [ -76.940745, 36.702687 ], [ -76.940708, 36.702704 ] ] ] } }
,
{ "type": "Feature", "properties": { "STATEFP": "51", "COUNTYFP": "620", "ANSICODE": "", "LINEARID": "110444693229", "FULLNAME": "", "ARTPATH": "N", "MTFCC": "H3020" }, "geometry": { "type": "MultiLineString", "coordinates": [ [ [ -76.957654, 36.666304 ], [ -76.958152, 36.668806 ] ], [ [ -76.957610, 36.666082 ], [ -76.957654, 36.666304 ] ] ] } }
,
{ "type": "Feature", "properties": { "STATEFP": "51", "COUNTYFP": "620", "ANSICODE": "", "LINEARID": "110444693135", "FULLNAME": "", "ARTPATH": "U", "MTFCC": "H3010" }, "geometry": { "type": "LineString", "coordinates": [ [ -76.940883, 36.705583 ], [ -76.940657, 36.705830 ], [ -76.940124, 36.705785 ] ] } }
,
{ "type": "Feature", "properties": { "STATEFP": "51", "COUNTYFP": "620", "ANSICODE": "", "LINEARID": "110444693216", "FULLNAME": "", "ARTPATH": "N", "MTFCC": "H3020" }, "geometry": { "type": "LineString", "coordinates": [ [ -76.920143, 36.660199 ], [ -76.922379, 36.661430 ], [ -76.922665, 36.661732 ], [ -76.922815, 36.662045 ], [ -76.922871, 36.662524 ], [ -76.922877, 36.662578 ], [ -76.922864, 36.664412 ], [ -76.922863, 36.664572 ], [ -76.922890, 36.664978 ], [ -76.922849, 36.665275 ], [ -76.922787, 36.665385 ], [ -76.922712, 36.665473 ], [ -76.922590, 36.665550 ], [ -76.922501, 36.665539 ] ] } }
,
{ "type": "Feature", "properties": { "STATEFP": "51", "COUNTYFP": "620", "ANSICODE": "", "LINEARID": "110444693183", "FULLNAME": "", "ARTPATH": "N", "MTFCC": "H3010" }, "geometry": { "type": "LineString", "coordinates": [ [ -76.930507, 36.660057 ], [ -76.929619, 36.659453 ], [ -76.927923, 36.658299 ], [ -76.927827, 36.658035 ], [ -76.927142, 36.656217 ], [ -76.926746, 36.655055 ] ] } }
,
{ "type": "Feature", "properties": { "STATEFP": "51", "COUNTYFP": "620", "ANSICODE": "", "LINEARID": "110444693130", "FULLNAME": "", "ARTPATH": "U", "MTFCC": "H3010" }, "geometry": { "type": "LineString", "coordinates": [ [ -76.945544, 36.676564 ], [ -76.944991, 36.676002 ], [ -76.944814, 36.675821 ], [ -76.944135, 36.675751 ], [ -76.943832, 36.675719 ] ] } }
,
{ "type": "Feature", "properties": { "STATEFP": "51", "COUNTYFP": "620", "ANSICODE": "", "LINEARID": "110444693153", "FULLNAME": "", "ARTPATH": "U", "MTFCC": "H3010" }, "geometry": { "type": "LineString", "coordinates": [ [ -76.936303, 36.683849 ], [ -76.936277, 36.683729 ], [ -76.936013, 36.683316 ], [ -76.935514, 36.683217 ], [ -76.934552, 36.683170 ], [ -76.933663, 36.683097 ] ] } }
,
{ "type": "Feature", "properties": { "STATEFP": "51", "COUNTYFP": "620", "ANSICODE": "", "LINEARID": "110444693142", "FULLNAME": "", "ARTPATH": "U", "MTFCC": "H3010" }, "geometry": { "type": "LineString", "coordinates": [ [ -76.959137, 36.681122 ], [ -76.960133, 36.680894 ], [ -76.960453, 36.680364 ] ] } }
,
{ "type": "Feature", "properties": { "STATEFP": "51", "COUNTYFP": "620", "ANSICODE": "", "LINEARID": "110444693191", "FULLNAME": "", "ARTPATH": "N", "MTFCC": "H3010" }, "geometry": { "type": "LineString", "coordinates": [ [ -76.930027, 36.703472 ], [ -76.929925, 36.703461 ], [ -76.929720, 36.703379 ], [ -76.929549, 36.703242 ], [ -76.929488, 36.703099 ], [ -76.929488, 36.702896 ], [ -76.929720, 36.702709 ], [ -76.929768, 36.702615 ], [ -76.929631, 36.702385 ], [ -76.929461, 36.702209 ], [ -76.929195, 36.702077 ], [ -76.929065, 36.702039 ], [ -76.928908, 36.702039 ], [ -76.928806, 36.702159 ], [ -76.928772, 36.702434 ], [ -76.928710, 36.702577 ], [ -76.928512, 36.702709 ], [ -76.928328, 36.702775 ], [ -76.928110, 36.702797 ] ] } }
,
{ "type": "Feature", "properties": { "STATEFP": "51", "COUNTYFP": "620", "ANSICODE": "", "LINEARID": "110444693149", "FULLNAME": "", "ARTPATH": "U", "MTFCC": "H3010" }, "geometry": { "type": "LineString", "coordinates": [ [ -76.958404, 36.681633 ], [ -76.958591, 36.681325 ], [ -76.958824, 36.681248 ] ] } }
,
{ "type": "Feature", "properties": { "STATEFP": "51", "COUNTYFP": "620", "ANSICODE": "", "LINEARID": "110444693210", "FULLNAME": "", "ARTPATH": "N", "MTFCC": "H3020" }, "geometry": { "type": "LineString", "coordinates": [ [ -76.946019, 36.663737 ], [ -76.944792, 36.663171 ], [ -76.943585, 36.662551 ] ] } }
,
{ "type": "Feature", "properties": { "STATEFP": "51", "COUNTYFP": "620", "ANSICODE": "", "LINEARID": "110444693167", "FULLNAME": "", "ARTPATH": "N", "MTFCC": "H3010" }, "geometry": { "type": "LineString", "coordinates": [ [ -76.944161, 36.692908 ], [ -76.944046, 36.693166 ], [ -76.943780, 36.693551 ], [ -76.943493, 36.693847 ], [ -76.943384, 36.693875 ], [ -76.943091, 36.694161 ], [ -76.943050, 36.694243 ], [ -76.942961, 36.694798 ], [ -76.942552, 36.695622 ], [ -76.942279, 36.695951 ], [ -76.942020, 36.696149 ], [ -76.941836, 36.696221 ] ] } }

]
}
