﻿fips,ctystate,st_abbr,year,landsqmi,airport,bus,care,communication,dams,electric,emergency,fire,hazmat,hwybridge,oil,police,port,potable,railfacil,railbridge,school,wastewater
01003,"Baldwin, AL",AL,2011,1589.8,5,NULL,4,29,23,1,1,24,13,223,NULL,16,4,1,NULL,NULL,62,19
01025,"Clarke, AL",AL,2011,1238.5,NULL,1,3,4,17,NULL,1,9,12,71,NULL,4,5,2,NULL,NULL,13,2
01039,"Covington, AL",AL,2011,1030.5,2,NULL,3,8,20,4,NULL,16,9,260,NULL,5,NULL,NULL,NULL,NULL,14,4
01053,"Escambia, AL",AL,2011,945.1,2,1,2,4,18,NULL,NULL,18,29,162,NULL,7,NULL,NULL,1,2,20,4
01061,"Geneva, AL",AL,2011,574.4,NULL,NULL,1,2,20,NULL,NULL,7,10,162,NULL,4,NULL,NULL,NULL,NULL,12,3
01097,"Mobile, AL",AL,2011,1229.4,4,1,8,12,30,5,NULL,19,278,382,8,23,160,NULL,7,3,176,12
01099,"Monroe, AL",AL,2011,1025.7,1,NULL,1,3,15,NULL,NULL,8,29,108,NULL,3,3,NULL,NULL,2,13,2
01129,"Washington, AL",AL,2011,1080.2,NULL,NULL,1,NULL,15,6,NULL,14,65,108,NULL,4,4,NULL,NULL,NULL,9,2
02013,"Aleutians East, AK",AK,2011,6981.9,11,NULL,6,1,3,8,1,NULL,NULL,12,NULL,6,19,17,4,NULL,8,3
02016,"Aleutians West, AK",AK,2011,4390.3,8,NULL,4,1,10,6,2,1,NULL,10,NULL,3,36,12,6,NULL,4,5
02020,"Anchorage, AK",AK,2011,1704.7,14,1,6,34,6,5,2,9,21,99,1,2,8,NULL,11,4,114,4
02050,"Bethel, AK",AK,2011,40570,38,NULL,34,3,NULL,39,4,3,NULL,6,NULL,31,10,28,1,NULL,53,2
02060,"Bristol Bay, AK",AK,2011,503.8,8,NULL,4,1,NULL,1,NULL,1,NULL,3,NULL,3,15,2,2,NULL,4,1
02070,"Dillingham, AK",AK,2011,18568.8,17,NULL,9,2,NULL,7,1,1,NULL,4,NULL,7,9,8,1,NULL,17,1
02100,"Haines, AK",AK,2011,2318.6,1,NULL,NULL,1,NULL,1,NULL,NULL,NULL,14,NULL,1,7,NULL,1,NULL,2,NULL
02105,"Hoonah-Angoon Census Area, AK",AK,2011,7524.9,NULL,NULL,NULL,NULL,NULL,NULL,NULL,NULL,NULL,NULL,NULL,NULL,NULL,NULL,NULL,NULL,NULL,NULL
02110,"Juneau, AK",AK,2011,2701.9,2,1,1,9,7,3,NULL,1,13,35,NULL,1,26,NULL,2,NULL,21,3
02122,"Kenai Peninsula, AK",AK,2011,16075.3,43,NULL,10,15,8,3,3,9,25,62,5,8,42,7,7,NULL,37,9
02130,"Ketchikan Gateway, AK",AK,2011,4858.4,1,NULL,1,5,11,NULL,NULL,3,NULL,40,NULL,1,52,NULL,4,NULL,11,2
02150,"Kodiak Island, AK",AK,2011,6549.6,10,1,15,12,20,16,10,5,NULL,27,NULL,12,39,24,5,NULL,26,7
02164,"Lake and Peninsula, AK",AK,2011,23652,25,NULL,15,1,2,13,1,NULL,NULL,14,NULL,11,9,13,NULL,NULL,18,1
02170,"Matanuska-Susitna, AK",AK,2011,24607.9,65,1,1,13,2,NULL,NULL,8,NULL,76,NULL,2,1,NULL,2,1,23,1
02180,"Nome, AK",AK,2011,22961.8,35,NULL,17,7,NULL,15,11,2,NULL,32,NULL,13,6,34,3,NULL,38,9
02185,"North Slope, AK",AK,2011,88695.4,26,NULL,9,4,2,5,NULL,NULL,NULL,11,3,8,NULL,12,NULL,NULL,10,10
02188,"Northwest Arctic, AK",AK,2011,35572.6,18,NULL,9,3,3,9,3,1,13,9,NULL,9,7,24,2,NULL,15,7
02195,"Petersburg Census Area, AK",AK,2011,3282,NULL,NULL,NULL,NULL,NULL,NULL,NULL,NULL,NULL,NULL,NULL,NULL,NULL,NULL,NULL,NULL,NULL,NULL
02198,Prince of Wales-Hyder Census Area,AK,2011,3922.9,NULL,NULL,NULL,NULL,NULL,NULL,NULL,NULL,NULL,NULL,NULL,NULL,NULL,NULL,NULL,NULL,NULL,NULL
02220,"Sitka, AK",AK,2011,2870.3,1,NULL,2,4,4,NULL,NULL,1,NULL,36,NULL,1,18,NULL,3,NULL,8,1
02230,"Skagway Municipality, AK",AK,2011,452.3,NULL,NULL,NULL,NULL,NULL,NULL,NULL,NULL,NULL,NULL,NULL,NULL,NULL,NULL,NULL,NULL,NULL,NULL
02261,"Valdez-Cordova, AK",AK,2011,34239.9,30,NULL,5,8,8,6,NULL,7,NULL,108,1,2,37,5,4,NULL,11,2
02270,"Wade Hampton, AK",AK,2011,17081.4,17,NULL,13,2,NULL,15,3,1,NULL,2,NULL,18,5,15,NULL,NULL,43,7
02275,"Wrangell City and Borough, AK",AK,2011,2541.5,NULL,NULL,NULL,NULL,NULL,NULL,NULL,NULL,NULL,NULL,NULL,NULL,NULL,NULL,NULL,NULL,NULL,NULL
02282,"Yakutat, AK",AK,2011,7649.5,9,NULL,1,1,NULL,1,1,NULL,NULL,73,NULL,2,6,NULL,1,NULL,5,2
06001,"Alameda, CA",CA,2011,739,3,10,16,21,28,4,NULL,14,196,561,NULL,29,34,3,17,33,568,10
06013,"Contra Costa, CA",CA,2011,715.9,2,6,7,10,21,14,1,15,286,500,11,35,50,6,10,26,370,14
06015,"Del Norte, CA",CA,2011,1006.4,1,2,1,5,NULL,NULL,NULL,5,2,62,NULL,2,NULL,NULL,NULL,NULL,24,1
06023,"Humboldt, CA",CA,2011,3568,3,1,5,26,4,4,1,27,14,379,NULL,12,25,NULL,NULL,NULL,104,7
06037,"Los Angeles, CA",CA,2011,4057.9,16,42,120,94,103,41,12,50,1735,3128,44,166,159,15,47,144,3230,19
06041,"Marin, CA",CA,2011,520.3,1,1,4,8,7,NULL,NULL,21,NULL,190,NULL,14,1,1,NULL,2,119,7
06045,"Mendocino, CA",CA,2011,3506.3,3,3,3,15,25,NULL,NULL,21,13,309,NULL,9,NULL,NULL,NULL,1,95,5
06053,"Monterey, CA",CA,2011,3280.6,3,4,4,44,14,3,1,34,8,329,NULL,18,NULL,NULL,1,12,150,7
06055,"Napa, CA",CA,2011,748.4,1,1,4,4,57,NULL,NULL,5,8,145,NULL,7,NULL,NULL,NULL,NULL,82,3
06059,"Orange, CA",CA,2011,790.6,2,11,34,11,43,8,2,16,388,888,3,33,NULL,3,8,26,917,4
06065,"Riverside, CA",CA,2011,7206.5,9,9,14,52,43,4,2,38,104,958,NULL,53,NULL,13,5,17,608,18
06067,"Sacramento, CA",CA,2011,964.6,7,3,13,34,25,5,2,18,59,569,NULL,11,2,NULL,1,17,517,5
06069,"San Benito, CA",CA,2011,1388.7,1,1,1,4,7,NULL,NULL,2,12,74,NULL,2,NULL,NULL,NULL,NULL,27,1
06071,San Bernardino,CA,2011,20056.9,12,7,24,59,39,13,4,60,252,1219,NULL,57,NULL,7,20,34,677,12
06073,"San Diego, CA",CA,2011,4206.6,11,23,27,40,54,17,2,62,228,1277,1,73,73,2,8,2,993,9
06075,"San Francisco, CA",CA,2011,46.9,NULL,4,11,21,6,3,NULL,2,4,107,NULL,34,44,NULL,NULL,4,234,3
06077,"San Joaquin, CA",CA,2011,1391.3,4,3,7,14,17,4,NULL,21,97,616,1,16,16,5,16,16,260,4
06079,"San Luis Obispo, CA",CA,2011,3298.6,2,11,7,34,14,2,1,19,28,357,2,14,NULL,1,3,8,105,8
06081,"San Mateo, CA",CA,2011,448.4,3,2,7,17,20,2,3,27,78,306,NULL,25,7,NULL,NULL,7,260,10
06083,"Santa Barbara, CA",CA,2011,2735.1,5,5,7,42,15,4,NULL,18,10,360,2,16,NULL,NULL,5,6,162,8
06085,"Santa Clara, CA",CA,2011,1290.1,5,3,13,27,40,6,2,19,214,883,NULL,22,NULL,2,4,31,567,3
06087,"Santa Cruz, CA",CA,2011,445.2,1,2,3,8,6,NULL,NULL,14,25,179,NULL,10,NULL,NULL,NULL,9,103,4
06093,"Siskiyou, CA",CA,2011,6277.9,2,1,2,8,21,NULL,NULL,23,4,366,NULL,12,NULL,NULL,1,3,75,3
06095,"Solano, CA",CA,2011,821.8,3,1,7,4,18,NULL,NULL,16,72,323,3,16,6,NULL,3,4,141,8
06097,"Sonoma, CA",CA,2011,1575.8,3,4,10,17,58,14,NULL,47,20,560,NULL,12,NULL,NULL,NULL,2,240,10
06101,"Sutter, CA",CA,2011,602.4,1,NULL,1,8,3,2,NULL,3,1,109,NULL,3,NULL,NULL,NULL,2,53,2
06105,"Trinity, CA",CA,2011,3179.3,NULL,NULL,1,NULL,7,NULL,NULL,14,NULL,144,NULL,3,NULL,NULL,NULL,NULL,24,NULL
06111,"Ventura, CA",CA,2011,1843.1,4,5,10,25,16,4,NULL,6,35,422,2,24,12,5,5,6,292,11
06113,"Yolo, CA",CA,2011,1014.7,4,6,2,7,7,2,NULL,20,24,253,NULL,5,14,NULL,5,8,83,5
09001,"Fairfield, CT",CT,2011,624.9,2,20,8,26,97,5,11,62,180,769,NULL,37,16,3,4,16,354,15
09003,"Hartford, CT",CT,2011,735.1,2,13,12,27,86,8,8,51,223,791,NULL,37,12,NULL,5,16,362,20
09005,"Litchfield, CT",CT,2011,920.6,NULL,1,4,5,135,2,4,32,69,410,NULL,13,NULL,NULL,NULL,1,104,9
09007,"Middlesex, CT",CT,2011,369.3,1,4,4,4,58,2,4,15,28,257,1,12,14,NULL,1,5,72,4
09009,"New Haven, CT",CT,2011,604.5,4,15,13,31,106,5,4,43,302,803,NULL,55,23,7,5,12,358,17
09011,"New London, CT",CT,2011,664.9,1,3,2,14,97,4,9,49,64,364,NULL,25,31,NULL,3,5,129,11
09013,"Tolland, CT",CT,2011,410.2,NULL,2,4,3,65,NULL,3,22,14,177,NULL,10,NULL,1,NULL,2,66,2
09015,"Windham, CT",CT,2011,512.9,3,3,2,3,76,1,NULL,27,25,247,NULL,10,NULL,NULL,2,6,56,7
10001,"Kent, DE",DE,2011,586.2,2,5,1,7,14,2,NULL,17,43,100,NULL,9,NULL,NULL,NULL,NULL,73,2
10003,"New Castle, DE",DE,2011,426.3,2,5,8,12,19,6,2,19,201,339,2,10,19,NULL,10,2,220,6
10005,"Sussex, DE",DE,2011,936.1,2,3,2,15,28,2,NULL,21,69,84,NULL,17,2,NULL,3,NULL,64,11
11001,District of Columbia,DC,2011,61,NULL,7,17,16,1,4,1,3,15,147,1,34,NULL,2,2,1,315,1
12003,"Baker, FL",FL,2011,585.2,NULL,NULL,2,NULL,2,NULL,NULL,2,7,57,NULL,1,NULL,NULL,NULL,NULL,8,3
12005,"Bay, FL",FL,2011,758.5,2,1,2,19,4,1,1,14,44,80,NULL,6,29,NULL,NULL,NULL,57,8
12009,"Brevard, FL",FL,2011,1015.7,6,4,7,19,NULL,2,NULL,24,71,176,NULL,22,33,1,NULL,NULL,178,23
12011,"Broward, FL",FL,2011,1209.8,4,2,25,18,14,6,4,28,97,635,NULL,37,18,2,9,NULL,418,12
12013,"Calhoun, FL",FL,2011,567.3,1,1,1,2,4,NULL,NULL,4,NULL,21,NULL,3,2,NULL,NULL,NULL,8,2
12015,"Charlotte, FL",FL,2011,680.3,1,NULL,3,15,1,NULL,NULL,3,2,126,NULL,1,NULL,3,NULL,NULL,33,3
12017,"Citrus, FL",FL,2011,581.7,2,NULL,3,10,7,1,NULL,2,23,36,NULL,5,1,NULL,NULL,NULL,34,1
12019,"Clay, FL",FL,2011,604.4,NULL,NULL,2,3,11,NULL,1,5,18,43,NULL,5,NULL,NULL,NULL,NULL,55,18
12021,"Collier, FL",FL,2011,1998.3,4,1,2,13,NULL,NULL,NULL,9,NULL,294,NULL,12,NULL,NULL,NULL,NULL,81,9
12027,"De Soto, FL",FL,2011,637.1,NULL,NULL,2,2,1,NULL,NULL,2,NULL,34,NULL,3,NULL,NULL,NULL,NULL,19,2
12029,"Dixie, FL",FL,2011,705.1,1,NULL,NULL,1,NULL,NULL,NULL,NULL,3,41,NULL,2,NULL,NULL,NULL,NULL,5,1
12031,"Duval, FL",FL,2011,762.2,5,6,11,38,3,5,NULL,5,179,578,NULL,5,78,NULL,18,1,289,55
12033,"Escambia, FL",FL,2011,656.5,1,NULL,4,12,13,3,NULL,10,88,173,NULL,4,22,NULL,2,2,112,8
12035,"Flagler, FL",FL,2011,485.5,1,NULL,1,3,NULL,NULL,NULL,4,12,65,NULL,4,NULL,1,NULL,NULL,13,6
12037,"Franklin, FL",FL,2011,534.7,1,NULL,1,4,NULL,NULL,NULL,2,NULL,38,NULL,4,NULL,NULL,NULL,NULL,9,2
12039,"Gadsden, FL",FL,2011,516.3,1,1,4,4,27,NULL,NULL,9,9,80,NULL,10,1,NULL,NULL,NULL,23,7
12041,"Gilchrist, FL",FL,2011,349.7,1,NULL,NULL,3,NULL,NULL,NULL,2,NULL,7,NULL,4,NULL,NULL,NULL,NULL,5,NULL
12043,"Glades, FL",FL,2011,806,NULL,NULL,NULL,NULL,16,NULL,NULL,2,NULL,39,NULL,1,NULL,NULL,NULL,NULL,4,NULL
12045,"Gulf, FL",FL,2011,564,NULL,NULL,2,3,1,1,NULL,6,2,36,NULL,3,2,NULL,NULL,NULL,9,4
12049,"Hardee, FL",FL,2011,637.8,1,NULL,2,3,1,1,NULL,1,4,77,NULL,4,NULL,NULL,NULL,NULL,12,3
12051,"Hendry, FL",FL,2011,1152.8,1,NULL,1,5,2,NULL,NULL,5,18,44,NULL,3,NULL,NULL,NULL,NULL,18,1
12053,"Hernando, FL",FL,2011,472.5,1,NULL,4,3,10,1,NULL,8,7,35,NULL,7,NULL,NULL,NULL,NULL,30,NULL
12055,"Highlands, FL",FL,2011,1016.6,2,1,2,7,8,4,NULL,9,8,44,NULL,5,NULL,NULL,1,1,29,1
12057,"Hillsborough, FL",FL,2011,1020.2,5,1,18,28,38,8,1,20,143,626,1,20,89,5,6,NULL,382,18
12059,"Holmes, FL",FL,2011,478.8,1,NULL,1,3,17,NULL,NULL,6,NULL,125,NULL,2,NULL,NULL,NULL,NULL,11,2
12061,"Indian River, FL",FL,2011,502.9,2,NULL,3,10,6,1,1,2,10,116,NULL,6,NULL,3,NULL,NULL,39,2
12063,"Jackson, FL",FL,2011,917.8,1,1,2,7,11,1,NULL,9,5,96,NULL,4,1,NULL,NULL,2,25,4
12065,"Jefferson, FL",FL,2011,598.1,NULL,NULL,NULL,3,5,1,NULL,3,NULL,56,NULL,3,NULL,NULL,NULL,NULL,8,2
12067,"Lafayette, FL",FL,2011,543.4,NULL,NULL,NULL,1,1,NULL,1,3,2,19,NULL,1,NULL,NULL,NULL,NULL,3,NULL
12069,"Lake, FL",FL,2011,938.4,1,NULL,3,9,4,NULL,NULL,12,16,69,NULL,16,NULL,NULL,NULL,NULL,76,1
12071,"Lee, FL",FL,2011,784.5,2,NULL,5,25,1,2,NULL,20,21,282,1,8,NULL,3,NULL,NULL,141,13
12073,"Leon, FL",FL,2011,666.9,2,2,3,19,25,1,1,5,2,89,NULL,NULL,NULL,NULL,1,4,88,2
12075,"Levy, FL",FL,2011,1118.2,1,NULL,1,6,1,NULL,NULL,7,2,34,NULL,6,NULL,NULL,NULL,NULL,17,1
12077,"Liberty, FL",FL,2011,835.6,NULL,1,NULL,NULL,NULL,1,1,1,3,30,NULL,1,NULL,NULL,NULL,NULL,10,NULL
12079,"Madison, FL",FL,2011,695.9,NULL,1,NULL,2,NULL,2,1,5,1,30,NULL,3,NULL,NULL,1,NULL,12,1
12081,"Manatee, FL",FL,2011,742.9,1,4,2,6,5,1,NULL,12,32,165,NULL,8,9,NULL,NULL,NULL,104,5
12083,"Marion, FL",FL,2011,1584.5,2,1,3,11,2,NULL,NULL,5,39,50,NULL,19,NULL,NULL,NULL,1,91,1
12085,"Martin, FL",FL,2011,543.5,1,1,2,12,8,2,NULL,3,10,88,NULL,5,NULL,5,NULL,NULL,46,5
12086,"Miami-Dade, FL",FL,2011,1897.7,5,9,38,55,33,5,3,9,104,933,NULL,81,95,3,9,NULL,699,7
12087,"Monroe, FL",FL,2011,983.3,3,2,3,25,NULL,5,NULL,10,6,65,NULL,8,NULL,NULL,NULL,NULL,28,1
12089,"Nassau, FL",FL,2011,648.6,2,NULL,1,5,4,NULL,NULL,5,34,62,NULL,4,10,NULL,NULL,NULL,26,10
12091,"Okaloosa, FL",FL,2011,930.2,6,2,4,17,25,NULL,NULL,16,2,125,NULL,6,NULL,NULL,1,NULL,68,3
12093,"Okeechobee, FL",FL,2011,768.9,NULL,1,1,2,18,NULL,NULL,3,4,43,NULL,2,NULL,1,1,NULL,22,NULL
12095,"Orange, FL",FL,2011,903.4,2,7,7,36,6,3,NULL,62,125,554,NULL,16,NULL,NULL,5,5,321,10
12097,"Osceola, FL",FL,2011,1327.5,1,NULL,3,8,11,4,NULL,19,10,132,NULL,3,NULL,NULL,1,NULL,81,3
12099,"Palm Beach, FL",FL,2011,1969.8,6,3,19,31,27,5,NULL,22,48,555,NULL,41,12,3,2,NULL,342,16
12101,"Pasco, FL",FL,2011,746.9,2,1,5,10,1,1,NULL,7,10,70,NULL,8,NULL,NULL,1,NULL,102,4
12103,"Pinellas, FL",FL,2011,273.8,3,2,17,21,4,3,1,32,79,296,NULL,20,12,NULL,NULL,NULL,277,29
12105,"Polk, FL",FL,2011,1797.8,5,1,5,16,162,10,1,21,157,247,NULL,50,NULL,NULL,6,4,188,21
12107,"Putnam, FL",FL,2011,727.6,1,1,1,4,6,2,NULL,11,40,39,NULL,7,NULL,NULL,1,1,31,8
12109,"St. Johns, FL",FL,2011,600.7,1,1,1,10,NULL,NULL,NULL,2,6,70,NULL,6,NULL,1,NULL,NULL,59,19
12111,"St. Lucie, FL",FL,2011,571.9,1,1,4,9,6,2,NULL,1,25,135,NULL,4,NULL,1,2,NULL,65,4
12113,"Santa Rosa, FL",FL,2011,1011.6,2,1,4,8,24,2,NULL,11,24,161,NULL,7,NULL,NULL,NULL,NULL,42,4
12115,"Sarasota, FL",FL,2011,555.9,2,4,5,13,NULL,NULL,NULL,6,7,222,NULL,9,NULL,8,NULL,NULL,91,11
12117,"Seminole, FL",FL,2011,309.2,1,1,2,3,NULL,NULL,1,10,10,85,NULL,10,NULL,NULL,2,NULL,121,9
12119,"Sumter, FL",FL,2011,546.9,NULL,NULL,1,2,2,1,NULL,3,11,45,NULL,7,NULL,NULL,1,NULL,17,NULL
12121,"Suwannee, FL",FL,2011,688.6,1,2,1,6,1,1,NULL,8,7,30,NULL,4,NULL,NULL,NULL,NULL,15,NULL
12123,"Taylor, FL",FL,2011,1043.3,1,NULL,1,2,2,NULL,NULL,5,20,48,NULL,3,NULL,NULL,NULL,NULL,10,3
12127,"Volusia, FL",FL,2011,1101,5,1,6,24,1,5,NULL,14,47,149,NULL,21,NULL,1,1,NULL,137,10
12129,"Wakulla, FL",FL,2011,606.4,1,NULL,NULL,2,3,1,NULL,3,5,32,1,1,NULL,NULL,NULL,NULL,12,NULL
12131,"Walton, FL",FL,2011,1037.6,1,NULL,1,6,41,NULL,NULL,8,6,137,NULL,6,NULL,NULL,NULL,1,21,2
12133,"Washington, FL",FL,2011,582.8,NULL,NULL,1,5,14,NULL,NULL,7,3,65,NULL,4,NULL,NULL,1,NULL,9,3
13001,"Appling, GA",GA,2011,507.1,1,2,1,3,9,1,NULL,4,4,40,NULL,5,NULL,NULL,NULL,NULL,9,1
13003,"Atkinson, GA",GA,2011,339.4,NULL,NULL,NULL,1,1,NULL,NULL,NULL,10,36,NULL,2,NULL,NULL,NULL,NULL,3,1
13005,"Bacon, GA",GA,2011,258.6,1,NULL,1,2,18,NULL,1,1,1,25,NULL,3,NULL,NULL,NULL,NULL,4,1
13025,"Brantley, GA",GA,2011,442.4,NULL,NULL,NULL,4,5,NULL,1,1,7,40,NULL,2,NULL,NULL,NULL,NULL,6,NULL
13029,"Bryan, GA",GA,2011,436,NULL,NULL,NULL,1,1,NULL,NULL,5,2,48,NULL,2,NULL,NULL,NULL,NULL,14,2
13031,"Bulloch, GA",GA,2011,672.8,1,NULL,2,4,53,1,1,4,13,81,NULL,9,NULL,NULL,NULL,NULL,21,1
13039,"Camden, GA",GA,2011,613,1,NULL,1,5,NULL,1,1,4,21,69,NULL,5,NULL,NULL,NULL,NULL,15,3
13049,"Charlton, GA",GA,2011,773.6,NULL,NULL,1,1,5,NULL,NULL,1,NULL,60,NULL,2,NULL,NULL,NULL,NULL,6,1
13051,"Chatham, GA",GA,2011,426.4,1,3,5,23,4,5,NULL,20,124,186,4,15,54,NULL,8,6,87,6
13069,"Coffee, GA",GA,2011,575.1,1,1,1,5,36,NULL,NULL,2,23,68,NULL,4,NULL,NULL,1,NULL,14,2
13087,"Decatur, GA",GA,2011,597.1,1,NULL,1,2,12,1,NULL,4,22,54,1,4,5,NULL,NULL,1,10,3
13103,"Effingham, GA",GA,2011,477.7,NULL,NULL,1,1,17,1,NULL,4,13,27,NULL,3,NULL,NULL,NULL,1,14,2
13127,"Glynn, GA",GA,2011,419.8,3,NULL,2,9,NULL,4,NULL,3,32,78,NULL,8,26,NULL,1,NULL,30,3
13131,"Grady, GA",GA,2011,454.5,1,NULL,1,4,20,NULL,NULL,3,4,68,NULL,4,NULL,NULL,NULL,1,8,NULL
13155,"Irwin, GA",GA,2011,354.3,NULL,NULL,1,2,72,NULL,NULL,7,NULL,42,NULL,2,NULL,NULL,1,NULL,5,NULL
13161,"Jeff Davis, GA",GA,2011,330.7,1,NULL,1,2,16,NULL,NULL,2,7,23,NULL,2,NULL,NULL,NULL,NULL,5,2
13165,"Jenkins, GA",GA,2011,347.3,1,NULL,1,1,15,NULL,NULL,1,2,25,NULL,2,NULL,NULL,NULL,NULL,4,1
13179,"Liberty, GA",GA,2011,489.8,1,NULL,2,2,10,1,NULL,8,15,99,NULL,6,NULL,NULL,NULL,NULL,22,2
13183,"Long, GA",GA,2011,400.3,NULL,NULL,NULL,NULL,1,NULL,NULL,NULL,NULL,30,NULL,2,NULL,NULL,NULL,NULL,4,1
13191,"McIntosh, GA",GA,2011,424.3,NULL,NULL,NULL,1,NULL,NULL,NULL,1,4,39,NULL,2,NULL,NULL,NULL,NULL,6,1
13209,"Montgomery, GA",GA,2011,239.5,NULL,NULL,NULL,2,3,NULL,NULL,5,NULL,17,NULL,2,NULL,NULL,NULL,NULL,3,2
13229,"Pierce, GA",GA,2011,316.5,NULL,NULL,NULL,2,NULL,NULL,NULL,1,4,37,NULL,3,NULL,NULL,NULL,1,5,2
13251,"Screven, GA",GA,2011,645.1,1,1,1,2,38,NULL,1,4,4,38,NULL,4,NULL,NULL,NULL,1,7,3
13267,"Tattnall, GA",GA,2011,479.4,1,NULL,NULL,4,34,1,1,4,3,34,NULL,5,NULL,NULL,NULL,NULL,9,3
13275,"Thomas, GA",GA,2011,544.6,1,NULL,2,6,38,NULL,NULL,2,14,128,NULL,6,NULL,NULL,1,3,23,3
13279,"Toombs, GA",GA,2011,364,1,NULL,1,5,26,1,NULL,NULL,5,47,NULL,4,NULL,NULL,1,2,15,4
13299,"Ware, GA",GA,2011,892.5,1,1,1,3,8,1,1,3,11,60,NULL,3,NULL,NULL,NULL,4,15,NULL
13305,"Wayne, GA",GA,2011,641.8,1,NULL,1,3,10,1,NULL,6,21,62,NULL,1,NULL,NULL,1,2,10,2
15001,"Hawaii, HI",HI,2011,4028.4,4,NULL,5,27,12,7,1,1,12,245,NULL,3,6,NULL,3,NULL,54,1
15003,"Honolulu, HI",HI,2011,600.7,4,4,14,50,14,10,4,3,81,591,3,17,47,1,11,NULL,180,5
15005,"Kalawao, HI",HI,2011,12,1,NULL,NULL,NULL,NULL,NULL,NULL,NULL,NULL,NULL,NULL,NULL,NULL,NULL,NULL,NULL,NULL,NULL
15007,"Kauai, HI",HI,2011,620,1,NULL,2,12,52,2,1,NULL,2,51,NULL,4,4,NULL,2,NULL,19,2
15009,"Maui, HI",HI,2011,1161.5,5,NULL,4,21,46,7,NULL,NULL,7,158,1,5,7,NULL,3,NULL,32,1
17031,"Cook, IL",IL,2011,945.3,4,34,74,81,27,37,42,144,1687,1443,9,175,172,9,97,350,2063,24
17097,"Lake, IL",IL,2011,443.7,2,NULL,8,6,18,3,7,30,157,218,NULL,32,3,2,NULL,27,271,23
18039,"Elkhart, IN",IN,2011,463.2,4,1,3,6,4,NULL,3,14,229,208,NULL,9,NULL,1,4,2,95,9
18085,"Kosciusko, IN",IN,2011,531.4,2,NULL,1,6,6,NULL,NULL,12,85,127,NULL,9,NULL,1,NULL,NULL,34,9
18087,"LaGrange, IN",IN,2011,379.6,NULL,NULL,1,4,5,NULL,NULL,3,23,91,NULL,3,NULL,1,NULL,1,55,7
18089,"Lake, IN",IN,2011,499,4,4,6,7,5,4,4,24,343,438,3,30,27,1,12,12,192,13
18091,"LaPorte, IN",IN,2011,598.3,3,1,2,4,4,1,2,19,109,190,NULL,8,NULL,1,2,4,48,6
18113,"Noble, IN",IN,2011,410.8,2,NULL,1,3,4,NULL,1,9,70,70,NULL,7,NULL,2,1,1,24,8
18127,"Porter, IN",IN,2011,418.2,1,NULL,1,6,8,2,1,19,124,251,NULL,10,8,3,NULL,3,65,9
18141,"St. Joseph, IN",IN,2011,457.9,1,NULL,4,21,4,NULL,1,16,98,159,NULL,14,NULL,1,2,7,117,5
18151,"Steuben, IN",IN,2011,308.9,1,NULL,1,2,8,NULL,1,8,18,123,NULL,5,NULL,1,NULL,NULL,13,4
22001,"Acadia, LA",LA,2011,655.1,2,NULL,2,10,2,1,2,8,23,317,6,15,NULL,NULL,NULL,NULL,34,5
22003,"Allen, LA",LA,2011,761.8,1,NULL,2,NULL,9,NULL,NULL,8,3,167,NULL,8,NULL,NULL,NULL,NULL,13,4
22005,"Ascension, LA",LA,2011,290,1,NULL,3,1,5,NULL,NULL,7,262,192,4,7,28,NULL,NULL,3,28,13
22007,"Assumption, LA",LA,2011,338.7,NULL,NULL,NULL,NULL,2,NULL,NULL,3,13,45,1,2,NULL,NULL,NULL,NULL,11,4
22009,"Avoyelles, LA",LA,2011,832.4,2,NULL,2,3,2,NULL,1,8,6,157,NULL,12,NULL,NULL,NULL,NULL,19,7
22011,"Beauregard, LA",LA,2011,1157.3,1,NULL,1,5,20,NULL,NULL,4,31,283,NULL,7,NULL,NULL,NULL,NULL,16,5
22019,"Calcasieu, LA",LA,2011,1063.7,4,NULL,9,12,3,5,NULL,12,297,413,7,28,86,NULL,2,1,74,11
22023,"Cameron, LA",LA,2011,1284.9,NULL,NULL,1,1,NULL,NULL,1,3,1,57,4,7,76,NULL,NULL,NULL,6,4
22033,"East Baton Rouge, LA",LA,2011,455.4,1,3,14,13,5,4,3,10,317,503,3,20,29,NULL,3,6,167,10
22037,"East Feliciana, LA",LA,2011,453.4,NULL,NULL,2,3,20,NULL,NULL,6,NULL,159,NULL,5,NULL,NULL,NULL,NULL,13,2
22039,"Evangeline, LA",LA,2011,662.4,NULL,NULL,2,3,16,1,1,6,6,199,NULL,12,NULL,NULL,NULL,NULL,13,2
22045,"Iberia, LA",LA,2011,574.1,2,NULL,2,2,1,NULL,NULL,3,7,138,1,10,NULL,NULL,1,NULL,38,4
22047,"Iberville, LA",LA,2011,618.6,NULL,NULL,1,4,NULL,4,1,7,247,85,1,5,22,NULL,NULL,NULL,14,7
22051,"Jefferson, LA",LA,2011,295.6,1,1,9,7,5,2,NULL,19,147,309,4,22,139,2,12,1,145,12
22053,"Jefferson Davis, LA",LA,2011,651.3,2,1,2,6,NULL,NULL,1,4,NULL,243,3,8,NULL,NULL,NULL,NULL,15,4
22055,"Lafayette, LA",LA,2011,268.7,1,1,7,9,1,6,NULL,7,41,292,2,10,NULL,2,2,1,65,65
22057,"Lafourche, LA",LA,2011,1068.2,1,2,3,5,1,2,NULL,8,25,127,1,7,NULL,2,NULL,2,35,13
22063,"Livingston, LA",LA,2011,648.2,NULL,NULL,1,2,2,NULL,NULL,8,10,214,2,8,NULL,NULL,NULL,NULL,41,6
22071,"Orleans, LA",LA,2011,169.4,1,2,25,21,1,6,1,2,31,340,NULL,36,111,1,8,3,93,6
22075,"Plaquemines, LA",LA,2011,779.9,NULL,NULL,NULL,4,NULL,1,NULL,3,49,34,2,6,162,1,1,NULL,8,4
22077,"Pointe Coupee, LA",LA,2011,557.3,1,NULL,1,1,2,7,1,3,19,56,NULL,11,4,NULL,NULL,2,9,9
22079,"Rapides, LA",LA,2011,1318,2,1,8,18,10,3,NULL,16,36,518,NULL,25,6,1,NULL,3,69,15
22085,"Sabine, LA",LA,2011,866.7,1,NULL,1,3,10,NULL,1,2,3,184,NULL,10,NULL,1,NULL,NULL,14,6
22087,"St. Bernard, LA",LA,2011,377.5,NULL,1,2,10,NULL,NULL,NULL,1,49,25,2,1,23,NULL,1,NULL,8,4
22089,"St. Charles, LA",LA,2011,279.1,NULL,NULL,1,1,NULL,3,NULL,6,239,75,4,4,48,NULL,NULL,NULL,23,7
22091,"St. Helena, LA",LA,2011,408.4,NULL,NULL,1,NULL,4,NULL,NULL,3,1,127,NULL,3,NULL,NULL,NULL,NULL,3,1
22093,"St. James, LA",LA,2011,241.5,NULL,NULL,1,2,NULL,NULL,NULL,5,45,24,2,7,48,NULL,NULL,NULL,11,2
22095,"St. John the Baptist, LA",LA,2011,213.1,1,NULL,1,2,NULL,NULL,1,12,83,39,4,3,30,NULL,NULL,NULL,19,8
22097,"St. Landry, LA",LA,2011,923.9,1,NULL,3,6,6,1,1,8,22,341,1,16,NULL,NULL,NULL,1,47,12
22099,"St. Martin, LA",LA,2011,737.6,NULL,NULL,1,6,4,2,NULL,1,4,123,NULL,12,NULL,1,NULL,NULL,21,5
22101,"St. Mary, LA",LA,2011,555.4,1,1,2,4,1,4,2,7,22,145,1,15,NULL,NULL,NULL,NULL,34,13
22103,"St. Tammany, LA",LA,2011,845.6,2,NULL,6,6,16,NULL,NULL,18,23,325,NULL,20,7,NULL,1,NULL,74,33
22105,"Tangipahoa, LA",LA,2011,791.3,1,1,4,5,15,NULL,1,9,23,386,NULL,17,1,NULL,2,NULL,46,16
22109,"Terrebonne, LA",LA,2011,1231.8,2,2,2,5,NULL,2,NULL,13,5,199,1,4,NULL,NULL,1,NULL,50,6
22113,"Vermilion, LA",LA,2011,1173.2,1,NULL,2,6,NULL,NULL,NULL,12,14,273,2,17,NULL,3,NULL,NULL,26,11
22115,"Vernon, LA",LA,2011,1327.9,2,NULL,1,5,13,1,NULL,12,1,332,NULL,11,NULL,NULL,NULL,2,21,6
22117,"Washington, LA",LA,2011,669.5,1,NULL,3,5,14,1,NULL,7,15,290,NULL,9,NULL,NULL,NULL,NULL,24,3
22121,"West Baton Rouge, LA",LA,2011,192.4,NULL,NULL,NULL,11,NULL,NULL,NULL,6,39,70,3,5,28,NULL,NULL,NULL,13,9
22125,"West Feliciana, LA",LA,2011,403.2,NULL,NULL,1,1,5,2,1,3,10,100,NULL,5,3,NULL,NULL,NULL,6,1
23001,"Androscoggin, ME",ME,2011,467.9,3,3,2,4,30,2,NULL,12,28,44,NULL,7,NULL,NULL,4,1,55,7
23005,"Cumberland, ME",ME,2011,835.2,2,4,6,28,39,4,5,30,64,139,NULL,25,32,NULL,1,1,137,10
23007,"Franklin, ME",ME,2011,1696.6,1,NULL,1,3,27,2,NULL,15,17,6,NULL,6,NULL,NULL,NULL,NULL,23,3
23009,"Hancock, ME",ME,2011,1586.9,3,2,3,7,37,NULL,NULL,27,6,17,NULL,7,1,NULL,NULL,NULL,45,9
23011,"Kennebec, ME",ME,2011,867.5,2,2,4,14,54,5,2,26,22,63,NULL,11,NULL,1,2,NULL,64,6
23013,"Knox, ME",ME,2011,365.1,1,1,1,5,11,NULL,NULL,16,5,6,NULL,6,NULL,NULL,NULL,NULL,31,6
23015,"Lincoln, ME",ME,2011,455.8,1,NULL,2,1,24,3,NULL,12,7,9,NULL,7,NULL,NULL,NULL,NULL,25,5
23017,"Oxford, ME",ME,2011,2076.8,4,NULL,2,5,68,1,2,23,14,40,NULL,9,NULL,NULL,1,NULL,48,8
23019,"Penobscot, ME",ME,2011,3397.4,5,3,6,21,66,5,1,38,52,82,NULL,11,4,1,1,1,100,13
23023,"Sagadahoc, ME",ME,2011,253.7,1,1,1,2,11,NULL,NULL,9,8,38,NULL,5,5,NULL,NULL,NULL,22,2
23025,"Somerset, ME",ME,2011,3924.4,4,1,2,5,59,5,NULL,17,3,44,NULL,5,NULL,NULL,NULL,NULL,46,8
23027,"Waldo, ME",ME,2011,729.9,2,NULL,1,3,33,NULL,NULL,21,1,12,1,3,7,NULL,NULL,6,31,6
23029,"Washington, ME",ME,2011,2562.7,5,1,2,7,47,2,NULL,25,28,21,NULL,6,NULL,1,NULL,NULL,43,10
23031,"York, ME",ME,2011,990.7,4,2,3,12,53,4,2,34,36,80,NULL,18,3,NULL,3,2,84,14
24003,"Anne Arundel, MD",MD,2011,414.9,4,5,5,7,12,3,NULL,37,36,99,NULL,3,9,1,3,NULL,198,22
24005,"Baltimore, MD",MD,2011,598.3,1,1,7,18,11,5,1,54,66,449,NULL,14,13,2,6,2,301,3
24009,"Calvert, MD",MD,2011,213.2,NULL,NULL,1,1,6,1,1,5,NULL,5,NULL,2,NULL,NULL,NULL,NULL,35,NULL
24011,"Caroline, MD",MD,2011,319.4,1,NULL,NULL,2,6,1,1,6,4,8,NULL,6,NULL,NULL,NULL,NULL,12,4
24013,"Carroll, MD",MD,2011,447.6,2,1,2,1,10,NULL,NULL,13,15,51,NULL,7,NULL,1,NULL,NULL,62,14
24015,"Cecil, MD",MD,2011,346.3,1,NULL,2,2,22,NULL,NULL,11,23,76,NULL,7,NULL,1,NULL,1,39,13
24017,"Charles, MD",MD,2011,457.7,1,4,2,3,7,2,NULL,12,13,12,NULL,2,NULL,NULL,NULL,NULL,54,7
24019,"Dorchester, MD",MD,2011,540.8,1,2,4,3,4,1,1,10,7,12,NULL,4,NULL,NULL,1,NULL,18,3
24025,"Harford, MD",MD,2011,437.1,2,1,2,4,11,2,NULL,10,34,170,1,4,NULL,NULL,1,NULL,73,6
24027,"Howard, MD",MD,2011,250.7,NULL,3,3,NULL,13,NULL,NULL,16,21,84,1,NULL,NULL,NULL,NULL,NULL,112,NULL
24029,"Kent, MD",MD,2011,277,NULL,NULL,2,2,13,NULL,NULL,5,10,7,NULL,3,NULL,NULL,NULL,NULL,12,6
24031,"Montgomery, MD",MD,2011,491.3,1,3,11,17,30,2,NULL,20,12,71,NULL,20,NULL,3,1,3,346,5
24033,"Prince George's, MD",MD,2011,482.7,5,6,8,7,19,5,NULL,29,35,152,NULL,29,NULL,3,1,1,313,10
24035,"Queen Anne's, MD",MD,2011,371.9,1,NULL,2,1,5,NULL,NULL,9,1,28,NULL,2,NULL,NULL,NULL,NULL,16,5
24037,"St. Mary's, MD",MD,2011,357.2,2,1,3,4,3,NULL,NULL,6,NULL,10,1,1,NULL,NULL,NULL,NULL,46,3
24039,"Somerset, MD",MD,2011,319.7,1,NULL,1,4,1,2,1,7,6,8,NULL,3,NULL,NULL,NULL,NULL,12,7
24041,"Talbot, MD",MD,2011,268.5,1,NULL,1,3,5,2,NULL,5,5,4,NULL,4,NULL,NULL,NULL,NULL,12,2
24045,"Wicomico, MD",MD,2011,374.4,1,2,3,10,14,1,NULL,9,28,29,NULL,4,NULL,NULL,NULL,1,42,7
24047,"Worcester, MD",MD,2011,468.3,1,1,1,10,3,1,NULL,5,9,24,NULL,7,NULL,1,NULL,NULL,18,7
24510,"Baltimore city, MD",MD,2011,80.9,NULL,7,19,16,7,4,NULL,2,221,113,5,3,85,3,10,3,302,4
25001,"Barnstable, MA",MA,2011,393.7,6,5,3,19,13,1,3,20,3,98,NULL,18,NULL,1,1,NULL,85,NULL
25003,"Berkshire, MA",MA,2011,926.8,2,4,4,16,116,6,8,35,8,414,NULL,26,NULL,1,1,NULL,69,9
25005,"Bristol, MA",MA,2011,553.1,4,11,7,18,64,9,10,27,228,367,1,23,37,1,3,NULL,236,9
25007,"Dukes, MA",MA,2011,103.2,1,1,1,2,2,2,NULL,6,NULL,5,NULL,9,NULL,NULL,NULL,NULL,10,1
25009,"Essex, MA",MA,2011,492.6,2,4,12,16,112,10,10,33,195,377,NULL,51,1,10,2,NULL,304,14
25013,"Hampden, MA",MA,2011,617.1,3,6,9,20,125,11,4,25,167,415,NULL,29,NULL,1,14,NULL,198,9
25017,"Middlesex, MA",MA,2011,817.8,3,13,20,38,172,17,23,65,312,753,1,68,11,10,13,NULL,576,18
25019,"Nantucket, MA",MA,2011,45,1,1,1,2,NULL,2,NULL,1,NULL,2,NULL,2,NULL,NULL,NULL,NULL,4,NULL
25021,"Norfolk, MA",MA,2011,396.1,1,3,15,16,57,10,15,30,124,337,NULL,31,10,4,8,NULL,299,13
25023,"Plymouth, MA",MA,2011,659.1,3,9,6,12,193,4,10,33,44,259,NULL,32,NULL,2,1,NULL,203,13
25025,"Suffolk, MA",MA,2011,58.2,1,11,22,12,2,6,NULL,5,78,358,NULL,24,78,2,7,NULL,266,5
25027,"Worcester, MA",MA,2011,1510.8,8,9,13,30,364,14,26,64,257,936,NULL,68,NULL,4,14,NULL,354,32
26001,"Alcona, MI",MI,2011,674.6,NULL,NULL,NULL,5,5,3,NULL,11,NULL,2,NULL,NULL,NULL,NULL,NULL,NULL,5,NULL
26003,"Alger, MI",MI,2011,915.1,2,1,1,2,3,NULL,NULL,7,1,23,NULL,2,NULL,NULL,NULL,NULL,7,2
26005,"Allegan, MI",MI,2011,825.2,5,1,1,5,18,2,NULL,19,67,69,NULL,11,NULL,1,1,1,72,10
26007,"Alpena, MI",MI,2011,571.9,1,3,1,2,6,NULL,1,8,29,10,1,2,NULL,NULL,NULL,NULL,19,1
26009,"Antrim, MI",MI,2011,475.7,3,2,NULL,NULL,3,NULL,NULL,9,2,5,NULL,4,NULL,NULL,NULL,NULL,16,2
26011,"Arenac, MI",MI,2011,363.2,NULL,NULL,1,1,6,NULL,NULL,5,NULL,33,NULL,1,NULL,NULL,NULL,NULL,9,3
26013,"Baraga, MI",MI,2011,898.3,NULL,NULL,1,2,7,1,NULL,7,NULL,15,NULL,3,NULL,1,NULL,NULL,8,2
26015,"Barry, MI",MI,2011,553.1,1,1,1,11,13,NULL,NULL,10,18,14,NULL,8,NULL,NULL,NULL,NULL,29,5
26017,"Bay, MI",MI,2011,442.3,2,2,2,8,NULL,7,NULL,14,26,77,4,8,22,1,2,NULL,61,6
26019,"Benzie, MI",MI,2011,319.7,2,NULL,1,1,6,NULL,NULL,4,NULL,8,NULL,4,2,NULL,NULL,NULL,7,2
26021,"Berrien, MI",MI,2011,567.7,4,4,2,11,12,1,NULL,23,66,133,NULL,26,3,1,3,3,109,13
26023,"Branch, MI",MI,2011,506.4,2,NULL,1,2,3,NULL,NULL,6,34,35,1,6,NULL,NULL,NULL,NULL,32,7
26025,"Calhoun, MI",MI,2011,706.2,2,2,4,5,8,1,2,16,59,95,NULL,14,NULL,1,7,2,81,6
26027,"Cass, MI",MI,2011,490.1,1,NULL,1,3,7,1,NULL,10,10,14,1,7,NULL,NULL,2,NULL,28,2
26029,"Charlevoix, MI",MI,2011,416.3,6,1,1,5,4,NULL,NULL,6,20,5,NULL,6,4,NULL,NULL,NULL,19,2
26031,"Cheboygan, MI",MI,2011,715.3,2,NULL,NULL,5,17,2,NULL,6,1,37,1,5,NULL,NULL,NULL,NULL,15,1
26033,"Chippewa, MI",MI,2011,1558.4,4,1,1,11,11,NULL,NULL,10,4,49,NULL,5,NULL,NULL,NULL,NULL,27,8
26035,"Clare, MI",MI,2011,564.3,2,1,NULL,2,14,NULL,1,4,7,41,NULL,3,NULL,1,1,NULL,22,1
26039,"Crawford, MI",MI,2011,556.3,1,NULL,1,3,5,1,NULL,9,9,31,1,3,NULL,NULL,NULL,NULL,7,NULL
26041,"Delta, MI",MI,2011,1171.1,2,NULL,1,6,8,2,NULL,11,16,29,NULL,4,10,1,1,4,19,3
26043,"Dickinson, MI",MI,2011,761.4,1,1,2,6,27,NULL,NULL,7,24,11,NULL,5,NULL,NULL,NULL,3,19,4
26045,"Eaton, MI",MI,2011,575.2,3,1,3,5,8,1,NULL,13,33,92,NULL,9,NULL,NULL,2,NULL,58,13
26047,"Emmet, MI",MI,2011,467.5,2,NULL,1,8,7,NULL,1,8,NULL,10,NULL,6,NULL,NULL,NULL,NULL,22,1
26053,"Gogebic, MI",MI,2011,1101.8,2,NULL,1,1,7,NULL,NULL,7,NULL,30,NULL,4,NULL,NULL,NULL,NULL,10,10
26055,"Grand Traverse, MI",MI,2011,464.3,3,1,1,7,13,2,NULL,8,9,17,2,11,NULL,1,NULL,1,50,1
26059,"Hillsdale, MI",MI,2011,598.1,1,1,NULL,4,20,3,1,14,11,6,2,5,NULL,NULL,NULL,NULL,39,10
26061,"Houghton, MI",MI,2011,1009.1,1,NULL,2,8,14,1,1,23,5,17,NULL,8,NULL,NULL,NULL,NULL,22,8
26063,"Huron, MI",MI,2011,835.7,3,1,2,3,1,1,1,12,12,19,1,8,NULL,2,4,NULL,39,13
26067,"Ionia, MI",MI,2011,571.3,1,1,1,1,13,1,2,11,22,37,NULL,6,NULL,NULL,NULL,1,39,10
26069,"Iosco, MI",MI,2011,549.1,3,2,1,4,16,4,NULL,7,6,14,NULL,6,NULL,NULL,NULL,NULL,20,4
26075,"Jackson, MI",MI,2011,701.7,5,2,3,11,18,1,NULL,16,72,76,NULL,14,NULL,1,2,NULL,79,9
26077,"Kalamazoo, MI",MI,2011,561.7,2,2,5,15,19,NULL,2,15,94,59,1,11,NULL,NULL,3,1,108,2
26079,"Kalkaska, MI",MI,2011,559.9,1,1,1,3,2,NULL,NULL,4,4,11,1,3,NULL,NULL,NULL,NULL,10,NULL
26081,"Kent, MI",MI,2011,846.9,4,1,6,25,16,NULL,1,31,265,208,2,18,NULL,1,11,3,333,9
26083,"Keweenaw, MI",MI,2011,540.1,NULL,NULL,NULL,NULL,NULL,NULL,NULL,5,NULL,7,NULL,NULL,NULL,NULL,NULL,NULL,3,1
26085,"Lake, MI",MI,2011,567.4,1,1,NULL,NULL,5,NULL,1,4,NULL,5,NULL,3,NULL,NULL,NULL,NULL,5,NULL
26087,"Lapeer, MI",MI,2011,643,1,1,NULL,4,31,NULL,NULL,16,36,50,3,7,NULL,NULL,2,1,42,13
26089,"Leelanau, MI",MI,2011,347.2,3,NULL,1,5,3,NULL,NULL,5,NULL,5,NULL,2,2,NULL,NULL,NULL,13,1
26091,"Lenawee, MI",MI,2011,749.6,6,1,3,6,11,1,NULL,17,44,29,NULL,10,NULL,NULL,NULL,3,58,17
26093,"Livingston, MI",MI,2011,565.3,6,1,3,2,23,1,NULL,10,41,59,NULL,9,NULL,4,NULL,2,61,10
26095,"Luce, MI",MI,2011,899.1,1,NULL,1,2,7,NULL,NULL,2,4,7,NULL,3,NULL,NULL,NULL,NULL,3,1
26097,"Mackinac, MI",MI,2011,1021.6,4,NULL,1,1,5,NULL,NULL,5,NULL,43,NULL,5,1,1,NULL,1,12,4
26099,"Macomb, MI",MI,2011,479.2,3,5,4,4,8,NULL,1,30,183,154,NULL,25,NULL,NULL,4,2,311,13
26101,"Manistee, MI",MI,2011,542.1,1,1,1,5,4,2,1,8,18,10,1,3,6,NULL,NULL,NULL,20,1
26103,"Marquette, MI",MI,2011,1808.4,2,2,2,14,41,2,NULL,16,9,34,NULL,10,NULL,1,NULL,5,31,7
26105,"Mason, MI",MI,2011,495.1,1,2,1,6,6,3,NULL,8,7,22,NULL,3,8,NULL,NULL,NULL,23,4
26107,"Mecosta, MI",MI,2011,555.1,4,2,1,2,16,NULL,NULL,6,10,44,NULL,3,NULL,NULL,NULL,NULL,28,3
26109,"Menominee, MI",MI,2011,1044.1,1,NULL,NULL,2,10,NULL,NULL,10,23,18,NULL,5,1,NULL,1,1,22,3
26113,"Missaukee, MI",MI,2011,564.7,2,NULL,NULL,NULL,6,1,NULL,5,3,6,NULL,1,NULL,NULL,NULL,NULL,9,NULL
26115,"Monroe, MI",MI,2011,549.4,6,1,1,5,5,4,NULL,21,67,123,NULL,9,5,1,2,2,74,16
26117,"Montcalm, MI",MI,2011,705.4,3,2,3,2,11,1,1,12,22,30,NULL,6,NULL,NULL,1,NULL,45,5
26119,"Montmorency, MI",MI,2011,546.7,2,NULL,NULL,5,15,1,NULL,4,1,5,NULL,1,NULL,NULL,NULL,NULL,6,1
26121,"Muskegon, MI",MI,2011,499.2,1,2,2,14,6,1,NULL,15,172,121,1,11,17,2,NULL,4,95,6
26123,"Newaygo, MI",MI,2011,813.2,3,NULL,1,5,9,NULL,1,4,14,10,NULL,8,NULL,NULL,2,NULL,34,3
26125,"Oakland, MI",MI,2011,867.7,3,5,17,31,55,1,7,55,250,277,3,44,NULL,1,8,10,537,16
26127,"Oceana, MI",MI,2011,512.1,2,NULL,1,2,9,1,1,7,7,67,NULL,3,NULL,NULL,NULL,NULL,23,3
26129,"Ogemaw, MI",MI,2011,563.5,1,1,1,2,18,NULL,NULL,6,7,18,1,4,NULL,NULL,NULL,NULL,10,2
26131,"Ontonagon, MI",MI,2011,1311.2,1,NULL,1,2,15,NULL,NULL,5,11,36,NULL,1,NULL,1,NULL,NULL,7,7
26133,"Osceola, MI",MI,2011,566.4,2,NULL,1,5,8,1,NULL,7,12,54,1,4,NULL,NULL,1,NULL,21,2
26135,"Oscoda, MI",MI,2011,565.7,1,NULL,NULL,1,8,1,NULL,5,5,3,1,1,NULL,NULL,NULL,NULL,5,NULL
26137,"Otsego, MI",MI,2011,515,1,NULL,2,4,5,NULL,NULL,6,9,16,1,3,NULL,NULL,1,NULL,12,1
26139,"Ottawa, MI",MI,2011,563.5,4,2,3,13,8,7,2,21,138,77,NULL,9,12,1,2,NULL,111,12
26141,"Presque Isle, MI",MI,2011,658.7,2,NULL,1,3,6,NULL,1,5,NULL,9,NULL,3,NULL,NULL,NULL,NULL,15,1
26143,"Roscommon, MI",MI,2011,519.6,4,1,NULL,2,13,NULL,NULL,8,NULL,26,1,3,NULL,NULL,NULL,NULL,14,3
26145,"Saginaw, MI",MI,2011,800.1,4,4,6,12,4,NULL,NULL,22,67,109,1,20,15,NULL,4,5,125,11
26147,"St. Clair, MI",MI,2011,721.2,7,1,3,8,3,6,NULL,19,77,90,1,10,NULL,6,2,NULL,78,11
26149,"St. Joseph, MI",MI,2011,500.6,2,NULL,2,4,13,NULL,NULL,10,23,20,1,10,NULL,1,NULL,NULL,44,5
26151,"Sanilac, MI",MI,2011,962.6,6,1,3,5,2,NULL,1,16,14,29,NULL,8,NULL,1,2,NULL,30,12
26153,"Schoolcraft, MI",MI,2011,1171.4,1,NULL,1,2,9,NULL,NULL,11,1,49,NULL,1,2,NULL,NULL,NULL,8,1
26157,"Tuscola, MI",MI,2011,803.1,1,NULL,3,7,3,NULL,NULL,13,17,26,NULL,7,NULL,NULL,1,NULL,40,12
26159,"Van Buren, MI",MI,2011,607.5,2,1,2,3,7,1,NULL,14,30,46,NULL,13,NULL,NULL,1,NULL,52,9
26161,"Washtenaw, MI",MI,2011,706,4,3,6,12,21,1,NULL,17,45,118,NULL,16,NULL,3,2,5,143,13
26163,"Wayne, MI",MI,2011,612.1,5,10,22,23,12,18,4,51,844,647,3,119,75,2,31,57,876,26
26165,"Wexford, MI",MI,2011,565,2,1,1,8,8,2,NULL,7,22,17,NULL,3,NULL,NULL,NULL,NULL,23,1
27017,"Carlton, MN",MN,2011,861.4,2,NULL,1,3,30,NULL,NULL,13,14,117,1,4,NULL,NULL,NULL,1,28,4
27031,"Cook, MN",MN,2011,1452.3,1,1,1,2,1,2,NULL,7,NULL,31,NULL,1,1,NULL,NULL,3,7,1
27075,"Lake, MN",MN,2011,2109.3,2,NULL,1,NULL,17,2,NULL,3,6,45,NULL,3,3,NULL,NULL,5,5,4
27137,"St. Louis, MN",MN,2011,6247.4,8,6,9,40,84,9,3,64,35,609,NULL,36,31,5,3,39,117,25
28005,"Amite, MS",MS,2011,730.1,NULL,NULL,1,2,20,NULL,NULL,2,2,215,NULL,2,NULL,NULL,NULL,NULL,6,3
28039,"George, MS",MS,2011,478.7,NULL,NULL,1,2,18,1,1,7,3,82,NULL,3,NULL,NULL,NULL,1,9,NULL
28045,"Hancock, MS",MS,2011,473.7,2,1,1,1,22,NULL,1,7,17,72,NULL,4,9,NULL,1,NULL,16,1
28047,"Harrison, MS",MS,2011,574,2,1,11,9,33,1,2,8,46,256,NULL,14,30,NULL,2,NULL,72,10
28059,"Jackson, MS",MS,2011,722.8,2,NULL,2,7,6,2,NULL,16,142,216,1,7,67,3,1,NULL,62,5
28073,"Lamar, MS",MS,2011,497.1,NULL,NULL,2,2,47,1,NULL,3,12,107,2,4,NULL,1,NULL,5,19,2
28091,"Marion, MS",MS,2011,542.4,1,NULL,1,3,23,NULL,1,7,1,174,NULL,3,NULL,NULL,NULL,NULL,15,4
28109,"Pearl River, MS",MS,2011,810.9,1,NULL,3,2,48,NULL,1,6,10,184,1,5,NULL,NULL,1,3,24,4
28113,"Pike, MS",MS,2011,409,1,1,2,5,31,1,1,2,4,218,NULL,7,NULL,NULL,2,NULL,21,10
28131,"Stone, MS",MS,2011,445.5,NULL,NULL,NULL,8,48,NULL,NULL,6,9,106,NULL,2,NULL,NULL,NULL,NULL,4,2
28147,"Walthall, MS",MS,2011,403.9,NULL,NULL,1,2,10,NULL,1,5,1,127,NULL,2,NULL,NULL,NULL,NULL,7,1
28157,"Wilkinson, MS",MS,2011,678.1,NULL,NULL,NULL,NULL,13,NULL,1,1,NULL,113,NULL,5,NULL,NULL,NULL,NULL,7,5
33001,"Belknap, NH",NH,2011,400.2,1,2,1,7,38,1,NULL,11,6,153,NULL,12,NULL,NULL,NULL,4,35,NULL
33003,"Carroll, NH",NH,2011,931.1,NULL,1,1,5,35,5,NULL,18,NULL,234,NULL,10,NULL,NULL,NULL,6,31,1
33011,"Hillsborough, NH",NH,2011,876.1,2,8,7,16,105,11,4,26,105,359,NULL,37,NULL,1,1,8,216,9
33013,"Merrimack, NH",NH,2011,934.1,1,3,6,13,85,12,6,24,50,393,NULL,26,NULL,NULL,NULL,6,82,11
33015,"Rockingham, NH",NH,2011,694.7,1,NULL,5,9,60,8,7,39,62,331,1,39,19,NULL,1,10,175,8
33017,"Strafford, NH",NH,2011,369,1,1,2,7,48,2,NULL,13,24,160,NULL,15,NULL,NULL,2,6,57,8
34001,"Atlantic, NJ",NJ,2011,555.7,3,4,3,18,28,3,8,35,1,190,NULL,25,NULL,NULL,5,5,102,5
34003,"Bergen, NJ",NJ,2011,233,1,7,7,15,20,1,14,103,185,510,7,73,10,4,3,12,437,10
34005,"Burlington, NJ",NJ,2011,798.6,4,5,4,3,60,1,4,61,87,333,2,37,6,5,3,5,192,21
34007,"Camden, NJ",NJ,2011,221.3,1,6,8,9,25,1,5,59,74,225,5,32,30,NULL,7,14,247,5
34009,"Cape May, NJ",NJ,2011,251.4,3,NULL,2,17,9,1,12,25,8,65,NULL,21,NULL,2,NULL,NULL,40,3
34011,"Cumberland, NJ",NJ,2011,483.7,2,1,1,8,27,7,5,22,20,92,1,8,NULL,NULL,7,1,70,2
34013,"Essex, NJ",NJ,2011,126.2,2,10,14,5,9,5,9,22,220,470,4,49,44,1,5,17,372,7
34015,"Gloucester, NJ",NJ,2011,322,1,2,2,3,37,6,2,45,255,221,10,24,20,4,NULL,1,120,5
34017,"Hudson, NJ",NJ,2011,46.2,NULL,12,9,3,3,4,12,12,99,163,4,28,65,NULL,9,22,195,11
34019,"Hunterdon, NJ",NJ,2011,427.8,3,2,2,3,21,3,4,26,26,360,NULL,16,NULL,NULL,1,3,68,12
34021,"Mercer, NJ",NJ,2011,224.6,2,7,7,13,23,2,7,30,60,325,2,19,3,3,3,7,153,10
34023,"Middlesex, NJ",NJ,2011,308.9,1,6,7,3,16,7,7,60,454,499,8,33,41,NULL,9,32,293,2
34025,"Monmouth, NJ",NJ,2011,468.8,1,6,4,12,42,NULL,10,83,21,453,3,51,8,3,NULL,8,311,18
34027,"Morris, NJ",NJ,2011,460.2,2,6,5,7,93,1,7,67,67,464,4,44,NULL,6,1,31,238,24
34029,"Ocean, NJ",NJ,2011,628.8,3,1,5,9,38,4,12,57,35,211,NULL,41,NULL,2,NULL,NULL,173,3
34031,"Passaic, NJ",NJ,2011,184.6,1,3,3,5,80,NULL,5,29,151,297,2,19,1,2,2,9,214,12
34033,"Salem, NJ",NJ,2011,331.9,1,2,1,1,29,4,7,18,118,106,1,10,5,3,NULL,NULL,35,7
34035,"Somerset, NJ",NJ,2011,301.8,3,5,3,4,12,1,6,43,129,372,1,22,NULL,2,3,7,146,17
34037,"Sussex, NJ",NJ,2011,519,2,2,1,5,119,NULL,3,22,8,155,NULL,16,NULL,NULL,NULL,8,68,5
34039,"Union, NJ",NJ,2011,102.9,1,6,9,3,12,4,8,25,233,388,5,28,25,NULL,9,38,238,8
36001,"Albany, NY",NY,2011,522.8,2,4,5,23,45,1,2,43,83,306,5,27,25,5,6,18,114,18
36005,"Bronx, NY",NY,2011,42.1,NULL,9,13,4,2,1,NULL,2,26,301,NULL,24,29,NULL,NULL,7,436,2
36009,"Cattaraugus, NY",NY,2011,1308.4,1,NULL,2,10,43,3,3,30,43,431,NULL,9,NULL,1,NULL,15,60,13
36011,"Cayuga, NY",NY,2011,691.6,1,1,1,4,14,NULL,NULL,26,15,124,NULL,6,NULL,NULL,NULL,NULL,37,8
36013,"Chautauqua, NY",NY,2011,1060.2,2,NULL,4,11,28,3,1,41,59,507,NULL,13,1,NULL,2,21,71,15
36019,"Clinton, NY",NY,2011,1037.9,2,2,1,12,27,1,NULL,24,16,197,NULL,3,NULL,NULL,3,6,41,12
36021,"Columbia, NY",NY,2011,634.7,1,NULL,1,4,31,NULL,NULL,27,10,240,NULL,6,1,NULL,1,5,26,9
36027,"Dutchess, NY",NY,2011,795.6,4,1,5,10,74,1,NULL,39,31,312,NULL,13,5,NULL,2,4,123,20
36029,"Erie, NY",NY,2011,1042.7,3,24,16,31,24,3,6,99,262,794,7,56,28,NULL,19,111,345,32
36033,"Franklin, NY",NY,2011,1629.1,2,2,2,5,28,1,NULL,18,2,166,NULL,8,NULL,NULL,NULL,NULL,29,6
36037,"Genesee, NY",NY,2011,492.9,2,2,2,3,13,NULL,NULL,17,13,138,NULL,3,NULL,NULL,NULL,9,29,10
36039,"Greene, NY",NY,2011,647.2,1,3,NULL,1,33,1,NULL,21,10,217,NULL,8,8,NULL,NULL,3,23,7
36041,"Hamilton, NY",NY,2011,1717.4,1,NULL,NULL,1,27,NULL,1,8,NULL,79,NULL,2,NULL,NULL,NULL,NULL,6,2
36043,"Herkimer, NY",NY,2011,1411.5,NULL,NULL,1,9,42,1,NULL,22,6,219,NULL,12,NULL,NULL,NULL,6,29,5
36045,"Jefferson, NY",NY,2011,1268.6,1,2,3,14,36,1,NULL,34,35,258,NULL,13,NULL,NULL,NULL,5,49,20
36047,"Kings, NY",NY,2011,70.8,NULL,23,19,2,NULL,4,NULL,2,68,238,1,47,92,NULL,3,9,834,4
36049,"Lewis, NY",NY,2011,1274.7,NULL,NULL,1,6,42,NULL,NULL,14,14,156,NULL,2,NULL,NULL,NULL,NULL,18,8
36051,"Livingston, NY",NY,2011,631.8,1,1,1,3,11,NULL,NULL,18,15,156,NULL,8,NULL,NULL,5,3,30,9
36055,"Monroe, NY",NY,2011,657.2,2,3,7,32,20,3,NULL,47,188,573,NULL,39,3,1,2,55,264,9
36059,"Nassau, NY",NY,2011,284.7,NULL,11,13,11,6,9,3,88,88,307,NULL,34,35,4,NULL,91,456,13
36061,"New York, NY",NY,2011,22.8,NULL,21,21,35,1,6,NULL,NULL,3,247,1,31,54,NULL,1,3,462,2
36063,"Niagara, NY",NY,2011,522.4,2,7,5,3,8,5,1,34,168,269,1,12,NULL,1,1,17,81,12
36067,"Onondaga, NY",NY,2011,778.4,2,3,7,33,32,6,NULL,51,114,439,2,35,NULL,NULL,2,27,160,14
36069,"Ontario, NY",NY,2011,644.1,1,1,5,12,13,NULL,NULL,26,14,153,NULL,6,NULL,NULL,NULL,5,37,10
36071,"Orange, NY",NY,2011,811.7,3,12,9,10,102,4,1,47,86,416,NULL,41,12,2,NULL,15,134,32
36073,"Orleans, NY",NY,2011,391.3,1,1,1,1,13,NULL,NULL,10,8,120,NULL,5,NULL,1,NULL,1,18,4
36075,"Oswego, NY",NY,2011,951.6,1,2,2,11,40,5,NULL,26,22,186,NULL,9,6,1,NULL,3,48,16
36079,"Putnam, NY",NY,2011,230.3,NULL,NULL,2,2,62,NULL,NULL,13,1,101,NULL,4,1,1,NULL,4,31,11
36081,"Queens, NY",NY,2011,108.5,2,20,15,2,1,9,NULL,3,59,462,NULL,42,47,NULL,1,105,510,3
36083,"Rensselaer, NY",NY,2011,652.4,NULL,1,2,4,39,1,NULL,41,60,238,5,9,12,1,1,4,64,8
36085,"Richmond, NY",NY,2011,58.4,NULL,7,4,1,2,1,NULL,2,5,147,NULL,10,60,NULL,NULL,10,118,2
36087,"Rockland, NY",NY,2011,173.6,NULL,6,6,3,42,3,NULL,34,39,218,NULL,16,9,2,NULL,6,131,6
36089,"St. Lawrence, NY",NY,2011,2680.4,3,3,6,15,86,1,NULL,37,48,289,NULL,9,1,NULL,NULL,7,63,23
36093,"Schenectady, NY",NY,2011,204.5,1,1,5,6,9,NULL,NULL,21,29,108,NULL,10,NULL,NULL,2,17,52,5
36103,"Suffolk, NY",NY,2011,912.1,8,16,16,35,16,13,5,110,81,354,NULL,37,27,8,1,47,445,32
36111,"Ulster, NY",NY,2011,1124.2,2,11,3,22,54,NULL,NULL,36,18,362,NULL,23,15,1,NULL,3,68,23
36117,"Wayne, NY",NY,2011,603.8,1,2,2,3,7,1,NULL,26,27,83,NULL,11,NULL,NULL,NULL,1,46,14
36119,"Westchester, NY",NY,2011,430.5,1,14,21,12,87,1,6,88,50,713,NULL,53,31,2,3,36,374,13
36121,"Wyoming, NY",NY,2011,592.7,1,1,1,5,25,1,1,19,12,114,NULL,5,NULL,NULL,NULL,3,20,3
37007,"Anson, NC",NC,2011,531.5,1,NULL,1,1,36,NULL,NULL,3,4,146,NULL,3,NULL,2,NULL,2,10,NULL
37013,"Beaufort, NC",NC,2011,827.2,1,2,2,4,7,2,NULL,11,12,134,NULL,4,NULL,5,NULL,NULL,19,NULL
37015,"Bertie, NC",NC,2011,699.3,NULL,NULL,1,4,1,NULL,NULL,8,21,69,NULL,4,NULL,NULL,NULL,NULL,12,NULL
37017,"Bladen, NC",NC,2011,874.3,1,NULL,1,4,15,NULL,NULL,8,28,87,NULL,2,NULL,NULL,NULL,NULL,15,NULL
37019,"Brunswick, NC",NC,2011,847,1,NULL,2,24,5,2,NULL,19,45,104,NULL,17,6,3,NULL,NULL,24,NULL
37029,"Camden, NC",NC,2011,240.6,NULL,1,NULL,NULL,NULL,NULL,NULL,1,NULL,22,NULL,1,NULL,1,NULL,NULL,3,NULL
37031,"Carteret, NC",NC,2011,506.3,2,1,1,8,1,1,NULL,16,2,49,NULL,9,21,6,NULL,NULL,24,NULL
37041,"Chowan, NC",NC,2011,172.5,1,1,1,2,NULL,1,NULL,2,3,37,NULL,2,NULL,3,NULL,NULL,6,NULL
37047,"Columbus, NC",NC,2011,937.3,1,NULL,1,6,6,NULL,NULL,12,47,157,NULL,10,NULL,NULL,NULL,NULL,29,NULL
37049,"Craven, NC",NC,2011,709,2,NULL,2,7,1,2,1,15,34,93,NULL,7,NULL,4,NULL,NULL,29,NULL
37051,"Cumberland, NC",NC,2011,652.3,2,2,5,8,74,1,NULL,21,42,161,NULL,6,NULL,1,2,5,123,NULL
37053,"Currituck, NC",NC,2011,261.9,1,NULL,NULL,3,NULL,NULL,NULL,4,NULL,11,NULL,2,NULL,2,NULL,NULL,8,NULL
37055,"Dare, NC",NC,2011,383.4,2,NULL,NULL,7,NULL,4,NULL,11,NULL,25,NULL,13,NULL,2,NULL,NULL,13,NULL
37061,"Duplin, NC",NC,2011,816.2,1,NULL,1,3,13,2,NULL,14,12,153,NULL,7,NULL,2,NULL,NULL,18,NULL
37065,"Edgecombe, NC",NC,2011,505.3,1,1,1,4,10,2,NULL,8,11,122,NULL,5,NULL,NULL,NULL,NULL,21,NULL
37073,"Gates, NC",NC,2011,340.4,NULL,NULL,NULL,NULL,1,NULL,NULL,5,NULL,29,NULL,1,NULL,NULL,NULL,NULL,5,NULL
37079,"Greene, NC",NC,2011,265.9,NULL,NULL,NULL,3,4,NULL,NULL,6,NULL,60,NULL,2,NULL,NULL,NULL,NULL,6,NULL
37083,"Halifax, NC",NC,2011,724.1,1,NULL,2,6,15,3,NULL,10,29,105,NULL,12,NULL,1,1,3,26,NULL
37091,"Hertford, NC",NC,2011,353.1,1,2,1,2,10,NULL,NULL,9,10,34,NULL,5,NULL,NULL,NULL,NULL,10,NULL
37095,"Hyde, NC",NC,2011,612.7,1,1,NULL,3,NULL,2,NULL,5,NULL,53,NULL,2,NULL,2,NULL,NULL,4,NULL
37103,"Jones, NC",NC,2011,470.7,NULL,NULL,NULL,4,1,NULL,NULL,7,NULL,53,NULL,4,NULL,NULL,NULL,NULL,6,NULL
37107,"Lenoir, NC",NC,2011,400.6,1,1,2,5,7,NULL,NULL,11,20,81,NULL,5,NULL,NULL,1,NULL,25,NULL
37117,"Martin, NC",NC,2011,461.2,1,NULL,1,1,4,NULL,NULL,3,4,86,NULL,3,NULL,NULL,NULL,1,13,NULL
37129,"New Hanover, NC",NC,2011,191.5,1,2,3,3,1,1,NULL,15,81,40,1,6,36,1,1,NULL,52,NULL
37131,"Northampton, NC",NC,2011,536.6,NULL,NULL,NULL,5,17,NULL,NULL,8,18,68,NULL,6,NULL,NULL,NULL,1,13,NULL
37133,"Onslow, NC",NC,2011,762.7,2,3,3,9,1,NULL,NULL,18,3,72,NULL,6,NULL,2,1,NULL,50,NULL
37137,"Pamlico, NC",NC,2011,336.5,NULL,NULL,NULL,3,NULL,NULL,NULL,6,NULL,36,NULL,2,NULL,1,NULL,NULL,5,NULL
37139,"Pasquotank, NC",NC,2011,226.9,1,1,1,4,NULL,NULL,NULL,3,3,26,NULL,2,NULL,2,NULL,NULL,15,NULL
37141,"Pender, NC",NC,2011,869.8,1,NULL,1,2,4,NULL,NULL,10,1,60,NULL,4,NULL,2,NULL,NULL,15,NULL
37143,"Perquimans, NC",NC,2011,247.1,1,NULL,NULL,1,NULL,NULL,NULL,4,NULL,26,NULL,2,NULL,3,NULL,NULL,5,NULL
37147,"Pitt, NC",NC,2011,652,1,2,2,11,6,NULL,NULL,18,33,136,NULL,13,NULL,2,NULL,2,45,NULL
37153,"Richmond, NC",NC,2011,473.8,1,NULL,2,5,30,2,2,5,13,108,NULL,3,NULL,2,1,3,20,NULL
37163,"Sampson, NC",NC,2011,944.7,1,NULL,1,4,33,NULL,NULL,12,13,152,NULL,7,NULL,1,1,NULL,22,NULL
37165,"Scotland, NC",NC,2011,318.8,1,NULL,1,2,17,NULL,NULL,2,21,80,NULL,4,NULL,1,1,NULL,20,NULL
37177,"Tyrrell, NC",NC,2011,389,NULL,NULL,NULL,4,NULL,NULL,NULL,5,1,18,NULL,2,NULL,1,NULL,NULL,3,NULL
37187,"Washington, NC",NC,2011,348.1,1,NULL,NULL,2,NULL,1,NULL,4,25,25,NULL,3,NULL,3,NULL,NULL,5,NULL
37191,"Wayne, NC",NC,2011,553.1,3,NULL,2,7,22,1,NULL,18,29,116,NULL,5,NULL,2,NULL,NULL,42,NULL
37195,"Wilson, NC",NC,2011,368.2,1,1,1,3,12,1,NULL,8,27,109,NULL,6,NULL,3,2,2,30,NULL
39005,"Ashland, OH",OH,2011,422.9,1,NULL,1,3,26,NULL,NULL,8,33,279,NULL,5,NULL,2,NULL,1,29,9
39007,"Ashtabula, OH",OH,2011,701.9,2,2,4,5,34,3,1,22,78,290,NULL,9,19,2,NULL,6,47,21
39033,"Crawford, OH",OH,2011,401.8,1,NULL,2,5,14,NULL,NULL,9,19,215,NULL,5,NULL,2,NULL,NULL,27,5
39035,"Cuyahoga, OH",OH,2011,457.2,3,3,24,34,20,2,1,62,691,625,NULL,92,48,1,27,56,540,42
39039,"Defiance, OH",OH,2011,411.5,1,NULL,2,4,11,1,NULL,10,42,151,NULL,3,NULL,NULL,1,5,23,10
39043,"Erie, OH",OH,2011,251.6,4,2,2,7,4,NULL,NULL,12,52,150,NULL,8,14,NULL,1,4,35,33
39051,"Fulton, OH",OH,2011,405.4,1,NULL,1,4,9,1,NULL,7,46,124,NULL,7,NULL,1,NULL,6,26,13
39055,"Geauga, OH",OH,2011,400.2,2,NULL,2,4,33,NULL,NULL,14,38,104,NULL,9,NULL,NULL,NULL,NULL,35,37
39063,"Hancock, OH",OH,2011,531.4,3,NULL,2,5,12,NULL,1,9,35,362,3,4,NULL,1,NULL,NULL,43,6
39069,"Henry, OH",OH,2011,416,1,NULL,1,2,2,NULL,NULL,9,17,101,NULL,5,NULL,3,NULL,4,18,10
39077,"Huron, OH",OH,2011,491.5,2,NULL,2,3,24,NULL,NULL,10,25,293,NULL,8,NULL,2,1,7,34,7
39085,"Lake, OH",OH,2011,227.5,2,1,2,3,9,4,NULL,18,191,142,NULL,16,10,2,3,11,81,29
39093,"Lorain, OH",OH,2011,491.1,5,3,4,7,28,3,NULL,21,254,354,1,19,9,2,4,7,130,28
39095,"Lucas, OH",OH,2011,340.9,1,1,8,19,5,3,NULL,16,252,308,5,23,35,2,17,28,201,10
39101,"Marion, OH",OH,2011,403.8,1,NULL,2,4,1,NULL,1,10,41,219,NULL,3,NULL,NULL,3,1,33,11
39103,"Medina, OH",OH,2011,421.4,3,1,3,NULL,66,NULL,NULL,17,71,165,NULL,13,NULL,2,NULL,8,53,15
39123,"Ottawa, OH",OH,2011,254.9,4,1,1,2,NULL,1,NULL,10,12,69,NULL,13,NULL,NULL,NULL,1,24,15
39133,"Portage, OH",OH,2011,487.4,4,2,1,4,26,NULL,NULL,19,71,147,NULL,14,NULL,NULL,1,1,63,42
39143,"Sandusky, OH",OH,2011,408.5,2,NULL,3,3,2,NULL,NULL,9,53,335,NULL,7,NULL,NULL,1,NULL,33,11
39147,"Seneca, OH",OH,2011,551,4,NULL,1,5,7,NULL,NULL,10,29,312,1,9,NULL,NULL,NULL,8,35,5
39153,"Summit, OH",OH,2011,412.7,4,1,5,12,51,2,NULL,38,251,475,NULL,34,NULL,2,9,16,226,38
39155,"Trumbull, OH",OH,2011,618.3,3,NULL,4,6,23,1,NULL,32,167,304,NULL,19,NULL,NULL,3,8,101,36
39173,"Wood, OH",OH,2011,617.2,4,NULL,1,7,8,1,NULL,23,103,510,4,21,NULL,4,2,NULL,66,23
39175,"Wyandot, OH",OH,2011,406.9,1,NULL,1,2,9,NULL,NULL,8,21,101,NULL,5,NULL,1,2,NULL,11,6
41003,"Benton, OR",OR,2011,675.9,1,3,1,10,9,1,NULL,6,10,22,NULL,4,NULL,3,NULL,NULL,38,6
41005,"Clackamas, OR",OR,2011,1870.3,2,2,4,12,38,3,NULL,27,46,139,NULL,11,2,6,4,3,147,15
41007,"Clatsop, OR",OR,2011,829,1,1,2,7,6,NULL,NULL,11,27,40,NULL,7,34,2,NULL,NULL,21,9
41009,"Columbia, OR",OR,2011,657.4,1,1,NULL,1,5,2,NULL,7,48,19,NULL,7,13,1,NULL,NULL,21,4
41011,"Coos, OR",OR,2011,1596.2,2,2,3,16,14,1,NULL,14,9,46,NULL,8,44,3,NULL,NULL,33,7
41015,"Curry, OR",OR,2011,1627.5,NULL,NULL,1,3,4,1,1,10,2,46,NULL,5,NULL,4,NULL,NULL,12,1
41019,"Douglas, OR",OR,2011,5036.1,1,1,3,17,55,9,1,24,7,135,NULL,10,8,15,NULL,NULL,61,17
41033,"Josephine, OR",OR,2011,1639.7,2,1,1,11,9,NULL,NULL,10,6,59,NULL,2,NULL,2,1,NULL,35,6
41039,"Lane, OR",OR,2011,4553.1,4,3,4,37,35,1,2,50,91,199,1,11,5,7,6,NULL,157,13
41041,"Lincoln, OR",OR,2011,979.8,2,NULL,2,12,6,NULL,NULL,7,9,31,NULL,5,20,1,NULL,NULL,23,8
41051,"Multnomah, OR",OR,2011,431.3,2,2,10,38,22,10,NULL,4,252,398,4,15,95,1,26,8,255,4
41057,"Tillamook, OR",OR,2011,1102.6,1,1,1,2,1,NULL,NULL,13,4,69,NULL,6,NULL,NULL,NULL,NULL,15,12
42001,"Adams, PA",PA,2011,518.7,NULL,1,1,4,14,2,NULL,21,22,233,NULL,12,NULL,2,NULL,NULL,38,26
42011,"Berks, PA",PA,2011,856.5,2,2,4,7,35,3,1,60,197,403,1,37,NULL,5,2,NULL,161,42
42017,"Bucks, PA",PA,2011,604.3,3,1,8,8,30,4,2,55,191,601,NULL,42,7,4,8,NULL,269,60
42029,"Chester, PA",PA,2011,750.5,3,1,9,5,32,1,1,39,153,575,1,37,NULL,4,8,NULL,208,43
42045,"Delaware, PA",PA,2011,183.8,1,1,6,10,8,2,2,64,126,343,3,35,29,1,4,NULL,220,32
42049,"Erie, PA",PA,2011,799.2,2,7,10,24,10,2,2,31,157,375,1,12,9,1,2,NULL,120,35
42071,"Lancaster, PA",PA,2011,943.8,2,6,5,13,22,4,NULL,62,224,720,NULL,29,NULL,9,8,NULL,386,51
42075,"Lebanon, PA",PA,2011,361.8,2,2,3,6,13,1,2,25,49,175,NULL,16,NULL,3,1,NULL,57,24
42077,"Lehigh, PA",PA,2011,345.2,3,4,8,13,9,2,NULL,26,83,240,NULL,32,NULL,3,1,NULL,117,20
42091,"Montgomery, PA",PA,2011,483,4,9,16,11,26,3,1,83,219,670,1,48,NULL,5,3,NULL,348,76
42101,"Philadelphia, PA",PA,2011,134.1,1,14,36,35,3,7,NULL,3,222,545,5,28,72,NULL,19,NULL,569,4
42107,"Schuylkill, PA",PA,2011,778.6,1,5,4,5,55,8,NULL,87,87,324,1,32,NULL,8,NULL,NULL,62,38
42133,"York, PA",PA,2011,904.2,2,4,4,17,20,3,2,57,189,443,NULL,23,NULL,5,9,NULL,155,35
44001,"Bristol, RI",RI,2011,24.2,NULL,NULL,NULL,1,2,NULL,NULL,3,10,8,NULL,4,NULL,NULL,NULL,NULL,23,1
44003,"Kent, RI",RI,2011,168.5,1,1,1,3,28,NULL,3,12,61,101,NULL,7,NULL,1,NULL,7,88,2
44005,"Newport, RI",RI,2011,102.4,1,3,1,4,11,1,1,10,3,41,NULL,7,1,1,NULL,NULL,42,3
44007,"Providence, RI",RI,2011,409.5,1,9,12,20,100,11,12,36,229,450,NULL,34,16,3,1,7,312,10
44009,"Washington, RI",RI,2011,329.2,4,NULL,2,11,40,2,1,17,27,120,NULL,11,5,NULL,2,2,56,5
45005,"Allendale, SC",SC,2011,408.1,1,1,2,1,17,5,1,1,92,66,NULL,6,NULL,15,NULL,NULL,4,7
45013,"Beaufort, SC",SC,2011,576.3,3,1,3,6,16,14,1,12,435,60,NULL,1,NULL,70,NULL,NULL,47,145
45015,"Berkeley, SC",SC,2011,1098.9,1,1,NULL,3,28,8,1,23,523,183,NULL,3,10,34,NULL,1,50,129
45019,"Charleston, SC",SC,2011,916.1,3,1,12,24,5,35,1,21,1684,332,8,12,57,44,10,NULL,124,344
45025,"Chesterfield, SC",SC,2011,799.1,2,2,1,2,99,3,1,14,232,213,1,8,NULL,45,NULL,NULL,20,17
45027,"Clarendon, SC",SC,2011,606.9,1,NULL,2,1,30,2,1,3,93,200,NULL,4,NULL,22,NULL,NULL,16,13
45029,"Colleton, SC",SC,2011,1056.5,1,1,1,1,12,6,1,25,177,249,NULL,1,NULL,38,NULL,NULL,18,15
45031,"Darlington, SC",SC,2011,561.2,2,NULL,2,4,48,10,1,5,319,190,NULL,5,NULL,35,1,NULL,30,52
45033,"Dillon, SC",SC,2011,404.9,1,2,1,2,18,3,1,8,139,149,NULL,2,NULL,39,1,NULL,16,26
45035,"Dorchester, SC",SC,2011,573.2,2,NULL,2,2,8,1,1,14,375,212,NULL,4,NULL,42,1,NULL,33,121
45041,"Florence, SC",SC,2011,800,2,4,6,26,29,10,1,17,615,292,NULL,6,NULL,96,1,NULL,56,94
45043,"Georgetown, SC",SC,2011,813.5,2,1,1,1,11,1,1,4,320,97,NULL,3,19,54,NULL,NULL,24,116
45049,"Hampton, SC",SC,2011,559.9,NULL,NULL,1,1,20,7,1,5,121,110,NULL,NULL,NULL,35,2,NULL,11,24
45051,"Horry, SC",SC,2011,1133.9,4,2,3,10,28,2,1,8,714,334,NULL,5,NULL,117,NULL,NULL,58,348
45053,"Jasper, SC",SC,2011,655.3,NULL,NULL,2,NULL,13,3,1,4,119,151,NULL,1,2,22,NULL,2,8,14
45055,"Kershaw, SC",SC,2011,726.6,1,NULL,1,NULL,68,4,1,10,287,189,NULL,2,NULL,65,2,NULL,23,23
45057,"Lancaster, SC",SC,2011,549.2,1,NULL,1,2,46,3,1,20,254,194,NULL,4,NULL,27,NULL,1,21,27
45061,"Lee, SC",SC,2011,410.2,1,NULL,1,1,22,1,1,2,82,102,NULL,2,NULL,20,NULL,NULL,10,13
45067,"Marion, SC",SC,2011,489.2,1,2,1,1,8,4,1,4,207,123,NULL,5,NULL,53,NULL,1,14,40
45069,"Marlboro, SC",SC,2011,479.7,2,NULL,2,1,48,5,1,6,169,89,NULL,2,NULL,36,NULL,1,12,26
45085,"Sumter, SC",SC,2011,665.1,2,1,2,2,55,7,1,3,477,185,NULL,2,NULL,76,NULL,NULL,38,53
45089,"Williamsburg, SC",SC,2011,934.2,2,1,1,NULL,24,4,1,3,165,204,NULL,3,NULL,22,1,1,18,28
48007,"Aransas, TX",TX,2011,252.1,1,1,NULL,NULL,2,NULL,NULL,3,NULL,7,NULL,3,32,NULL,NULL,NULL,8,1
48015,"Austin, TX",TX,2011,646.5,NULL,NULL,1,2,19,1,NULL,6,4,183,NULL,6,NULL,NULL,NULL,1,14,3
48025,"Bee, TX",TX,2011,880.2,1,NULL,1,4,1,NULL,1,6,2,117,NULL,3,NULL,NULL,NULL,NULL,17,5
48039,"Brazoria, TX",TX,2011,1357.7,2,NULL,3,9,54,1,1,22,331,435,6,19,68,NULL,NULL,3,99,30
48047,"Brooks, TX",TX,2011,943.4,1,NULL,NULL,3,2,NULL,NULL,NULL,3,30,NULL,3,NULL,NULL,NULL,NULL,6,NULL
48057,"Calhoun, TX",TX,2011,506.8,1,1,1,1,25,1,NULL,9,107,90,NULL,4,42,NULL,NULL,NULL,12,3
48061,"Cameron, TX",TX,2011,890.9,3,7,6,22,36,2,1,9,34,281,1,18,69,NULL,3,NULL,156,14
48071,"Chambers, TX",TX,2011,597.1,2,NULL,1,NULL,13,1,NULL,8,68,103,5,3,6,NULL,NULL,1,12,9
48089,"Colorado, TX",TX,2011,960.3,1,1,3,1,15,NULL,NULL,8,4,241,NULL,6,NULL,NULL,NULL,2,15,8
48123,"De Witt, TX",TX,2011,909,NULL,2,1,1,14,NULL,NULL,3,NULL,232,NULL,3,NULL,NULL,NULL,2,27,4
48131,"Duval, TX",TX,2011,1793.5,NULL,2,NULL,1,23,NULL,1,2,2,106,NULL,5,NULL,NULL,NULL,NULL,11,NULL
48149,"Fayette, TX",TX,2011,950,1,1,1,4,51,1,NULL,10,19,317,NULL,8,NULL,NULL,NULL,4,14,5
48157,"Fort Bend, TX",TX,2011,861.5,2,3,4,30,19,2,NULL,15,102,426,NULL,12,NULL,NULL,NULL,6,153,41
48167,"Galveston, TX",TX,2011,378.4,1,3,4,7,1,2,3,14,231,191,9,17,95,NULL,1,NULL,111,17
48175,"Goliad, TX",TX,2011,852,NULL,1,NULL,1,5,1,NULL,3,18,97,NULL,1,NULL,NULL,NULL,NULL,4,1
48201,"Harris, TX",TX,2011,1703.5,9,25,68,20,37,16,7,51,2123,2497,20,96,314,2,30,40,1324,347
48215,"Hidalgo, TX",TX,2011,1570.9,3,13,8,19,15,2,2,17,17,327,2,32,NULL,1,NULL,NULL,301,16
48239,"Jackson, TX",TX,2011,829.4,1,NULL,1,4,9,NULL,NULL,4,1,149,NULL,4,NULL,NULL,NULL,NULL,9,6
48241,"Jasper, TX",TX,2011,938.8,2,NULL,1,3,10,NULL,NULL,9,26,148,NULL,9,NULL,NULL,NULL,NULL,17,4
48245,"Jefferson, TX",TX,2011,876.3,2,1,11,6,2,1,NULL,9,668,294,20,14,154,5,4,5,99,12
48247,"Jim Hogg, TX",TX,2011,1136.1,1,NULL,NULL,2,NULL,NULL,NULL,1,NULL,3,NULL,1,NULL,NULL,NULL,NULL,3,1
48249,"Jim Wells, TX",TX,2011,865,1,2,2,3,8,NULL,NULL,3,NULL,119,NULL,6,NULL,NULL,NULL,NULL,23,5
48261,"Kenedy, TX",TX,2011,1458.3,NULL,NULL,NULL,2,1,NULL,NULL,NULL,NULL,16,NULL,1,NULL,NULL,NULL,NULL,1,NULL
48273,"Kleberg, TX",TX,2011,881.3,2,2,1,2,8,NULL,NULL,3,2,38,NULL,2,NULL,NULL,NULL,NULL,24,3
48285,"Lavaca, TX",TX,2011,969.7,2,NULL,2,3,2,NULL,NULL,3,2,242,1,5,NULL,NULL,NULL,1,14,4
48291,"Liberty, TX",TX,2011,1158.4,2,2,2,7,26,NULL,1,12,16,161,NULL,9,NULL,NULL,1,1,45,10
48297,"Live Oak, TX",TX,2011,1039.7,1,NULL,NULL,1,20,NULL,1,1,23,191,3,4,NULL,NULL,NULL,1,8,2
48321,"Matagorda, TX",TX,2011,1100.3,2,1,2,6,6,1,NULL,7,23,171,NULL,4,24,NULL,NULL,NULL,25,7
48351,"Newton, TX",TX,2011,933.7,NULL,NULL,NULL,NULL,13,NULL,NULL,4,1,132,1,1,NULL,NULL,NULL,NULL,10,NULL
48355,"Nueces, TX",TX,2011,838.5,4,3,11,35,5,8,1,8,219,358,15,8,84,NULL,5,1,145,16
48361,"Orange, TX",TX,2011,333.7,1,1,1,17,2,1,NULL,10,125,139,NULL,14,38,NULL,NULL,NULL,30,17
48391,"Refugio, TX",TX,2011,770.4,NULL,NULL,1,NULL,4,NULL,NULL,3,NULL,114,NULL,4,NULL,NULL,NULL,1,7,4
48409,"San Patricio, TX",TX,2011,693.5,2,1,1,9,10,1,1,8,39,170,8,7,34,NULL,NULL,2,37,11
48427,"Starr, TX",TX,2011,1223.2,1,1,1,3,17,NULL,NULL,4,NULL,53,NULL,5,NULL,NULL,NULL,NULL,26,1
48457,"Tyler, TX",TX,2011,924.5,NULL,NULL,1,2,34,NULL,NULL,7,4,118,NULL,2,NULL,NULL,NULL,NULL,16,3
48469,"Victoria, TX",TX,2011,882.1,1,2,5,16,4,2,NULL,9,43,240,NULL,3,7,NULL,NULL,2,39,6
48473,"Waller, TX",TX,2011,513.4,2,1,NULL,3,11,NULL,NULL,6,NULL,157,NULL,6,NULL,NULL,NULL,1,15,7
48477,"Washington, TX",TX,2011,604,1,1,1,2,26,NULL,NULL,7,10,176,NULL,4,NULL,NULL,NULL,1,16,2
48479,"Webb, TX",TX,2011,3361.5,1,7,2,15,86,1,NULL,3,18,216,NULL,7,NULL,1,3,4,91,5
48481,"Wharton, TX",TX,2011,1086.1,1,1,2,3,8,1,NULL,4,6,323,NULL,4,NULL,1,NULL,NULL,20,6
48489,"Willacy, TX",TX,2011,590.6,NULL,NULL,NULL,3,4,NULL,1,2,NULL,88,NULL,4,3,NULL,NULL,NULL,12,3
51001,"Accomack, VA",VA,2011,449.5,3,4,NULL,5,9,3,NULL,13,10,23,NULL,3,NULL,2,NULL,NULL,14,2
51007,"Amelia, VA",VA,2011,355.3,NULL,1,NULL,NULL,17,NULL,NULL,4,6,34,NULL,1,NULL,NULL,NULL,1,8,NULL
51011,"Appomattox, VA",VA,2011,333.5,NULL,NULL,NULL,2,7,NULL,NULL,1,2,54,NULL,2,NULL,1,NULL,NULL,5,NULL
51013,"Arlington, VA",VA,2011,26,1,1,3,4,NULL,NULL,NULL,3,NULL,85,NULL,1,NULL,NULL,NULL,NULL,43,1
51029,"Buckingham, VA",VA,2011,579.7,NULL,NULL,NULL,1,38,1,NULL,3,36,59,NULL,1,NULL,NULL,NULL,NULL,10,2
51033,"Caroline, VA",VA,2011,527.5,NULL,1,NULL,1,34,NULL,NULL,7,1,66,NULL,5,NULL,NULL,NULL,NULL,8,6
51036,"Charles City, VA",VA,2011,182.8,NULL,NULL,NULL,1,2,NULL,NULL,1,4,12,NULL,1,5,1,NULL,NULL,3,NULL
51041,"Chesterfield, VA",VA,2011,423.3,1,NULL,2,12,40,2,1,2,83,161,2,7,7,1,1,1,73,2
51049,"Cumberland, VA",VA,2011,297.5,1,1,NULL,4,41,NULL,NULL,1,1,30,NULL,3,NULL,1,NULL,NULL,4,1
51053,"Dinwiddie, VA",VA,2011,503.7,1,NULL,1,NULL,18,NULL,NULL,3,4,88,NULL,1,NULL,NULL,NULL,NULL,10,2
51057,"Essex, VA",VA,2011,257.1,NULL,1,1,NULL,23,NULL,NULL,1,3,26,NULL,2,NULL,1,NULL,NULL,7,1
51059,"Fairfax, VA",VA,2011,391,1,6,8,8,31,1,NULL,39,27,371,1,11,NULL,3,3,3,325,8
51061,"Fauquier, VA",VA,2011,647.4,1,NULL,1,6,45,NULL,NULL,21,12,176,NULL,6,NULL,1,1,NULL,26,6
51065,"Fluvanna, VA",VA,2011,286,NULL,NULL,NULL,NULL,23,NULL,NULL,3,NULL,40,NULL,2,NULL,NULL,NULL,NULL,9,2
51073,"Gloucester, VA",VA,2011,217.8,NULL,1,1,2,7,NULL,NULL,1,NULL,13,NULL,4,16,NULL,NULL,NULL,13,1
51075,"Goochland, VA",VA,2011,281.4,NULL,NULL,NULL,NULL,27,NULL,NULL,6,NULL,40,NULL,1,NULL,2,NULL,NULL,10,1
51085,"Hanover, VA",VA,2011,468.5,1,NULL,3,2,46,1,NULL,3,12,130,NULL,3,NULL,4,1,4,25,5
51087,"Henrico, VA",VA,2011,233.7,1,NULL,5,12,16,4,1,3,46,132,1,1,4,NULL,2,1,91,1
51093,"Isle of Wight, VA",VA,2011,315.6,2,1,NULL,5,14,NULL,NULL,13,13,64,NULL,3,2,2,NULL,2,11,1
51095,"James City, VA",VA,2011,142.4,1,NULL,1,1,20,2,NULL,1,9,32,NULL,2,2,NULL,NULL,1,13,1
51097,"King and Queen, VA",VA,2011,315.1,1,NULL,NULL,NULL,19,NULL,NULL,2,NULL,21,NULL,2,NULL,NULL,NULL,NULL,3,NULL
51099,"King George, VA",VA,2011,179.6,1,NULL,NULL,1,8,1,NULL,1,7,18,NULL,1,NULL,NULL,NULL,NULL,6,6
51101,"King William, VA",VA,2011,273.9,NULL,NULL,NULL,1,24,NULL,NULL,2,21,22,1,2,5,NULL,NULL,NULL,8,1
51103,"Lancaster, VA",VA,2011,133.2,NULL,1,1,2,8,NULL,NULL,1,NULL,5,1,2,NULL,NULL,NULL,NULL,4,NULL
51109,"Louisa, VA",VA,2011,496.3,1,NULL,NULL,1,35,2,NULL,3,7,68,NULL,2,NULL,1,NULL,NULL,6,4
51115,"Mathews, VA",VA,2011,85.9,NULL,NULL,NULL,1,NULL,NULL,NULL,1,NULL,4,NULL,1,NULL,1,NULL,NULL,3,1
51119,"Middlesex, VA",VA,2011,130.3,1,NULL,NULL,NULL,13,NULL,NULL,3,3,6,NULL,NULL,NULL,1,NULL,NULL,4,1
51127,"New Kent, VA",VA,2011,209.7,1,NULL,1,1,13,NULL,NULL,2,NULL,41,NULL,1,1,NULL,NULL,NULL,5,3
51131,"Northampton, VA",VA,2011,211.6,NULL,2,1,3,9,1,1,5,NULL,5,NULL,3,NULL,NULL,NULL,NULL,8,1
51133,"Northumberland, VA",VA,2011,191.3,NULL,NULL,NULL,NULL,7,NULL,NULL,3,2,14,NULL,1,NULL,NULL,NULL,1,4,2
51135,"Nottoway, VA",VA,2011,314.4,1,NULL,1,4,25,1,NULL,2,3,47,NULL,4,NULL,1,NULL,NULL,7,1
51137,"Orange, VA",VA,2011,340.8,2,NULL,NULL,3,11,1,NULL,3,2,49,1,3,NULL,1,NULL,5,9,6
51145,"Powhatan, VA",VA,2011,260.2,NULL,NULL,NULL,1,32,NULL,NULL,4,NULL,17,NULL,NULL,NULL,1,NULL,NULL,8,NULL
51147,"Prince Edward, VA",VA,2011,350,NULL,1,1,3,41,NULL,NULL,6,2,81,NULL,2,NULL,NULL,NULL,1,6,2
51149,"Prince George, VA",VA,2011,265.2,NULL,NULL,NULL,NULL,19,NULL,NULL,5,14,71,NULL,1,4,NULL,2,NULL,12,2
51153,"Prince William, VA",VA,2011,336.4,NULL,NULL,1,3,14,1,NULL,9,12,127,NULL,9,NULL,2,2,NULL,115,7
51159,"Richmond, VA",VA,2011,191.5,NULL,1,NULL,4,7,1,1,NULL,4,12,NULL,2,NULL,NULL,NULL,NULL,5,1
51177,"Spotsylvania, VA",VA,2011,401.5,1,NULL,NULL,3,21,NULL,NULL,2,9,53,NULL,NULL,NULL,3,NULL,NULL,39,4
51179,"Stafford, VA",VA,2011,269,2,NULL,NULL,4,14,NULL,NULL,4,3,51,NULL,2,NULL,2,NULL,NULL,34,7
51181,"Surry, VA",VA,2011,278.9,NULL,NULL,NULL,1,6,1,NULL,3,3,26,NULL,1,2,NULL,NULL,NULL,3,1
51193,"Westmoreland, VA",VA,2011,229.4,NULL,NULL,NULL,NULL,15,NULL,NULL,5,3,11,NULL,2,NULL,NULL,NULL,NULL,8,3
51199,"York, VA",VA,2011,104.8,NULL,NULL,NULL,3,13,1,NULL,1,28,32,1,1,8,2,NULL,NULL,26,2
51510,"Alexandria, VA",VA,2011,15,NULL,1,1,NULL,NULL,1,NULL,1,6,38,NULL,2,NULL,NULL,2,2,30,2
51550,"Chesapeake, VA",VA,2011,340.8,3,2,1,11,1,4,NULL,15,70,125,2,5,52,4,7,NULL,68,NULL
51570,"Colonial Heights, VA",VA,2011,7.5,NULL,NULL,NULL,2,1,NULL,1,2,5,8,NULL,2,NULL,NULL,NULL,NULL,5,1
51600,"Fairfax, VA",VA,2011,6.2,NULL,NULL,NULL,1,NULL,NULL,NULL,3,13,2,1,4,NULL,NULL,NULL,NULL,12,NULL
51610,"Falls Church, VA",VA,2011,2,NULL,NULL,NULL,1,NULL,NULL,NULL,NULL,NULL,NULL,NULL,1,NULL,NULL,NULL,NULL,5,NULL
51630,"Fredericksburg, VA",VA,2011,10.4,NULL,NULL,1,NULL,NULL,NULL,NULL,1,11,11,NULL,5,NULL,NULL,1,NULL,9,NULL
51650,"Hampton, VA",VA,2011,51.4,1,4,4,6,1,NULL,1,3,17,74,NULL,3,19,1,NULL,NULL,55,NULL
51670,"Hopewell, VA",VA,2011,10.3,NULL,NULL,1,1,NULL,3,NULL,2,49,7,1,4,NULL,NULL,3,1,10,1
51683,"Manassas, VA",VA,2011,9.9,1,NULL,1,NULL,1,3,NULL,1,5,2,NULL,5,NULL,NULL,1,NULL,19,1
51685,"Manassas Park, VA",VA,2011,2.5,NULL,NULL,NULL,NULL,NULL,NULL,NULL,1,NULL,NULL,NULL,NULL,NULL,NULL,NULL,NULL,4,NULL
51700,"Newport News, VA",VA,2011,68.7,1,NULL,5,2,4,NULL,1,2,30,61,NULL,7,34,1,1,2,76,3
51710,"Norfolk, VA",VA,2011,54.1,2,NULL,7,4,1,NULL,1,2,28,173,NULL,11,91,3,2,5,89,3
51730,"Petersburg, VA",VA,2011,22.9,NULL,NULL,2,3,1,1,NULL,1,20,39,1,5,NULL,1,4,1,17,NULL
51735,"Poquoson, VA",VA,2011,15.3,NULL,NULL,NULL,NULL,NULL,NULL,NULL,1,NULL,1,NULL,1,NULL,NULL,NULL,NULL,5,NULL
51740,"Portsmouth, VA",VA,2011,33.7,NULL,NULL,2,3,NULL,2,NULL,1,18,33,NULL,5,27,NULL,2,1,34,1
51760,"Richmond, VA",VA,2011,59.8,NULL,5,10,8,8,4,NULL,3,52,87,7,11,12,NULL,2,6,86,1
51800,"Suffolk, VA",VA,2011,400.2,1,NULL,1,13,18,1,NULL,4,10,91,NULL,3,1,2,NULL,3,23,1
51810,"Virginia Beach, VA",VA,2011,249,1,NULL,2,7,4,NULL,NULL,5,9,70,1,13,6,2,NULL,NULL,127,5
51830,"Williamsburg, VA",VA,2011,9,NULL,NULL,1,1,2,NULL,1,1,NULL,7,NULL,1,NULL,NULL,1,NULL,7,NULL
53009,"Clallam, WA",WA,2011,1738.3,5,2,2,5,7,3,NULL,6,4,95,NULL,4,25,NULL,NULL,NULL,34,6
53011,"Clark, WA",WA,2011,629,5,2,1,4,13,4,NULL,15,79,180,NULL,9,22,2,3,12,144,4
53015,"Cowlitz, WA",WA,2011,1140.1,1,1,1,8,9,3,NULL,10,61,127,NULL,8,20,NULL,3,11,48,10
53027,"Grays Harbor, WA",WA,2011,1902,3,1,2,8,15,2,NULL,17,13,269,NULL,11,20,3,NULL,NULL,44,7
53029,"Island, WA",WA,2011,208.4,2,2,2,1,6,1,NULL,8,1,6,NULL,5,1,NULL,NULL,NULL,32,1
53031,"Jefferson, WA",WA,2011,1803.7,1,1,1,NULL,3,1,NULL,7,7,54,NULL,3,17,NULL,NULL,NULL,17,3
53033,"King, WA",WA,2011,2115.6,7,8,19,56,71,12,3,36,252,1033,2,46,191,25,25,6,721,23
53035,"Kitsap, WA",WA,2011,394.9,1,2,2,5,16,2,NULL,7,32,82,NULL,9,NULL,NULL,NULL,1,110,5
53041,"Lewis, WA",WA,2011,2402.8,4,1,1,8,40,5,NULL,13,22,332,NULL,8,NULL,1,3,NULL,45,10
53045,"Mason, WA",WA,2011,959.4,1,1,1,3,14,2,NULL,9,NULL,92,NULL,2,NULL,NULL,NULL,3,23,1
53049,"Pacific, WA",WA,2011,932.7,2,1,2,5,7,NULL,NULL,7,NULL,110,NULL,5,8,NULL,NULL,NULL,19,2
53053,"Pierce, WA",WA,2011,1669.5,4,5,7,13,35,9,2,47,90,404,4,28,59,3,21,12,299,11
53055,"San Juan, WA",WA,2011,173.9,3,NULL,NULL,5,35,NULL,NULL,5,NULL,9,NULL,2,NULL,NULL,NULL,NULL,16,3
53057,"Skagit, WA",WA,2011,1731.2,2,1,2,4,17,5,NULL,14,58,212,4,7,23,NULL,2,1,59,5
53059,"Skamania, WA",WA,2011,1655.7,NULL,NULL,NULL,NULL,9,1,NULL,6,NULL,50,NULL,2,1,NULL,NULL,2,10,NULL
53061,"Snohomish, WA",WA,2011,2087.3,5,4,4,4,33,5,NULL,25,68,466,1,20,38,4,2,5,248,9
53067,"Thurston, WA",WA,2011,722,2,1,3,7,16,2,NULL,17,9,186,NULL,11,4,NULL,1,7,95,4
53069,"Wahkiakum, WA",WA,2011,263.4,NULL,NULL,NULL,NULL,NULL,NULL,NULL,3,NULL,34,NULL,1,NULL,NULL,NULL,NULL,2,1
53073,"Whatcom, WA",WA,2011,2106.9,3,3,1,7,25,4,NULL,10,93,279,4,8,54,1,3,3,91,12
55003,"Ashland, WI",WI,2011,1045,2,2,1,3,6,1,NULL,4,6,16,NULL,4,2,NULL,NULL,1,15,5
55007,"Bayfield, WI",WI,2011,1477.9,2,NULL,NULL,2,6,NULL,NULL,11,NULL,13,NULL,5,NULL,NULL,NULL,NULL,15,5
55009,"Brown, WI",WI,2011,529.7,2,3,5,21,2,1,2,19,83,196,1,9,21,NULL,7,4,113,8
55015,"Calumet, WI",WI,2011,318.2,1,1,1,2,1,NULL,1,9,24,5,NULL,3,NULL,1,NULL,NULL,28,8
55029,"Door, WI",WI,2011,482,2,NULL,1,11,1,NULL,1,10,6,7,NULL,4,13,NULL,NULL,NULL,24,4
55031,"Douglas, WI",WI,2011,1304.1,3,NULL,1,4,1,1,NULL,18,21,22,3,11,27,NULL,2,1,15,6
55037,"Florence, WI",WI,2011,488.2,NULL,NULL,NULL,NULL,6,NULL,NULL,3,NULL,4,NULL,1,NULL,NULL,NULL,NULL,3,NULL
55039,"Fond du Lac, WI",WI,2011,719.6,2,2,3,9,3,1,NULL,14,63,38,NULL,11,NULL,NULL,1,3,56,12
55041,"Forest, WI",WI,2011,1014.1,1,NULL,NULL,1,6,NULL,NULL,4,NULL,18,NULL,2,NULL,NULL,NULL,1,9,2
55051,"Iron, WI",WI,2011,758.2,NULL,NULL,NULL,3,6,NULL,NULL,5,NULL,9,NULL,3,NULL,NULL,NULL,NULL,5,5
55059,"Kenosha, WI",WI,2011,272,4,NULL,2,4,7,2,NULL,10,56,32,NULL,6,NULL,NULL,NULL,1,72,9
55061,"Kewaunee, WI",WI,2011,342.5,NULL,NULL,1,2,3,1,2,4,8,5,NULL,4,NULL,NULL,NULL,NULL,19,5
55071,"Manitowoc, WI",WI,2011,589.1,1,2,3,6,2,3,NULL,20,73,86,NULL,6,18,NULL,NULL,NULL,55,11
55075,"Marinette, WI",WI,2011,1399.3,1,NULL,1,5,15,1,NULL,16,53,18,NULL,6,4,NULL,NULL,1,30,6
55078,"Menominee, WI",WI,2011,357.6,NULL,NULL,NULL,NULL,1,NULL,1,2,NULL,12,NULL,1,NULL,NULL,NULL,1,4,2
55079,"Milwaukee, WI",WI,2011,241.4,2,11,20,31,3,7,1,13,415,478,NULL,37,39,NULL,7,25,539,4
55083,"Oconto, WI",WI,2011,998,1,NULL,1,3,8,NULL,NULL,17,29,10,NULL,6,NULL,NULL,NULL,NULL,23,5
55087,"Outagamie, WI",WI,2011,637.5,3,2,3,7,12,NULL,NULL,20,85,36,1,14,NULL,1,3,2,94,9
55089,"Ozaukee, WI",WI,2011,233.1,NULL,NULL,1,2,2,3,1,9,64,42,NULL,6,1,NULL,NULL,NULL,38,6
55101,"Racine, WI",WI,2011,332.5,6,2,3,9,2,1,NULL,14,93,36,NULL,19,NULL,NULL,2,2,91,11
55115,"Shawano, WI",WI,2011,893.1,2,NULL,1,3,9,NULL,NULL,8,17,17,NULL,5,NULL,NULL,NULL,NULL,23,5
55117,"Sheboygan, WI",WI,2011,511.3,1,2,3,7,1,1,NULL,26,131,63,NULL,8,1,1,NULL,5,70,12
55131,"Washington, WI",WI,2011,430.7,2,1,2,5,4,2,NULL,12,50,26,NULL,8,NULL,NULL,NULL,NULL,60,5
60010,"Eastern District, AS",AS,2011,25.88,NULL,NULL,NULL,NULL,NULL,NULL,NULL,NULL,NULL,NULL,NULL,NULL,NULL,NULL,NULL,NULL,NULL,NULL
60020,"Manua District, AS",AS,2011,70,NULL,NULL,NULL,NULL,NULL,NULL,NULL,NULL,NULL,NULL,NULL,NULL,NULL,NULL,NULL,NULL,NULL,NULL
60030,"Rose Island, AS",AS,2011,0.08,NULL,NULL,NULL,NULL,NULL,NULL,NULL,NULL,NULL,NULL,NULL,NULL,NULL,NULL,NULL,NULL,NULL,NULL
60040,"Swains Island, AS",AS,2011,0.07,NULL,NULL,NULL,NULL,NULL,NULL,NULL,NULL,NULL,NULL,NULL,NULL,NULL,NULL,NULL,NULL,NULL,NULL
60050,"Western District, AS",AS,2011,28.87,NULL,NULL,NULL,NULL,NULL,NULL,NULL,NULL,NULL,NULL,NULL,NULL,NULL,NULL,NULL,NULL,NULL,NULL
66010,"Guam, GU",GU,2011,212,NULL,NULL,NULL,NULL,NULL,NULL,NULL,NULL,NULL,NULL,NULL,NULL,NULL,NULL,NULL,NULL,NULL,NULL
69085,"Northern Islands, MP",MP,2011,60.05,NULL,NULL,NULL,NULL,NULL,NULL,NULL,NULL,NULL,NULL,NULL,NULL,NULL,NULL,NULL,NULL,NULL,NULL
69100,"Rota, MP",MP,2011,32.97,NULL,NULL,NULL,NULL,NULL,NULL,NULL,NULL,NULL,NULL,NULL,NULL,NULL,NULL,NULL,NULL,NULL,NULL
69110,"Saipan, MP",MP,2011,44.55,NULL,NULL,NULL,NULL,NULL,NULL,NULL,NULL,NULL,NULL,NULL,NULL,NULL,NULL,NULL,NULL,NULL,NULL
69120,"Tinian, MP",MP,2011,39,NULL,NULL,NULL,NULL,NULL,NULL,NULL,NULL,NULL,NULL,NULL,NULL,NULL,NULL,NULL,NULL,NULL,NULL
72001,"Adjuntas, PR",PR,2011,66.69,NULL,NULL,1,1,5,NULL,NULL,NULL,NULL,30,NULL,1,NULL,3,NULL,NULL,18,1
72003,"Aguada, PR",PR,2011,30.85,NULL,NULL,1,12,NULL,NULL,NULL,NULL,NULL,20,NULL,1,NULL,NULL,NULL,NULL,31,2
72005,"Aguadilla, PR",PR,2011,36.53,1,NULL,5,1,NULL,NULL,NULL,NULL,NULL,9,NULL,NULL,NULL,1,NULL,NULL,50,2
72007,Aguas Buenas,PR,2011,30.08,NULL,NULL,1,6,NULL,NULL,NULL,NULL,1,14,NULL,1,NULL,1,NULL,NULL,19,1
72009,"Aibonito, PR",PR,2011,31.31,NULL,NULL,2,NULL,NULL,NULL,NULL,NULL,2,16,NULL,1,NULL,1,NULL,NULL,16,2
72011,"Anasco, PR",PR,2011,39.29,NULL,NULL,1,1,2,NULL,NULL,NULL,NULL,21,NULL,1,NULL,1,NULL,NULL,18,NULL
72013,"Arecibo, PR",PR,2011,125.95,NULL,NULL,9,6,1,1,NULL,NULL,28,93,NULL,NULL,NULL,4,NULL,NULL,65,1
72015,"Arroyo, PR",PR,2011,15.01,NULL,NULL,1,NULL,NULL,NULL,NULL,NULL,NULL,10,NULL,1,NULL,NULL,NULL,NULL,11,NULL
72017,"Barceloneta, PR",PR,2011,18.69,NULL,NULL,3,1,NULL,NULL,NULL,NULL,36,18,NULL,NULL,NULL,NULL,NULL,NULL,10,2
72019,"Barranquitas, PR",PR,2011,34.25,NULL,NULL,1,1,NULL,NULL,NULL,NULL,NULL,14,NULL,1,NULL,2,NULL,NULL,21,2
72021,"Bayamon, PR",PR,2011,44.32,NULL,1,15,2,NULL,NULL,NULL,NULL,40,73,1,3,NULL,NULL,NULL,NULL,131,NULL
72023,"Cabo Rojo, PR",PR,2011,70.37,NULL,NULL,2,3,NULL,NULL,NULL,NULL,3,21,NULL,1,NULL,NULL,NULL,NULL,23,2
72025,"Caguas, PR",PR,2011,58.6,NULL,NULL,9,3,NULL,NULL,NULL,NULL,12,112,NULL,2,NULL,3,NULL,NULL,111,3
72027,"Camuy, PR",PR,2011,46.35,NULL,NULL,1,3,NULL,NULL,NULL,NULL,2,9,NULL,1,NULL,NULL,NULL,NULL,15,2
72029,"Canovanas, PR",PR,2011,32.87,NULL,NULL,1,9,NULL,NULL,NULL,1,NULL,26,NULL,NULL,NULL,2,NULL,NULL,19,1
72031,"Carolina, PR",PR,2011,45.32,1,4,7,2,NULL,NULL,NULL,2,11,56,NULL,4,NULL,NULL,NULL,NULL,30,NULL
72033,"Catano, PR",PR,2011,4.84,NULL,1,2,1,NULL,NULL,NULL,NULL,1,9,NULL,2,NULL,NULL,NULL,NULL,14,NULL
72035,"Cayey, PR",PR,2011,51.93,NULL,NULL,5,1,NULL,NULL,NULL,NULL,1,88,NULL,NULL,NULL,1,NULL,NULL,35,1
72037,"Ceiba, PR",PR,2011,29.04,NULL,NULL,1,1,NULL,1,NULL,NULL,2,32,NULL,1,NULL,NULL,NULL,NULL,7,2
72039,"Ciales, PR",PR,2011,66.53,NULL,NULL,1,1,1,NULL,NULL,NULL,3,18,NULL,1,NULL,3,NULL,NULL,15,2
72041,"Cidra, PR",PR,2011,36.02,NULL,NULL,2,NULL,1,NULL,NULL,NULL,9,38,NULL,NULL,NULL,2,NULL,NULL,19,3
72043,"Coamo, PR",PR,2011,78.01,NULL,NULL,3,1,NULL,NULL,NULL,NULL,1,25,NULL,NULL,NULL,3,NULL,NULL,24,NULL
72045,"Comerio, PR",PR,2011,28.4,NULL,NULL,1,NULL,2,NULL,NULL,NULL,NULL,15,NULL,1,NULL,2,NULL,NULL,9,2
72047,"Corozal, PR",PR,2011,42.57,NULL,NULL,2,1,NULL,NULL,NULL,NULL,NULL,29,NULL,1,NULL,2,NULL,NULL,20,2
72049,"Culebra, PR",PR,2011,11.62,NULL,NULL,1,2,NULL,NULL,NULL,NULL,NULL,NULL,NULL,NULL,NULL,1,NULL,NULL,NULL,NULL
72051,"Dorado, PR",PR,2011,23.09,NULL,NULL,1,NULL,NULL,1,NULL,NULL,1,27,NULL,1,NULL,NULL,NULL,NULL,15,1
72053,"Fajardo, PR",PR,2011,29.86,NULL,NULL,5,1,NULL,NULL,NULL,NULL,2,22,NULL,1,NULL,3,NULL,NULL,22,2
72054,"Florida, PR",PR,2011,15.21,NULL,NULL,1,NULL,NULL,NULL,NULL,NULL,NULL,2,NULL,1,NULL,NULL,NULL,NULL,5,NULL
72055,"Guanica, PR",PR,2011,37.05,NULL,NULL,1,NULL,NULL,NULL,NULL,NULL,NULL,30,NULL,1,NULL,NULL,NULL,NULL,19,NULL
72057,"Guayama, PR",PR,2011,64.99,NULL,NULL,4,2,2,1,NULL,NULL,31,30,1,2,NULL,2,NULL,NULL,38,1
72059,"Guayanilla, PR",PR,2011,42.27,NULL,NULL,1,1,NULL,1,NULL,1,NULL,43,NULL,1,NULL,1,NULL,NULL,16,1
72061,"Guaynabo, PR",PR,2011,27.58,NULL,1,3,16,NULL,NULL,NULL,1,10,45,NULL,2,NULL,NULL,NULL,NULL,41,NULL
72063,"Gurabo, PR",PR,2011,27.89,NULL,NULL,1,1,NULL,NULL,NULL,NULL,NULL,38,NULL,1,NULL,NULL,NULL,NULL,17,2
72065,"Hatillo, PR",PR,2011,41.78,NULL,NULL,2,NULL,NULL,NULL,NULL,NULL,NULL,12,NULL,1,NULL,1,NULL,NULL,20,NULL
72067,"Hormigueros, PR",PR,2011,11.34,NULL,NULL,1,NULL,NULL,NULL,NULL,NULL,NULL,11,NULL,1,NULL,NULL,NULL,NULL,8,1
72069,"Humacao, PR",PR,2011,44.75,NULL,NULL,7,1,NULL,1,NULL,NULL,29,76,NULL,1,NULL,1,NULL,NULL,40,2
72071,"Isabela, PR",PR,2011,55.3,NULL,NULL,1,2,NULL,NULL,NULL,NULL,NULL,3,NULL,NULL,NULL,1,NULL,NULL,25,1
72073,"Jayuya, PR",PR,2011,44.53,NULL,NULL,1,6,NULL,NULL,NULL,NULL,1,37,NULL,NULL,NULL,2,NULL,NULL,14,1
72075,"Juana Diaz, PR",PR,2011,60.28,NULL,NULL,1,1,1,NULL,NULL,NULL,NULL,67,NULL,NULL,NULL,1,NULL,NULL,28,1
72077,"Juncos, PR",PR,2011,26.49,NULL,NULL,2,1,NULL,NULL,NULL,NULL,2,44,NULL,1,NULL,1,NULL,NULL,18,3
72079,"Lajas, PR",PR,2011,59.95,NULL,NULL,1,1,NULL,NULL,NULL,NULL,NULL,5,NULL,1,NULL,1,NULL,NULL,15,3
72081,"Lares, PR",PR,2011,61.45,NULL,NULL,2,1,1,NULL,NULL,NULL,NULL,14,NULL,2,NULL,NULL,NULL,NULL,29,2
72083,"Las Mar¡as, PR",PR,2011,46.36,NULL,NULL,1,NULL,NULL,NULL,NULL,NULL,1,14,NULL,1,NULL,1,NULL,NULL,10,1
72085,"Las Piedras, PR",PR,2011,33.88,NULL,NULL,2,NULL,NULL,NULL,NULL,NULL,5,25,NULL,1,NULL,1,NULL,NULL,18,NULL
72087,"Loiza, PR",PR,2011,19.37,NULL,NULL,1,NULL,NULL,NULL,NULL,NULL,NULL,5,NULL,2,NULL,NULL,NULL,NULL,13,3
72089,"Luquillo, PR",PR,2011,25.81,NULL,NULL,1,1,NULL,NULL,NULL,NULL,1,21,NULL,1,NULL,NULL,NULL,NULL,13,1
72091,"Manati, PR",PR,2011,45.13,NULL,NULL,7,1,NULL,NULL,NULL,NULL,54,18,NULL,2,NULL,NULL,NULL,NULL,33,1
72093,"Maricao, PR",PR,2011,36.62,NULL,NULL,1,9,NULL,NULL,NULL,NULL,1,14,NULL,1,NULL,2,NULL,NULL,11,2
72095,"Maunabo, PR",PR,2011,21.07,NULL,NULL,1,NULL,NULL,NULL,NULL,NULL,NULL,9,NULL,NULL,NULL,NULL,NULL,NULL,9,3
72097,"Mayaquez, PR",PR,2011,77.65,1,NULL,15,8,NULL,2,NULL,NULL,12,40,NULL,1,NULL,2,NULL,NULL,57,5
72099,"Moca, PR",PR,2011,50.34,NULL,NULL,2,NULL,NULL,NULL,NULL,NULL,NULL,10,NULL,1,NULL,NULL,NULL,NULL,25,1
72101,"Morovis, PR",PR,2011,38.87,NULL,NULL,1,1,NULL,NULL,NULL,1,NULL,16,NULL,1,NULL,2,NULL,NULL,16,4
72103,"Naguabo, PR",PR,2011,51.66,NULL,NULL,1,1,1,1,NULL,NULL,NULL,62,NULL,1,NULL,2,NULL,NULL,18,1
72105,"Naranjito, PR",PR,2011,27.4,NULL,NULL,1,1,NULL,NULL,NULL,NULL,NULL,17,NULL,1,NULL,3,NULL,NULL,23,2
72107,"Orocovis, PR",PR,2011,63.62,NULL,NULL,1,1,1,NULL,NULL,NULL,NULL,17,NULL,NULL,NULL,1,NULL,NULL,19,3
72109,"Patillas, PR",PR,2011,46.7,NULL,NULL,1,1,1,NULL,NULL,NULL,5,30,NULL,NULL,NULL,2,NULL,NULL,17,2
72111,"Penuelas, PR",PR,2011,44.62,NULL,NULL,1,5,NULL,2,NULL,NULL,14,27,4,1,NULL,3,NULL,NULL,17,2
72113,"Ponce, PR",PR,2011,114.76,1,NULL,20,10,5,NULL,NULL,NULL,6,111,NULL,4,NULL,7,NULL,NULL,140,NULL
72115,"Quebradillas, PR",PR,2011,22.68,NULL,NULL,1,NULL,1,NULL,NULL,NULL,NULL,3,NULL,1,NULL,NULL,NULL,NULL,11,1
72117,"Rincon, PR",PR,2011,14.29,NULL,NULL,NULL,1,NULL,NULL,NULL,NULL,NULL,8,NULL,1,NULL,NULL,NULL,NULL,7,1
72119,"Rio Grande, PR",PR,2011,60.62,NULL,NULL,1,6,NULL,NULL,NULL,NULL,NULL,35,NULL,2,NULL,2,NULL,NULL,26,6
72121,"Sabana Grande, PR",PR,2011,35.83,NULL,NULL,1,1,NULL,NULL,NULL,NULL,6,33,NULL,1,NULL,3,NULL,NULL,11,2
72123,"Salinas, PR",PR,2011,69.37,NULL,NULL,1,1,NULL,1,NULL,NULL,6,48,NULL,NULL,NULL,1,NULL,NULL,20,1
72125,"San German, PR",PR,2011,54.5,NULL,NULL,3,3,NULL,NULL,NULL,NULL,12,39,NULL,1,NULL,2,NULL,NULL,27,1
72127,"San Juan, PR",PR,2011,47.85,1,5,61,14,1,1,NULL,NULL,18,188,NULL,25,NULL,NULL,NULL,NULL,236,NULL
72129,"San Lorenzo, PR",PR,2011,53.11,NULL,NULL,1,7,NULL,NULL,NULL,NULL,13,45,NULL,1,NULL,2,NULL,NULL,27,1
72131,"San Sebastian, PR",PR,2011,70.42,NULL,NULL,3,3,NULL,NULL,NULL,NULL,3,27,NULL,1,NULL,2,NULL,NULL,33,3
72133,"Santa Isabel, PR",PR,2011,34.02,NULL,NULL,1,NULL,1,NULL,NULL,NULL,1,17,NULL,1,NULL,NULL,NULL,NULL,11,1
72135,"Toa Alta, PR",PR,2011,27.02,NULL,NULL,1,3,1,NULL,NULL,NULL,NULL,15,NULL,1,NULL,1,NULL,NULL,19,4
72137,"Toa Baja, PR",PR,2011,23.24,NULL,NULL,2,1,NULL,1,NULL,NULL,4,26,NULL,1,NULL,NULL,NULL,NULL,33,NULL
72139,"Trujillo Alto, PR",PR,2011,20.76,NULL,NULL,3,1,1,NULL,NULL,NULL,NULL,6,NULL,NULL,NULL,NULL,NULL,NULL,6,NULL
72141,"Utuado, PR",PR,2011,113.53,NULL,NULL,1,4,2,NULL,NULL,NULL,NULL,49,NULL,2,NULL,4,NULL,NULL,23,1
72143,"Vega Alta, PR",PR,2011,27.73,NULL,NULL,1,NULL,NULL,NULL,NULL,NULL,4,28,NULL,1,NULL,NULL,NULL,NULL,19,2
72145,"Vega Baja, PR",PR,2011,45.86,NULL,NULL,3,1,NULL,1,NULL,NULL,3,33,NULL,NULL,NULL,1,NULL,NULL,33,1
72147,"Vieques, PR",PR,2011,50.77,1,NULL,1,1,NULL,NULL,NULL,NULL,1,1,NULL,NULL,NULL,NULL,NULL,NULL,NULL,2
72149,"Villalba, PR",PR,2011,35.64,NULL,NULL,1,NULL,2,NULL,NULL,NULL,NULL,18,NULL,NULL,NULL,3,NULL,NULL,17,1
72151,"Yabucoa, PR",PR,2011,55.21,NULL,NULL,1,1,NULL,NULL,NULL,NULL,13,43,1,NULL,NULL,2,NULL,NULL,24,NULL
72153,"Yauco, PR",PR,2011,68.19,NULL,NULL,3,1,2,NULL,NULL,NULL,NULL,38,NULL,NULL,NULL,3,NULL,NULL,37,1
78010,"St. Croix, VI",VI,2011,82.88,NULL,NULL,NULL,NULL,NULL,NULL,NULL,NULL,NULL,NULL,NULL,NULL,NULL,NULL,NULL,NULL,NULL,NULL
78020,"St. John, VI",VI,2011,19.61,NULL,NULL,NULL,NULL,NULL,NULL,NULL,NULL,NULL,NULL,NULL,NULL,NULL,NULL,NULL,NULL,NULL,NULL
78030,"St. Thomas, VI",VI,2011,80.9,NULL,NULL,NULL,NULL,NULL,NULL,NULL,NULL,NULL,NULL,NULL,NULL,NULL,NULL,NULL,NULL,NULL,NULL
