{
"type": "FeatureCollection",
"features": [
{ "type": "Feature", "properties": { "LabelIds": "(0:)" }, "geometry": { "type": "Point", "coordinates": [ -75.417359, 37.965300 ] } }
,
{ "type": "Feature", "properties": { "LabelIds": "(1:1)" }, "geometry": { "type": "Point", "coordinates": [ -77.230325, 38.642969 ] } }
,
{ "type": "Feature", "properties": { "LabelIds": "(1:2)" }, "geometry": { "type": "Point", "coordinates": [ -77.163793, 38.635640 ] } }
,
{ "type": "Feature", "properties": { "LabelIds": "(1:3)" }, "geometry": { "type": "Point", "coordinates": [ -77.203765, 38.637420 ] } }
,
{ "type": "Feature", "properties": { "LabelIds": "(1:4)" }, "geometry": { "type": "Point", "coordinates": [ -77.158009, 38.638739 ] } }
,
{ "type": "Feature", "properties": { "LabelIds": "(1:5)" }, "geometry": { "type": "Point", "coordinates": [ -77.156809, 38.637292 ] } }
,
{ "type": "Feature", "properties": { "LabelIds": "(1:6)" }, "geometry": { "type": "Point", "coordinates": [ -77.214341, 38.636924 ] } }
,
{ "type": "Feature", "properties": { "LabelIds": "(1:7)" }, "geometry": { "type": "Point", "coordinates": [ -77.209125, 38.631686 ] } }
,
{ "type": "Feature", "properties": { "LabelIds": "(1:8)" }, "geometry": { "type": "Point", "coordinates": [ -77.163951, 38.631401 ] } }
,
{ "type": "Feature", "properties": { "LabelIds": "(1:9)" }, "geometry": { "type": "Point", "coordinates": [ -77.203808, 38.626886 ] } }
,
{ "type": "Feature", "properties": { "LabelIds": "(1:10)" }, "geometry": { "type": "Point", "coordinates": [ -75.251009, 38.026492 ] } }
,
{ "type": "Feature", "properties": { "LabelIds": "(1:11)" }, "geometry": { "type": "Point", "coordinates": [ -75.341540, 37.935891 ] } }
,
{ "type": "Feature", "properties": { "LabelIds": "(1:12)" }, "geometry": { "type": "Point", "coordinates": [ -75.274706, 38.022081 ] } }
,
{ "type": "Feature", "properties": { "LabelIds": "(1:13)" }, "geometry": { "type": "Point", "coordinates": [ -75.272646, 38.020461 ] } }
,
{ "type": "Feature", "properties": { "LabelIds": "(1:14)" }, "geometry": { "type": "Point", "coordinates": [ -75.281416, 38.018829 ] } }
,
{ "type": "Feature", "properties": { "LabelIds": "(1:15)" }, "geometry": { "type": "Point", "coordinates": [ -75.271884, 38.018597 ] } }
,
{ "type": "Feature", "properties": { "LabelIds": "(1:16)" }, "geometry": { "type": "Point", "coordinates": [ -75.271346, 38.017186 ] } }
,
{ "type": "Feature", "properties": { "LabelIds": "(1:17)" }, "geometry": { "type": "Point", "coordinates": [ -75.282051, 38.013677 ] } }
,
{ "type": "Feature", "properties": { "LabelIds": "(1:18)" }, "geometry": { "type": "Point", "coordinates": [ -75.266351, 38.014528 ] } }
,
{ "type": "Feature", "properties": { "LabelIds": "(1:19)" }, "geometry": { "type": "Point", "coordinates": [ -75.263887, 38.013794 ] } }
,
{ "type": "Feature", "properties": { "LabelIds": "(1:20)" }, "geometry": { "type": "Point", "coordinates": [ -75.269621, 38.010533 ] } }
,
{ "type": "Feature", "properties": { "LabelIds": "(1:21)" }, "geometry": { "type": "Point", "coordinates": [ -75.278719, 38.010745 ] } }
,
{ "type": "Feature", "properties": { "LabelIds": "(1:22)" }, "geometry": { "type": "Point", "coordinates": [ -75.264805, 38.012716 ] } }
,
{ "type": "Feature", "properties": { "LabelIds": "(1:23)" }, "geometry": { "type": "Point", "coordinates": [ -75.276181, 38.011089 ] } }
,
{ "type": "Feature", "properties": { "LabelIds": "(1:24)" }, "geometry": { "type": "Point", "coordinates": [ -75.294293, 38.005313 ] } }
,
{ "type": "Feature", "properties": { "LabelIds": "(1:25)" }, "geometry": { "type": "Point", "coordinates": [ -75.295960, 38.002885 ] } }
,
{ "type": "Feature", "properties": { "LabelIds": "(1:26)" }, "geometry": { "type": "Point", "coordinates": [ -75.296844, 38.002113 ] } }
,
{ "type": "Feature", "properties": { "LabelIds": "(1:27)" }, "geometry": { "type": "Point", "coordinates": [ -75.302233, 37.983118 ] } }
,
{ "type": "Feature", "properties": { "LabelIds": "(1:28)" }, "geometry": { "type": "Point", "coordinates": [ -75.301682, 37.982962 ] } }
,
{ "type": "Feature", "properties": { "LabelIds": "(1:29)" }, "geometry": { "type": "Point", "coordinates": [ -75.320658, 37.979884 ] } }
,
{ "type": "Feature", "properties": { "LabelIds": "(1:30)" }, "geometry": { "type": "Point", "coordinates": [ -75.317413, 37.967119 ] } }
,
{ "type": "Feature", "properties": { "LabelIds": "(1:31)" }, "geometry": { "type": "Point", "coordinates": [ -75.320387, 37.960785 ] } }
,
{ "type": "Feature", "properties": { "LabelIds": "(1:32)" }, "geometry": { "type": "Point", "coordinates": [ -75.327569, 37.958277 ] } }
,
{ "type": "Feature", "properties": { "LabelIds": "(1:33)" }, "geometry": { "type": "Point", "coordinates": [ -75.319128, 37.958584 ] } }
,
{ "type": "Feature", "properties": { "LabelIds": "(1:34)" }, "geometry": { "type": "Point", "coordinates": [ -75.319257, 37.958081 ] } }
,
{ "type": "Feature", "properties": { "LabelIds": "(1:35)" }, "geometry": { "type": "Point", "coordinates": [ -75.319739, 37.957672 ] } }
,
{ "type": "Feature", "properties": { "LabelIds": "(1:36)" }, "geometry": { "type": "Point", "coordinates": [ -75.327900, 37.955170 ] } }
,
{ "type": "Feature", "properties": { "LabelIds": "(1:37)" }, "geometry": { "type": "Point", "coordinates": [ -75.328727, 37.954334 ] } }
,
{ "type": "Feature", "properties": { "LabelIds": "(1:38)" }, "geometry": { "type": "Point", "coordinates": [ -75.328372, 37.951701 ] } }
,
{ "type": "Feature", "properties": { "LabelIds": "(1:39)" }, "geometry": { "type": "Point", "coordinates": [ -75.319535, 37.950135 ] } }
,
{ "type": "Feature", "properties": { "LabelIds": "(1:40)" }, "geometry": { "type": "Point", "coordinates": [ -75.328788, 37.945136 ] } }
,
{ "type": "Feature", "properties": { "LabelIds": "(1:41)" }, "geometry": { "type": "Point", "coordinates": [ -75.335814, 37.947294 ] } }
,
{ "type": "Feature", "properties": { "LabelIds": "(1:42)" }, "geometry": { "type": "Point", "coordinates": [ -75.322708, 37.943021 ] } }
,
{ "type": "Feature", "properties": { "LabelIds": "(1:43)" }, "geometry": { "type": "Point", "coordinates": [ -75.338070, 37.941048 ] } }
,
{ "type": "Feature", "properties": { "LabelIds": "(1:44)" }, "geometry": { "type": "Point", "coordinates": [ -75.319256, 37.943799 ] } }
,
{ "type": "Feature", "properties": { "LabelIds": "(1:45)" }, "geometry": { "type": "Point", "coordinates": [ -75.345475, 37.943283 ] } }
,
{ "type": "Feature", "properties": { "LabelIds": "(1:46)" }, "geometry": { "type": "Point", "coordinates": [ -75.343524, 37.941261 ] } }
,
{ "type": "Feature", "properties": { "LabelIds": "(1:47)" }, "geometry": { "type": "Point", "coordinates": [ -75.339825, 37.939390 ] } }
,
{ "type": "Feature", "properties": { "LabelIds": "(1:48)" }, "geometry": { "type": "Point", "coordinates": [ -75.345752, 37.938061 ] } }
,
{ "type": "Feature", "properties": { "LabelIds": "(1:49)" }, "geometry": { "type": "Point", "coordinates": [ -75.348244, 37.936307 ] } }
,
{ "type": "Feature", "properties": { "LabelIds": "(1:50)" }, "geometry": { "type": "Point", "coordinates": [ -75.347363, 37.936615 ] } }
,
{ "type": "Feature", "properties": { "LabelIds": "(1:51)" }, "geometry": { "type": "Point", "coordinates": [ -75.339823, 37.933747 ] } }
,
{ "type": "Feature", "properties": { "LabelIds": "(1:52)" }, "geometry": { "type": "Point", "coordinates": [ -75.347795, 37.936209 ] } }
,
{ "type": "Feature", "properties": { "LabelIds": "(1:53)" }, "geometry": { "type": "Point", "coordinates": [ -75.335745, 37.935974 ] } }
,
{ "type": "Feature", "properties": { "LabelIds": "(1:54)" }, "geometry": { "type": "Point", "coordinates": [ -75.338134, 37.924968 ] } }
,
{ "type": "Feature", "properties": { "LabelIds": "(1:55)" }, "geometry": { "type": "Point", "coordinates": [ -75.342123, 37.926125 ] } }
,
{ "type": "Feature", "properties": { "LabelIds": "(1:56)" }, "geometry": { "type": "Point", "coordinates": [ -75.342163, 37.922075 ] } }
,
{ "type": "Feature", "properties": { "LabelIds": "(1:57)" }, "geometry": { "type": "Point", "coordinates": [ -75.342403, 37.923386 ] } }
,
{ "type": "Feature", "properties": { "LabelIds": "(1:58)" }, "geometry": { "type": "Point", "coordinates": [ -75.345959, 37.921921 ] } }
,
{ "type": "Feature", "properties": { "LabelIds": "(1:59)" }, "geometry": { "type": "Point", "coordinates": [ -75.361979, 37.919144 ] } }
,
{ "type": "Feature", "properties": { "LabelIds": "(1:60)" }, "geometry": { "type": "Point", "coordinates": [ -75.367558, 37.918574 ] } }
,
{ "type": "Feature", "properties": { "LabelIds": "(1:61)" }, "geometry": { "type": "Point", "coordinates": [ -75.341717, 37.920162 ] } }
,
{ "type": "Feature", "properties": { "LabelIds": "(1:62)" }, "geometry": { "type": "Point", "coordinates": [ -75.359523, 37.919506 ] } }
,
{ "type": "Feature", "properties": { "LabelIds": "(1:63)" }, "geometry": { "type": "Point", "coordinates": [ -75.350324, 37.918714 ] } }
,
{ "type": "Feature", "properties": { "LabelIds": "(1:64)" }, "geometry": { "type": "Point", "coordinates": [ -75.359264, 37.919319 ] } }
,
{ "type": "Feature", "properties": { "LabelIds": "(1:65)" }, "geometry": { "type": "Point", "coordinates": [ -75.351603, 37.918251 ] } }
,
{ "type": "Feature", "properties": { "LabelIds": "(1:66)" }, "geometry": { "type": "Point", "coordinates": [ -75.352858, 37.918367 ] } }
,
{ "type": "Feature", "properties": { "LabelIds": "(1:67)" }, "geometry": { "type": "Point", "coordinates": [ -75.363465, 37.916190 ] } }
,
{ "type": "Feature", "properties": { "LabelIds": "(1:68)" }, "geometry": { "type": "Point", "coordinates": [ -75.365035, 37.917503 ] } }
,
{ "type": "Feature", "properties": { "LabelIds": "(1:69)" }, "geometry": { "type": "Point", "coordinates": [ -75.353565, 37.915867 ] } }
,
{ "type": "Feature", "properties": { "LabelIds": "(1:70)" }, "geometry": { "type": "Point", "coordinates": [ -75.374230, 37.911794 ] } }
,
{ "type": "Feature", "properties": { "LabelIds": "(1:71)" }, "geometry": { "type": "Point", "coordinates": [ -75.367856, 37.913329 ] } }
,
{ "type": "Feature", "properties": { "LabelIds": "(1:72)" }, "geometry": { "type": "Point", "coordinates": [ -75.381310, 37.910261 ] } }
,
{ "type": "Feature", "properties": { "LabelIds": "(1:73)" }, "geometry": { "type": "Point", "coordinates": [ -75.377023, 37.912391 ] } }
,
{ "type": "Feature", "properties": { "LabelIds": "(1:74)" }, "geometry": { "type": "Point", "coordinates": [ -75.386745, 37.905052 ] } }
,
{ "type": "Feature", "properties": { "LabelIds": "(1:75)" }, "geometry": { "type": "Point", "coordinates": [ -75.391153, 37.904005 ] } }
,
{ "type": "Feature", "properties": { "LabelIds": "(1:76)" }, "geometry": { "type": "Point", "coordinates": [ -75.393205, 37.904018 ] } }
,
{ "type": "Feature", "properties": { "LabelIds": "(1:77)" }, "geometry": { "type": "Point", "coordinates": [ -75.393719, 37.903577 ] } }
,
{ "type": "Feature", "properties": { "LabelIds": "(1:78)" }, "geometry": { "type": "Point", "coordinates": [ -75.391779, 37.903593 ] } }
,
{ "type": "Feature", "properties": { "LabelIds": "(1:79)" }, "geometry": { "type": "Point", "coordinates": [ -75.390870, 37.902763 ] } }
,
{ "type": "Feature", "properties": { "LabelIds": "(1:80)" }, "geometry": { "type": "Point", "coordinates": [ -75.348537, 37.889660 ] } }
,
{ "type": "Feature", "properties": { "LabelIds": "(1:81)" }, "geometry": { "type": "Point", "coordinates": [ -75.346639, 37.890631 ] } }

]
}
