<PAMDataset>
  <SRS>LOCAL_CS[&quot;VA_Statewide_Lamber_Conformal_Conic&quot;,UNIT[&quot;meters&quot;,1]]</SRS>
  <GeoTransform> 1.8500000000000000e+005, 1.0000000000000000e+000, 0.0000000000000000e+000, 6.0000000000000000e+004, 0.0000000000000000e+000,-1.0000000000000000e+000</GeoTransform>
  <Metadata>
    <MDI key="IMAGE__INPUT_NAME">N:\a685055m.tif</MDI>
    <MDI key="IMAGE__INPUT_FILE_SIZE">75081086.000000</MDI>
    <MDI key="IMAGE__BITS_PER_SAMPLE">8</MDI>
    <MDI key="GEOTIFF_NUM__1024__GTModelTypeGeoKey">1</MDI>
    <MDI key="GEOTIFF_CHAR__GTModelTypeGeoKey">ModelTypeProjected</MDI>
    <MDI key="GEOTIFF_NUM__1025__GTRasterTypeGeoKey">1</MDI>
    <MDI key="GEOTIFF_CHAR__GTRasterTypeGeoKey">RasterPixelIsArea</MDI>
    <MDI key="GEOTIFF_NUM__3075__ProjCoordTransGeoKey">8</MDI>
    <MDI key="GEOTIFF_CHAR__ProjCoordTransGeoKey">CT_LambertConfConic_2SP</MDI>
    <MDI key="GEOTIFF_NUM__3074__ProjectionGeoKey">32767</MDI>
    <MDI key="GEOTIFF_CHAR__ProjectionGeoKey">User-Defined</MDI>
    <MDI key="GEOTIFF_NUM__2050__GeogGeodeticDatumGeoKey">6269</MDI>
    <MDI key="GEOTIFF_CHAR__GeogGeodeticDatumGeoKey">Datum_North_American_Datum_1983</MDI>
    <MDI key="GEOTIFF_NUM__2056__GeogEllipsoidGeoKey">7019</MDI>
    <MDI key="GEOTIFF_CHAR__GeogEllipsoidGeoKey">Ellipse_GRS_1980</MDI>
    <MDI key="GEOTIFF_NUM__3080__ProjNatOriginLongGeoKey">-79.500000,36.000000,0.000000,0.000000,37.000000,39.500000</MDI>
    <MDI key="GEOTIFF_NUM__3081__ProjNatOriginLatGeoKey">-79.500000,36.000000,0.000000,0.000000,37.000000,39.500000</MDI>
    <MDI key="GEOTIFF_NUM__3082__ProjFalseEastingGeoKey">-79.500000,36.000000,0.000000,0.000000,37.000000,39.500000</MDI>
    <MDI key="GEOTIFF_NUM__3083__ProjFalseNorthingGeoKey">-79.500000,36.000000,0.000000,0.000000,37.000000,39.500000</MDI>
    <MDI key="GEOTIFF_NUM__3078__ProjStdParallel1GeoKey">-79.500000,36.000000,0.000000,0.000000,37.000000,39.500000</MDI>
    <MDI key="GEOTIFF_NUM__3079__ProjStdParallel2GeoKey">-79.500000,36.000000,0.000000,0.000000,37.000000,39.500000</MDI>
    <MDI key="GEOTIFF_NUM__3073__PCSCitationGeoKey">Lambert Conformal Conic; North American 1983; GRS80|</MDI>
    <MDI key="GEOTIFF_NUM__3072__ProjectedCSTypeGeoKey">32767</MDI>
    <MDI key="GEOTIFF_CHAR__ProjectedCSTypeGeoKey">User-Defined</MDI>
    <MDI key="GEOTIFF_NUM__3076__ProjLinearUnitsGeoKey">9001</MDI>
    <MDI key="GEOTIFF_CHAR__ProjLinearUnitsGeoKey">Linear_Meter</MDI>
    <MDI key="IMAGE__Z_RESOLUTION">0.000000</MDI>
    <MDI key="GEO__ModelTypeGeoKey">1</MDI>
    <MDI key="GEO__ProjectedCSTypeGeoKey">32767</MDI>
    <MDI key="GEO__PCSCitationGeoKey">Lambert Conformal Conic; North American 1983; GRS80| </MDI>
    <MDI key="IMAGE__Z_ORIGIN">0.000000</MDI>
    <MDI key="IMAGE__COMPRESSION_VERSION">1,6,1</MDI>
    <MDI key="IMAGE__TARGET_COMPRESSION_RATIO">29.999962</MDI>
    <MDI key="IMAGE__COMPRESSION_NLEV">7</MDI>
    <MDI key="IMAGE__COMPRESSION_WEIGHT">4.000000</MDI>
    <MDI key="IMAGE__COMPRESSION_GAMMA">2.000000</MDI>
    <MDI key="IMAGE__COMPRESSION_BLOCK_SIZE">512</MDI>
    <MDI key="IMAGE__CREATION_DATE">Wed Nov 26 23:34:42 2003
</MDI>
    <MDI key="IMAGE__WIDTH">5000</MDI>
    <MDI key="IMAGE__HEIGHT">5000</MDI>
    <MDI key="IMAGE__COLOR_SCHEME">0</MDI>
    <MDI key="IMAGE__DATA_TYPE">0</MDI>
    <MDI key="IMAGE__XY_ORIGIN">185000.500000,59999.500000</MDI>
    <MDI key="IMAGE__X_RESOLUTION">1.000000</MDI>
    <MDI key="IMAGE__Y_RESOLUTION">1.000000</MDI>
  </Metadata>
  <Metadata domain="xml:ESRI" format="xml">
    <GeodataXform xsi:type="typens:IdentityXform" xmlns:xsi="http://www.w3.org/2001/XMLSchema-instance" xmlns:xs="http://www.w3.org/2001/XMLSchema" xmlns:typens="http://www.esri.com/schemas/ArcGIS/9.2">
      <SpatialReference xsi:type="typens:ProjectedCoordinateSystem">
        <WKT>PROJCS[&quot;VA_Lambert_Conformal_Conic&quot;,GEOGCS[&quot;GCS_North_American_1983&quot;,DATUM[&quot;D_North_American_1983&quot;,SPHEROID[&quot;GRS_1980&quot;,6378137.0,298.257222101]],PRIMEM[&quot;Greenwich&quot;,0.0],UNIT[&quot;Degree&quot;,0.0174532925199433]],PROJECTION[&quot;Lambert_Conformal_Conic&quot;],PARAMETER[&quot;False_Easting&quot;,0.0],PARAMETER[&quot;False_Northing&quot;,0.0],PARAMETER[&quot;Central_Meridian&quot;,-79.5],PARAMETER[&quot;Standard_Parallel_1&quot;,37.0],PARAMETER[&quot;Standard_Parallel_2&quot;,39.5],PARAMETER[&quot;Latitude_Of_Origin&quot;,36.0],UNIT[&quot;Meter&quot;,1.0]]</WKT>
        <XOrigin>-37232800</XOrigin>
        <YOrigin>-28884600</YOrigin>
        <XYScale>120957855.100086</XYScale>
        <XYTolerance>0.001</XYTolerance>
        <HighPrecision>true</HighPrecision>
      </SpatialReference>
    </GeodataXform>
  </Metadata>
  <PAMRasterBand band="1">
    <GDALRasterAttributeTable>
      <FieldDefn index="0">
        <Name>Histogram</Name>
        <Type>0</Type>
        <Usage>0</Usage>
      </FieldDefn>
      <Row index="0">
        <F>0</F>
      </Row>
      <Row index="1">
        <F>0</F>
      </Row>
      <Row index="2">
        <F>0</F>
      </Row>
      <Row index="3">
        <F>0</F>
      </Row>
      <Row index="4">
        <F>0</F>
      </Row>
      <Row index="5">
        <F>0</F>
      </Row>
      <Row index="6">
        <F>0</F>
      </Row>
      <Row index="7">
        <F>0</F>
      </Row>
      <Row index="8">
        <F>0</F>
      </Row>
      <Row index="9">
        <F>0</F>
      </Row>
      <Row index="10">
        <F>0</F>
      </Row>
      <Row index="11">
        <F>128</F>
      </Row>
      <Row index="12">
        <F>192</F>
      </Row>
      <Row index="13">
        <F>128</F>
      </Row>
      <Row index="14">
        <F>64</F>
      </Row>
      <Row index="15">
        <F>512</F>
      </Row>
      <Row index="16">
        <F>256</F>
      </Row>
      <Row index="17">
        <F>192</F>
      </Row>
      <Row index="18">
        <F>384</F>
      </Row>
      <Row index="19">
        <F>256</F>
      </Row>
      <Row index="20">
        <F>704</F>
      </Row>
      <Row index="21">
        <F>832</F>
      </Row>
      <Row index="22">
        <F>640</F>
      </Row>
      <Row index="23">
        <F>1536</F>
      </Row>
      <Row index="24">
        <F>1664</F>
      </Row>
      <Row index="25">
        <F>2496</F>
      </Row>
      <Row index="26">
        <F>2944</F>
      </Row>
      <Row index="27">
        <F>2240</F>
      </Row>
      <Row index="28">
        <F>2368</F>
      </Row>
      <Row index="29">
        <F>2688</F>
      </Row>
      <Row index="30">
        <F>3840</F>
      </Row>
      <Row index="31">
        <F>2880</F>
      </Row>
      <Row index="32">
        <F>4160</F>
      </Row>
      <Row index="33">
        <F>4160</F>
      </Row>
      <Row index="34">
        <F>3776</F>
      </Row>
      <Row index="35">
        <F>5056</F>
      </Row>
      <Row index="36">
        <F>5568</F>
      </Row>
      <Row index="37">
        <F>5632</F>
      </Row>
      <Row index="38">
        <F>6272</F>
      </Row>
      <Row index="39">
        <F>6528</F>
      </Row>
      <Row index="40">
        <F>7168</F>
      </Row>
      <Row index="41">
        <F>7168</F>
      </Row>
      <Row index="42">
        <F>5888</F>
      </Row>
      <Row index="43">
        <F>7680</F>
      </Row>
      <Row index="44">
        <F>7168</F>
      </Row>
      <Row index="45">
        <F>9088</F>
      </Row>
      <Row index="46">
        <F>8512</F>
      </Row>
      <Row index="47">
        <F>8704</F>
      </Row>
      <Row index="48">
        <F>10624</F>
      </Row>
      <Row index="49">
        <F>10624</F>
      </Row>
      <Row index="50">
        <F>9792</F>
      </Row>
      <Row index="51">
        <F>11776</F>
      </Row>
      <Row index="52">
        <F>11520</F>
      </Row>
      <Row index="53">
        <F>13568</F>
      </Row>
      <Row index="54">
        <F>13440</F>
      </Row>
      <Row index="55">
        <F>13376</F>
      </Row>
      <Row index="56">
        <F>14528</F>
      </Row>
      <Row index="57">
        <F>13632</F>
      </Row>
      <Row index="58">
        <F>15552</F>
      </Row>
      <Row index="59">
        <F>14784</F>
      </Row>
      <Row index="60">
        <F>13504</F>
      </Row>
      <Row index="61">
        <F>16832</F>
      </Row>
      <Row index="62">
        <F>15552</F>
      </Row>
      <Row index="63">
        <F>13184</F>
      </Row>
      <Row index="64">
        <F>12480</F>
      </Row>
      <Row index="65">
        <F>17664</F>
      </Row>
      <Row index="66">
        <F>16960</F>
      </Row>
      <Row index="67">
        <F>15616</F>
      </Row>
      <Row index="68">
        <F>14016</F>
      </Row>
      <Row index="69">
        <F>14080</F>
      </Row>
      <Row index="70">
        <F>14976</F>
      </Row>
      <Row index="71">
        <F>15104</F>
      </Row>
      <Row index="72">
        <F>17088</F>
      </Row>
      <Row index="73">
        <F>13888</F>
      </Row>
      <Row index="74">
        <F>14848</F>
      </Row>
      <Row index="75">
        <F>15168</F>
      </Row>
      <Row index="76">
        <F>15488</F>
      </Row>
      <Row index="77">
        <F>13824</F>
      </Row>
      <Row index="78">
        <F>13696</F>
      </Row>
      <Row index="79">
        <F>12032</F>
      </Row>
      <Row index="80">
        <F>13056</F>
      </Row>
      <Row index="81">
        <F>13760</F>
      </Row>
      <Row index="82">
        <F>10944</F>
      </Row>
      <Row index="83">
        <F>12416</F>
      </Row>
      <Row index="84">
        <F>12608</F>
      </Row>
      <Row index="85">
        <F>11648</F>
      </Row>
      <Row index="86">
        <F>9344</F>
      </Row>
      <Row index="87">
        <F>10752</F>
      </Row>
      <Row index="88">
        <F>10304</F>
      </Row>
      <Row index="89">
        <F>9152</F>
      </Row>
      <Row index="90">
        <F>9408</F>
      </Row>
      <Row index="91">
        <F>8000</F>
      </Row>
      <Row index="92">
        <F>8960</F>
      </Row>
      <Row index="93">
        <F>7552</F>
      </Row>
      <Row index="94">
        <F>7616</F>
      </Row>
      <Row index="95">
        <F>8000</F>
      </Row>
      <Row index="96">
        <F>7552</F>
      </Row>
      <Row index="97">
        <F>8064</F>
      </Row>
      <Row index="98">
        <F>7744</F>
      </Row>
      <Row index="99">
        <F>7488</F>
      </Row>
      <Row index="100">
        <F>7040</F>
      </Row>
      <Row index="101">
        <F>7808</F>
      </Row>
      <Row index="102">
        <F>7104</F>
      </Row>
      <Row index="103">
        <F>6784</F>
      </Row>
      <Row index="104">
        <F>8128</F>
      </Row>
      <Row index="105">
        <F>7424</F>
      </Row>
      <Row index="106">
        <F>6912</F>
      </Row>
      <Row index="107">
        <F>8320</F>
      </Row>
      <Row index="108">
        <F>8640</F>
      </Row>
      <Row index="109">
        <F>8896</F>
      </Row>
      <Row index="110">
        <F>7616</F>
      </Row>
      <Row index="111">
        <F>8320</F>
      </Row>
      <Row index="112">
        <F>8960</F>
      </Row>
      <Row index="113">
        <F>8384</F>
      </Row>
      <Row index="114">
        <F>10048</F>
      </Row>
      <Row index="115">
        <F>9792</F>
      </Row>
      <Row index="116">
        <F>11648</F>
      </Row>
      <Row index="117">
        <F>11456</F>
      </Row>
      <Row index="118">
        <F>12544</F>
      </Row>
      <Row index="119">
        <F>10880</F>
      </Row>
      <Row index="120">
        <F>11520</F>
      </Row>
      <Row index="121">
        <F>13120</F>
      </Row>
      <Row index="122">
        <F>13312</F>
      </Row>
      <Row index="123">
        <F>13824</F>
      </Row>
      <Row index="124">
        <F>14592</F>
      </Row>
      <Row index="125">
        <F>15232</F>
      </Row>
      <Row index="126">
        <F>16576</F>
      </Row>
      <Row index="127">
        <F>12096</F>
      </Row>
      <Row index="128">
        <F>13312</F>
      </Row>
      <Row index="129">
        <F>13312</F>
      </Row>
      <Row index="130">
        <F>12992</F>
      </Row>
      <Row index="131">
        <F>14976</F>
      </Row>
      <Row index="132">
        <F>11648</F>
      </Row>
      <Row index="133">
        <F>13248</F>
      </Row>
      <Row index="134">
        <F>12544</F>
      </Row>
      <Row index="135">
        <F>10752</F>
      </Row>
      <Row index="136">
        <F>12672</F>
      </Row>
      <Row index="137">
        <F>10240</F>
      </Row>
      <Row index="138">
        <F>10048</F>
      </Row>
      <Row index="139">
        <F>12736</F>
      </Row>
      <Row index="140">
        <F>12032</F>
      </Row>
      <Row index="141">
        <F>10624</F>
      </Row>
      <Row index="142">
        <F>8576</F>
      </Row>
      <Row index="143">
        <F>10112</F>
      </Row>
      <Row index="144">
        <F>9408</F>
      </Row>
      <Row index="145">
        <F>11136</F>
      </Row>
      <Row index="146">
        <F>9152</F>
      </Row>
      <Row index="147">
        <F>10304</F>
      </Row>
      <Row index="148">
        <F>9856</F>
      </Row>
      <Row index="149">
        <F>8256</F>
      </Row>
      <Row index="150">
        <F>9344</F>
      </Row>
      <Row index="151">
        <F>10048</F>
      </Row>
      <Row index="152">
        <F>10240</F>
      </Row>
      <Row index="153">
        <F>8896</F>
      </Row>
      <Row index="154">
        <F>9408</F>
      </Row>
      <Row index="155">
        <F>10304</F>
      </Row>
      <Row index="156">
        <F>7616</F>
      </Row>
      <Row index="157">
        <F>9984</F>
      </Row>
      <Row index="158">
        <F>9664</F>
      </Row>
      <Row index="159">
        <F>8832</F>
      </Row>
      <Row index="160">
        <F>10432</F>
      </Row>
      <Row index="161">
        <F>10944</F>
      </Row>
      <Row index="162">
        <F>10816</F>
      </Row>
      <Row index="163">
        <F>9024</F>
      </Row>
      <Row index="164">
        <F>9600</F>
      </Row>
      <Row index="165">
        <F>12480</F>
      </Row>
      <Row index="166">
        <F>9856</F>
      </Row>
      <Row index="167">
        <F>10944</F>
      </Row>
      <Row index="168">
        <F>10624</F>
      </Row>
      <Row index="169">
        <F>8256</F>
      </Row>
      <Row index="170">
        <F>8320</F>
      </Row>
      <Row index="171">
        <F>8704</F>
      </Row>
      <Row index="172">
        <F>7104</F>
      </Row>
      <Row index="173">
        <F>7936</F>
      </Row>
      <Row index="174">
        <F>8768</F>
      </Row>
      <Row index="175">
        <F>6784</F>
      </Row>
      <Row index="176">
        <F>9280</F>
      </Row>
      <Row index="177">
        <F>7104</F>
      </Row>
      <Row index="178">
        <F>6848</F>
      </Row>
      <Row index="179">
        <F>7168</F>
      </Row>
      <Row index="180">
        <F>6784</F>
      </Row>
      <Row index="181">
        <F>6336</F>
      </Row>
      <Row index="182">
        <F>6848</F>
      </Row>
      <Row index="183">
        <F>7552</F>
      </Row>
      <Row index="184">
        <F>5696</F>
      </Row>
      <Row index="185">
        <F>6272</F>
      </Row>
      <Row index="186">
        <F>5120</F>
      </Row>
      <Row index="187">
        <F>6528</F>
      </Row>
      <Row index="188">
        <F>5632</F>
      </Row>
      <Row index="189">
        <F>5248</F>
      </Row>
      <Row index="190">
        <F>6016</F>
      </Row>
      <Row index="191">
        <F>5440</F>
      </Row>
      <Row index="192">
        <F>5184</F>
      </Row>
      <Row index="193">
        <F>4480</F>
      </Row>
      <Row index="194">
        <F>5248</F>
      </Row>
      <Row index="195">
        <F>4224</F>
      </Row>
      <Row index="196">
        <F>4416</F>
      </Row>
      <Row index="197">
        <F>3776</F>
      </Row>
      <Row index="198">
        <F>4736</F>
      </Row>
      <Row index="199">
        <F>4096</F>
      </Row>
      <Row index="200">
        <F>4288</F>
      </Row>
      <Row index="201">
        <F>3648</F>
      </Row>
      <Row index="202">
        <F>3008</F>
      </Row>
      <Row index="203">
        <F>3712</F>
      </Row>
      <Row index="204">
        <F>3520</F>
      </Row>
      <Row index="205">
        <F>3392</F>
      </Row>
      <Row index="206">
        <F>2752</F>
      </Row>
      <Row index="207">
        <F>3776</F>
      </Row>
      <Row index="208">
        <F>3200</F>
      </Row>
      <Row index="209">
        <F>2688</F>
      </Row>
      <Row index="210">
        <F>2304</F>
      </Row>
      <Row index="211">
        <F>3584</F>
      </Row>
      <Row index="212">
        <F>3136</F>
      </Row>
      <Row index="213">
        <F>2304</F>
      </Row>
      <Row index="214">
        <F>2688</F>
      </Row>
      <Row index="215">
        <F>2816</F>
      </Row>
      <Row index="216">
        <F>1920</F>
      </Row>
      <Row index="217">
        <F>3072</F>
      </Row>
      <Row index="218">
        <F>2944</F>
      </Row>
      <Row index="219">
        <F>2304</F>
      </Row>
      <Row index="220">
        <F>1408</F>
      </Row>
      <Row index="221">
        <F>1664</F>
      </Row>
      <Row index="222">
        <F>1216</F>
      </Row>
      <Row index="223">
        <F>1664</F>
      </Row>
      <Row index="224">
        <F>1472</F>
      </Row>
      <Row index="225">
        <F>1856</F>
      </Row>
      <Row index="226">
        <F>1408</F>
      </Row>
      <Row index="227">
        <F>1536</F>
      </Row>
      <Row index="228">
        <F>2112</F>
      </Row>
      <Row index="229">
        <F>1152</F>
      </Row>
      <Row index="230">
        <F>1088</F>
      </Row>
      <Row index="231">
        <F>1408</F>
      </Row>
      <Row index="232">
        <F>1088</F>
      </Row>
      <Row index="233">
        <F>1344</F>
      </Row>
      <Row index="234">
        <F>2112</F>
      </Row>
      <Row index="235">
        <F>1024</F>
      </Row>
      <Row index="236">
        <F>1344</F>
      </Row>
      <Row index="237">
        <F>1344</F>
      </Row>
      <Row index="238">
        <F>1344</F>
      </Row>
      <Row index="239">
        <F>1088</F>
      </Row>
      <Row index="240">
        <F>1728</F>
      </Row>
      <Row index="241">
        <F>1152</F>
      </Row>
      <Row index="242">
        <F>1024</F>
      </Row>
      <Row index="243">
        <F>1408</F>
      </Row>
      <Row index="244">
        <F>1152</F>
      </Row>
      <Row index="245">
        <F>1280</F>
      </Row>
      <Row index="246">
        <F>704</F>
      </Row>
      <Row index="247">
        <F>512</F>
      </Row>
      <Row index="248">
        <F>512</F>
      </Row>
      <Row index="249">
        <F>1024</F>
      </Row>
      <Row index="250">
        <F>4800</F>
      </Row>
      <Row index="251">
        <F>8128</F>
      </Row>
      <Row index="252">
        <F>9920</F>
      </Row>
      <Row index="253">
        <F>12864</F>
      </Row>
      <Row index="254">
        <F>9920</F>
      </Row>
      <Row index="255">
        <F>23161216</F>
      </Row>
    </GDALRasterAttributeTable>
    <Metadata>
      <MDI key="LAYER_TYPE">athematic</MDI>
      <MDI key="STATISTICS_HISTOBINVALUES">0|0|0|0|0|0|0|0|0|0|0|128|192|128|64|512|256|192|384|256|704|832|640|1536|1664|2496|2944|2240|2368|2688|3840|2880|4160|4160|3776|5056|5568|5632|6272|6528|7168|7168|5888|7680|7168|9088|8512|8704|10624|10624|9792|11776|11520|13568|13440|13376|14528|13632|15552|14784|13504|16832|15552|13184|12480|17664|16960|15616|14016|14080|14976|15104|17088|13888|14848|15168|15488|13824|13696|12032|13056|13760|10944|12416|12608|11648|9344|10752|10304|9152|9408|8000|8960|7552|7616|8000|7552|8064|7744|7488|7040|7808|7104|6784|8128|7424|6912|8320|8640|8896|7616|8320|8960|8384|10048|9792|11648|11456|12544|10880|11520|13120|13312|13824|14592|15232|16576|12096|13312|13312|12992|14976|11648|13248|12544|10752|12672|10240|10048|12736|12032|10624|8576|10112|9408|11136|9152|10304|9856|8256|9344|10048|10240|8896|9408|10304|7616|9984|9664|8832|10432|10944|10816|9024|9600|12480|9856|10944|10624|8256|8320|8704|7104|7936|8768|6784|9280|7104|6848|7168|6784|6336|6848|7552|5696|6272|5120|6528|5632|5248|6016|5440|5184|4480|5248|4224|4416|3776|4736|4096|4288|3648|3008|3712|3520|3392|2752|3776|3200|2688|2304|3584|3136|2304|2688|2816|1920|3072|2944|2304|1408|1664|1216|1664|1472|1856|1408|1536|2112|1152|1088|1408|1088|1344|2112|1024|1344|1344|1344|1088|1728|1152|1024|1408|1152|1280|704|512|512|1024|4800|8128|9920|12864|9920|23161216|</MDI>
    </Metadata>
  </PAMRasterBand>
  <PAMRasterBand band="2">
    <GDALRasterAttributeTable>
      <FieldDefn index="0">
        <Name>Histogram</Name>
        <Type>0</Type>
        <Usage>0</Usage>
      </FieldDefn>
      <Row index="0">
        <F>0</F>
      </Row>
      <Row index="1">
        <F>0</F>
      </Row>
      <Row index="2">
        <F>0</F>
      </Row>
      <Row index="3">
        <F>0</F>
      </Row>
      <Row index="4">
        <F>0</F>
      </Row>
      <Row index="5">
        <F>0</F>
      </Row>
      <Row index="6">
        <F>0</F>
      </Row>
      <Row index="7">
        <F>0</F>
      </Row>
      <Row index="8">
        <F>0</F>
      </Row>
      <Row index="9">
        <F>0</F>
      </Row>
      <Row index="10">
        <F>0</F>
      </Row>
      <Row index="11">
        <F>0</F>
      </Row>
      <Row index="12">
        <F>0</F>
      </Row>
      <Row index="13">
        <F>64</F>
      </Row>
      <Row index="14">
        <F>256</F>
      </Row>
      <Row index="15">
        <F>192</F>
      </Row>
      <Row index="16">
        <F>192</F>
      </Row>
      <Row index="17">
        <F>320</F>
      </Row>
      <Row index="18">
        <F>192</F>
      </Row>
      <Row index="19">
        <F>384</F>
      </Row>
      <Row index="20">
        <F>192</F>
      </Row>
      <Row index="21">
        <F>512</F>
      </Row>
      <Row index="22">
        <F>832</F>
      </Row>
      <Row index="23">
        <F>1152</F>
      </Row>
      <Row index="24">
        <F>1856</F>
      </Row>
      <Row index="25">
        <F>3136</F>
      </Row>
      <Row index="26">
        <F>2944</F>
      </Row>
      <Row index="27">
        <F>2624</F>
      </Row>
      <Row index="28">
        <F>2880</F>
      </Row>
      <Row index="29">
        <F>2816</F>
      </Row>
      <Row index="30">
        <F>3200</F>
      </Row>
      <Row index="31">
        <F>3584</F>
      </Row>
      <Row index="32">
        <F>3840</F>
      </Row>
      <Row index="33">
        <F>3328</F>
      </Row>
      <Row index="34">
        <F>4224</F>
      </Row>
      <Row index="35">
        <F>4672</F>
      </Row>
      <Row index="36">
        <F>5312</F>
      </Row>
      <Row index="37">
        <F>5824</F>
      </Row>
      <Row index="38">
        <F>5120</F>
      </Row>
      <Row index="39">
        <F>4608</F>
      </Row>
      <Row index="40">
        <F>5312</F>
      </Row>
      <Row index="41">
        <F>6336</F>
      </Row>
      <Row index="42">
        <F>6720</F>
      </Row>
      <Row index="43">
        <F>8704</F>
      </Row>
      <Row index="44">
        <F>7808</F>
      </Row>
      <Row index="45">
        <F>8320</F>
      </Row>
      <Row index="46">
        <F>7808</F>
      </Row>
      <Row index="47">
        <F>9536</F>
      </Row>
      <Row index="48">
        <F>11136</F>
      </Row>
      <Row index="49">
        <F>12224</F>
      </Row>
      <Row index="50">
        <F>10880</F>
      </Row>
      <Row index="51">
        <F>13504</F>
      </Row>
      <Row index="52">
        <F>12672</F>
      </Row>
      <Row index="53">
        <F>15296</F>
      </Row>
      <Row index="54">
        <F>13248</F>
      </Row>
      <Row index="55">
        <F>14720</F>
      </Row>
      <Row index="56">
        <F>16704</F>
      </Row>
      <Row index="57">
        <F>18176</F>
      </Row>
      <Row index="58">
        <F>16640</F>
      </Row>
      <Row index="59">
        <F>16960</F>
      </Row>
      <Row index="60">
        <F>17920</F>
      </Row>
      <Row index="61">
        <F>18048</F>
      </Row>
      <Row index="62">
        <F>19520</F>
      </Row>
      <Row index="63">
        <F>18240</F>
      </Row>
      <Row index="64">
        <F>19008</F>
      </Row>
      <Row index="65">
        <F>18560</F>
      </Row>
      <Row index="66">
        <F>19776</F>
      </Row>
      <Row index="67">
        <F>17280</F>
      </Row>
      <Row index="68">
        <F>18176</F>
      </Row>
      <Row index="69">
        <F>18176</F>
      </Row>
      <Row index="70">
        <F>17408</F>
      </Row>
      <Row index="71">
        <F>17664</F>
      </Row>
      <Row index="72">
        <F>13952</F>
      </Row>
      <Row index="73">
        <F>15104</F>
      </Row>
      <Row index="74">
        <F>15552</F>
      </Row>
      <Row index="75">
        <F>14720</F>
      </Row>
      <Row index="76">
        <F>14912</F>
      </Row>
      <Row index="77">
        <F>14336</F>
      </Row>
      <Row index="78">
        <F>13056</F>
      </Row>
      <Row index="79">
        <F>14208</F>
      </Row>
      <Row index="80">
        <F>12736</F>
      </Row>
      <Row index="81">
        <F>11648</F>
      </Row>
      <Row index="82">
        <F>11712</F>
      </Row>
      <Row index="83">
        <F>10880</F>
      </Row>
      <Row index="84">
        <F>11712</F>
      </Row>
      <Row index="85">
        <F>10816</F>
      </Row>
      <Row index="86">
        <F>11008</F>
      </Row>
      <Row index="87">
        <F>10048</F>
      </Row>
      <Row index="88">
        <F>9152</F>
      </Row>
      <Row index="89">
        <F>10176</F>
      </Row>
      <Row index="90">
        <F>9664</F>
      </Row>
      <Row index="91">
        <F>8384</F>
      </Row>
      <Row index="92">
        <F>8512</F>
      </Row>
      <Row index="93">
        <F>9728</F>
      </Row>
      <Row index="94">
        <F>9984</F>
      </Row>
      <Row index="95">
        <F>8512</F>
      </Row>
      <Row index="96">
        <F>8128</F>
      </Row>
      <Row index="97">
        <F>8384</F>
      </Row>
      <Row index="98">
        <F>7360</F>
      </Row>
      <Row index="99">
        <F>8064</F>
      </Row>
      <Row index="100">
        <F>9408</F>
      </Row>
      <Row index="101">
        <F>8768</F>
      </Row>
      <Row index="102">
        <F>8448</F>
      </Row>
      <Row index="103">
        <F>6656</F>
      </Row>
      <Row index="104">
        <F>8384</F>
      </Row>
      <Row index="105">
        <F>8768</F>
      </Row>
      <Row index="106">
        <F>9088</F>
      </Row>
      <Row index="107">
        <F>8960</F>
      </Row>
      <Row index="108">
        <F>10112</F>
      </Row>
      <Row index="109">
        <F>9216</F>
      </Row>
      <Row index="110">
        <F>9024</F>
      </Row>
      <Row index="111">
        <F>10432</F>
      </Row>
      <Row index="112">
        <F>10176</F>
      </Row>
      <Row index="113">
        <F>11776</F>
      </Row>
      <Row index="114">
        <F>11200</F>
      </Row>
      <Row index="115">
        <F>11072</F>
      </Row>
      <Row index="116">
        <F>11072</F>
      </Row>
      <Row index="117">
        <F>10816</F>
      </Row>
      <Row index="118">
        <F>11392</F>
      </Row>
      <Row index="119">
        <F>10624</F>
      </Row>
      <Row index="120">
        <F>11136</F>
      </Row>
      <Row index="121">
        <F>10432</F>
      </Row>
      <Row index="122">
        <F>11904</F>
      </Row>
      <Row index="123">
        <F>12928</F>
      </Row>
      <Row index="124">
        <F>11712</F>
      </Row>
      <Row index="125">
        <F>12864</F>
      </Row>
      <Row index="126">
        <F>12736</F>
      </Row>
      <Row index="127">
        <F>14080</F>
      </Row>
      <Row index="128">
        <F>12352</F>
      </Row>
      <Row index="129">
        <F>13568</F>
      </Row>
      <Row index="130">
        <F>13056</F>
      </Row>
      <Row index="131">
        <F>13504</F>
      </Row>
      <Row index="132">
        <F>12032</F>
      </Row>
      <Row index="133">
        <F>13056</F>
      </Row>
      <Row index="134">
        <F>10752</F>
      </Row>
      <Row index="135">
        <F>9984</F>
      </Row>
      <Row index="136">
        <F>10752</F>
      </Row>
      <Row index="137">
        <F>11264</F>
      </Row>
      <Row index="138">
        <F>11648</F>
      </Row>
      <Row index="139">
        <F>9664</F>
      </Row>
      <Row index="140">
        <F>9472</F>
      </Row>
      <Row index="141">
        <F>8640</F>
      </Row>
      <Row index="142">
        <F>8896</F>
      </Row>
      <Row index="143">
        <F>9472</F>
      </Row>
      <Row index="144">
        <F>9280</F>
      </Row>
      <Row index="145">
        <F>8000</F>
      </Row>
      <Row index="146">
        <F>9664</F>
      </Row>
      <Row index="147">
        <F>8832</F>
      </Row>
      <Row index="148">
        <F>8704</F>
      </Row>
      <Row index="149">
        <F>8256</F>
      </Row>
      <Row index="150">
        <F>8128</F>
      </Row>
      <Row index="151">
        <F>8384</F>
      </Row>
      <Row index="152">
        <F>8576</F>
      </Row>
      <Row index="153">
        <F>8768</F>
      </Row>
      <Row index="154">
        <F>7616</F>
      </Row>
      <Row index="155">
        <F>8832</F>
      </Row>
      <Row index="156">
        <F>8832</F>
      </Row>
      <Row index="157">
        <F>9024</F>
      </Row>
      <Row index="158">
        <F>7680</F>
      </Row>
      <Row index="159">
        <F>9344</F>
      </Row>
      <Row index="160">
        <F>9344</F>
      </Row>
      <Row index="161">
        <F>8576</F>
      </Row>
      <Row index="162">
        <F>8448</F>
      </Row>
      <Row index="163">
        <F>9344</F>
      </Row>
      <Row index="164">
        <F>8768</F>
      </Row>
      <Row index="165">
        <F>9472</F>
      </Row>
      <Row index="166">
        <F>8064</F>
      </Row>
      <Row index="167">
        <F>7808</F>
      </Row>
      <Row index="168">
        <F>7872</F>
      </Row>
      <Row index="169">
        <F>8128</F>
      </Row>
      <Row index="170">
        <F>7552</F>
      </Row>
      <Row index="171">
        <F>7616</F>
      </Row>
      <Row index="172">
        <F>8064</F>
      </Row>
      <Row index="173">
        <F>7104</F>
      </Row>
      <Row index="174">
        <F>7808</F>
      </Row>
      <Row index="175">
        <F>6848</F>
      </Row>
      <Row index="176">
        <F>7168</F>
      </Row>
      <Row index="177">
        <F>6784</F>
      </Row>
      <Row index="178">
        <F>5696</F>
      </Row>
      <Row index="179">
        <F>7040</F>
      </Row>
      <Row index="180">
        <F>5888</F>
      </Row>
      <Row index="181">
        <F>6656</F>
      </Row>
      <Row index="182">
        <F>6912</F>
      </Row>
      <Row index="183">
        <F>5952</F>
      </Row>
      <Row index="184">
        <F>5952</F>
      </Row>
      <Row index="185">
        <F>4800</F>
      </Row>
      <Row index="186">
        <F>5184</F>
      </Row>
      <Row index="187">
        <F>6080</F>
      </Row>
      <Row index="188">
        <F>5376</F>
      </Row>
      <Row index="189">
        <F>5888</F>
      </Row>
      <Row index="190">
        <F>4864</F>
      </Row>
      <Row index="191">
        <F>5184</F>
      </Row>
      <Row index="192">
        <F>4928</F>
      </Row>
      <Row index="193">
        <F>4032</F>
      </Row>
      <Row index="194">
        <F>4992</F>
      </Row>
      <Row index="195">
        <F>4352</F>
      </Row>
      <Row index="196">
        <F>4480</F>
      </Row>
      <Row index="197">
        <F>3136</F>
      </Row>
      <Row index="198">
        <F>4224</F>
      </Row>
      <Row index="199">
        <F>3392</F>
      </Row>
      <Row index="200">
        <F>4224</F>
      </Row>
      <Row index="201">
        <F>3136</F>
      </Row>
      <Row index="202">
        <F>3840</F>
      </Row>
      <Row index="203">
        <F>3072</F>
      </Row>
      <Row index="204">
        <F>3840</F>
      </Row>
      <Row index="205">
        <F>3712</F>
      </Row>
      <Row index="206">
        <F>2688</F>
      </Row>
      <Row index="207">
        <F>3456</F>
      </Row>
      <Row index="208">
        <F>2944</F>
      </Row>
      <Row index="209">
        <F>3520</F>
      </Row>
      <Row index="210">
        <F>2880</F>
      </Row>
      <Row index="211">
        <F>3968</F>
      </Row>
      <Row index="212">
        <F>2560</F>
      </Row>
      <Row index="213">
        <F>2752</F>
      </Row>
      <Row index="214">
        <F>2112</F>
      </Row>
      <Row index="215">
        <F>1920</F>
      </Row>
      <Row index="216">
        <F>2112</F>
      </Row>
      <Row index="217">
        <F>1792</F>
      </Row>
      <Row index="218">
        <F>1536</F>
      </Row>
      <Row index="219">
        <F>2112</F>
      </Row>
      <Row index="220">
        <F>1600</F>
      </Row>
      <Row index="221">
        <F>1088</F>
      </Row>
      <Row index="222">
        <F>1536</F>
      </Row>
      <Row index="223">
        <F>1792</F>
      </Row>
      <Row index="224">
        <F>1408</F>
      </Row>
      <Row index="225">
        <F>1600</F>
      </Row>
      <Row index="226">
        <F>2368</F>
      </Row>
      <Row index="227">
        <F>1984</F>
      </Row>
      <Row index="228">
        <F>1408</F>
      </Row>
      <Row index="229">
        <F>1472</F>
      </Row>
      <Row index="230">
        <F>1728</F>
      </Row>
      <Row index="231">
        <F>1216</F>
      </Row>
      <Row index="232">
        <F>1024</F>
      </Row>
      <Row index="233">
        <F>1280</F>
      </Row>
      <Row index="234">
        <F>1408</F>
      </Row>
      <Row index="235">
        <F>1408</F>
      </Row>
      <Row index="236">
        <F>768</F>
      </Row>
      <Row index="237">
        <F>1024</F>
      </Row>
      <Row index="238">
        <F>576</F>
      </Row>
      <Row index="239">
        <F>1024</F>
      </Row>
      <Row index="240">
        <F>1088</F>
      </Row>
      <Row index="241">
        <F>1344</F>
      </Row>
      <Row index="242">
        <F>1280</F>
      </Row>
      <Row index="243">
        <F>1600</F>
      </Row>
      <Row index="244">
        <F>1088</F>
      </Row>
      <Row index="245">
        <F>768</F>
      </Row>
      <Row index="246">
        <F>256</F>
      </Row>
      <Row index="247">
        <F>448</F>
      </Row>
      <Row index="248">
        <F>512</F>
      </Row>
      <Row index="249">
        <F>832</F>
      </Row>
      <Row index="250">
        <F>4416</F>
      </Row>
      <Row index="251">
        <F>8384</F>
      </Row>
      <Row index="252">
        <F>11136</F>
      </Row>
      <Row index="253">
        <F>10624</F>
      </Row>
      <Row index="254">
        <F>10944</F>
      </Row>
      <Row index="255">
        <F>23161216</F>
      </Row>
    </GDALRasterAttributeTable>
    <Metadata>
      <MDI key="LAYER_TYPE">athematic</MDI>
      <MDI key="STATISTICS_HISTOBINVALUES">0|0|0|0|0|0|0|0|0|0|0|0|0|64|256|192|192|320|192|384|192|512|832|1152|1856|3136|2944|2624|2880|2816|3200|3584|3840|3328|4224|4672|5312|5824|5120|4608|5312|6336|6720|8704|7808|8320|7808|9536|11136|12224|10880|13504|12672|15296|13248|14720|16704|18176|16640|16960|17920|18048|19520|18240|19008|18560|19776|17280|18176|18176|17408|17664|13952|15104|15552|14720|14912|14336|13056|14208|12736|11648|11712|10880|11712|10816|11008|10048|9152|10176|9664|8384|8512|9728|9984|8512|8128|8384|7360|8064|9408|8768|8448|6656|8384|8768|9088|8960|10112|9216|9024|10432|10176|11776|11200|11072|11072|10816|11392|10624|11136|10432|11904|12928|11712|12864|12736|14080|12352|13568|13056|13504|12032|13056|10752|9984|10752|11264|11648|9664|9472|8640|8896|9472|9280|8000|9664|8832|8704|8256|8128|8384|8576|8768|7616|8832|8832|9024|7680|9344|9344|8576|8448|9344|8768|9472|8064|7808|7872|8128|7552|7616|8064|7104|7808|6848|7168|6784|5696|7040|5888|6656|6912|5952|5952|4800|5184|6080|5376|5888|4864|5184|4928|4032|4992|4352|4480|3136|4224|3392|4224|3136|3840|3072|3840|3712|2688|3456|2944|3520|2880|3968|2560|2752|2112|1920|2112|1792|1536|2112|1600|1088|1536|1792|1408|1600|2368|1984|1408|1472|1728|1216|1024|1280|1408|1408|768|1024|576|1024|1088|1344|1280|1600|1088|768|256|448|512|832|4416|8384|11136|10624|10944|23161216|</MDI>
    </Metadata>
  </PAMRasterBand>
  <PAMRasterBand band="3">
    <GDALRasterAttributeTable>
      <FieldDefn index="0">
        <Name>Histogram</Name>
        <Type>0</Type>
        <Usage>0</Usage>
      </FieldDefn>
      <Row index="0">
        <F>0</F>
      </Row>
      <Row index="1">
        <F>0</F>
      </Row>
      <Row index="2">
        <F>0</F>
      </Row>
      <Row index="3">
        <F>0</F>
      </Row>
      <Row index="4">
        <F>0</F>
      </Row>
      <Row index="5">
        <F>0</F>
      </Row>
      <Row index="6">
        <F>64</F>
      </Row>
      <Row index="7">
        <F>64</F>
      </Row>
      <Row index="8">
        <F>0</F>
      </Row>
      <Row index="9">
        <F>64</F>
      </Row>
      <Row index="10">
        <F>256</F>
      </Row>
      <Row index="11">
        <F>320</F>
      </Row>
      <Row index="12">
        <F>256</F>
      </Row>
      <Row index="13">
        <F>512</F>
      </Row>
      <Row index="14">
        <F>512</F>
      </Row>
      <Row index="15">
        <F>512</F>
      </Row>
      <Row index="16">
        <F>1152</F>
      </Row>
      <Row index="17">
        <F>1536</F>
      </Row>
      <Row index="18">
        <F>2176</F>
      </Row>
      <Row index="19">
        <F>3968</F>
      </Row>
      <Row index="20">
        <F>5184</F>
      </Row>
      <Row index="21">
        <F>5312</F>
      </Row>
      <Row index="22">
        <F>4672</F>
      </Row>
      <Row index="23">
        <F>5248</F>
      </Row>
      <Row index="24">
        <F>5696</F>
      </Row>
      <Row index="25">
        <F>7552</F>
      </Row>
      <Row index="26">
        <F>6784</F>
      </Row>
      <Row index="27">
        <F>8384</F>
      </Row>
      <Row index="28">
        <F>8448</F>
      </Row>
      <Row index="29">
        <F>7424</F>
      </Row>
      <Row index="30">
        <F>9920</F>
      </Row>
      <Row index="31">
        <F>11136</F>
      </Row>
      <Row index="32">
        <F>12864</F>
      </Row>
      <Row index="33">
        <F>14080</F>
      </Row>
      <Row index="34">
        <F>14912</F>
      </Row>
      <Row index="35">
        <F>19200</F>
      </Row>
      <Row index="36">
        <F>19392</F>
      </Row>
      <Row index="37">
        <F>18112</F>
      </Row>
      <Row index="38">
        <F>20608</F>
      </Row>
      <Row index="39">
        <F>20672</F>
      </Row>
      <Row index="40">
        <F>21248</F>
      </Row>
      <Row index="41">
        <F>24704</F>
      </Row>
      <Row index="42">
        <F>21824</F>
      </Row>
      <Row index="43">
        <F>23296</F>
      </Row>
      <Row index="44">
        <F>24832</F>
      </Row>
      <Row index="45">
        <F>22272</F>
      </Row>
      <Row index="46">
        <F>27136</F>
      </Row>
      <Row index="47">
        <F>25408</F>
      </Row>
      <Row index="48">
        <F>23424</F>
      </Row>
      <Row index="49">
        <F>24640</F>
      </Row>
      <Row index="50">
        <F>23424</F>
      </Row>
      <Row index="51">
        <F>25408</F>
      </Row>
      <Row index="52">
        <F>20672</F>
      </Row>
      <Row index="53">
        <F>20096</F>
      </Row>
      <Row index="54">
        <F>22208</F>
      </Row>
      <Row index="55">
        <F>19776</F>
      </Row>
      <Row index="56">
        <F>19392</F>
      </Row>
      <Row index="57">
        <F>19008</F>
      </Row>
      <Row index="58">
        <F>18560</F>
      </Row>
      <Row index="59">
        <F>17024</F>
      </Row>
      <Row index="60">
        <F>14592</F>
      </Row>
      <Row index="61">
        <F>12800</F>
      </Row>
      <Row index="62">
        <F>13888</F>
      </Row>
      <Row index="63">
        <F>11904</F>
      </Row>
      <Row index="64">
        <F>12736</F>
      </Row>
      <Row index="65">
        <F>11200</F>
      </Row>
      <Row index="66">
        <F>11328</F>
      </Row>
      <Row index="67">
        <F>10176</F>
      </Row>
      <Row index="68">
        <F>11328</F>
      </Row>
      <Row index="69">
        <F>10880</F>
      </Row>
      <Row index="70">
        <F>9920</F>
      </Row>
      <Row index="71">
        <F>9536</F>
      </Row>
      <Row index="72">
        <F>9024</F>
      </Row>
      <Row index="73">
        <F>10432</F>
      </Row>
      <Row index="74">
        <F>10368</F>
      </Row>
      <Row index="75">
        <F>9856</F>
      </Row>
      <Row index="76">
        <F>10176</F>
      </Row>
      <Row index="77">
        <F>10752</F>
      </Row>
      <Row index="78">
        <F>12288</F>
      </Row>
      <Row index="79">
        <F>13952</F>
      </Row>
      <Row index="80">
        <F>13760</F>
      </Row>
      <Row index="81">
        <F>13184</F>
      </Row>
      <Row index="82">
        <F>13760</F>
      </Row>
      <Row index="83">
        <F>16384</F>
      </Row>
      <Row index="84">
        <F>17152</F>
      </Row>
      <Row index="85">
        <F>15552</F>
      </Row>
      <Row index="86">
        <F>17792</F>
      </Row>
      <Row index="87">
        <F>15872</F>
      </Row>
      <Row index="88">
        <F>17280</F>
      </Row>
      <Row index="89">
        <F>15168</F>
      </Row>
      <Row index="90">
        <F>16256</F>
      </Row>
      <Row index="91">
        <F>14784</F>
      </Row>
      <Row index="92">
        <F>15296</F>
      </Row>
      <Row index="93">
        <F>16000</F>
      </Row>
      <Row index="94">
        <F>14272</F>
      </Row>
      <Row index="95">
        <F>14528</F>
      </Row>
      <Row index="96">
        <F>14400</F>
      </Row>
      <Row index="97">
        <F>13376</F>
      </Row>
      <Row index="98">
        <F>12736</F>
      </Row>
      <Row index="99">
        <F>13696</F>
      </Row>
      <Row index="100">
        <F>11648</F>
      </Row>
      <Row index="101">
        <F>11840</F>
      </Row>
      <Row index="102">
        <F>10368</F>
      </Row>
      <Row index="103">
        <F>11072</F>
      </Row>
      <Row index="104">
        <F>11840</F>
      </Row>
      <Row index="105">
        <F>11200</F>
      </Row>
      <Row index="106">
        <F>11328</F>
      </Row>
      <Row index="107">
        <F>9216</F>
      </Row>
      <Row index="108">
        <F>9856</F>
      </Row>
      <Row index="109">
        <F>10112</F>
      </Row>
      <Row index="110">
        <F>9216</F>
      </Row>
      <Row index="111">
        <F>9344</F>
      </Row>
      <Row index="112">
        <F>8768</F>
      </Row>
      <Row index="113">
        <F>9856</F>
      </Row>
      <Row index="114">
        <F>7360</F>
      </Row>
      <Row index="115">
        <F>7872</F>
      </Row>
      <Row index="116">
        <F>7616</F>
      </Row>
      <Row index="117">
        <F>7552</F>
      </Row>
      <Row index="118">
        <F>9152</F>
      </Row>
      <Row index="119">
        <F>9216</F>
      </Row>
      <Row index="120">
        <F>7680</F>
      </Row>
      <Row index="121">
        <F>9408</F>
      </Row>
      <Row index="122">
        <F>8448</F>
      </Row>
      <Row index="123">
        <F>6912</F>
      </Row>
      <Row index="124">
        <F>7424</F>
      </Row>
      <Row index="125">
        <F>7936</F>
      </Row>
      <Row index="126">
        <F>6656</F>
      </Row>
      <Row index="127">
        <F>7808</F>
      </Row>
      <Row index="128">
        <F>7104</F>
      </Row>
      <Row index="129">
        <F>7616</F>
      </Row>
      <Row index="130">
        <F>8192</F>
      </Row>
      <Row index="131">
        <F>7424</F>
      </Row>
      <Row index="132">
        <F>6464</F>
      </Row>
      <Row index="133">
        <F>7872</F>
      </Row>
      <Row index="134">
        <F>8000</F>
      </Row>
      <Row index="135">
        <F>6528</F>
      </Row>
      <Row index="136">
        <F>7232</F>
      </Row>
      <Row index="137">
        <F>6528</F>
      </Row>
      <Row index="138">
        <F>7104</F>
      </Row>
      <Row index="139">
        <F>6464</F>
      </Row>
      <Row index="140">
        <F>6400</F>
      </Row>
      <Row index="141">
        <F>5888</F>
      </Row>
      <Row index="142">
        <F>6656</F>
      </Row>
      <Row index="143">
        <F>7232</F>
      </Row>
      <Row index="144">
        <F>4992</F>
      </Row>
      <Row index="145">
        <F>6528</F>
      </Row>
      <Row index="146">
        <F>6208</F>
      </Row>
      <Row index="147">
        <F>5504</F>
      </Row>
      <Row index="148">
        <F>6400</F>
      </Row>
      <Row index="149">
        <F>5120</F>
      </Row>
      <Row index="150">
        <F>5312</F>
      </Row>
      <Row index="151">
        <F>6336</F>
      </Row>
      <Row index="152">
        <F>6016</F>
      </Row>
      <Row index="153">
        <F>5888</F>
      </Row>
      <Row index="154">
        <F>5056</F>
      </Row>
      <Row index="155">
        <F>5056</F>
      </Row>
      <Row index="156">
        <F>4928</F>
      </Row>
      <Row index="157">
        <F>5120</F>
      </Row>
      <Row index="158">
        <F>3904</F>
      </Row>
      <Row index="159">
        <F>3712</F>
      </Row>
      <Row index="160">
        <F>4288</F>
      </Row>
      <Row index="161">
        <F>3520</F>
      </Row>
      <Row index="162">
        <F>4224</F>
      </Row>
      <Row index="163">
        <F>3008</F>
      </Row>
      <Row index="164">
        <F>3968</F>
      </Row>
      <Row index="165">
        <F>3392</F>
      </Row>
      <Row index="166">
        <F>4160</F>
      </Row>
      <Row index="167">
        <F>3072</F>
      </Row>
      <Row index="168">
        <F>3200</F>
      </Row>
      <Row index="169">
        <F>2752</F>
      </Row>
      <Row index="170">
        <F>3072</F>
      </Row>
      <Row index="171">
        <F>2944</F>
      </Row>
      <Row index="172">
        <F>3392</F>
      </Row>
      <Row index="173">
        <F>3904</F>
      </Row>
      <Row index="174">
        <F>3136</F>
      </Row>
      <Row index="175">
        <F>2816</F>
      </Row>
      <Row index="176">
        <F>3136</F>
      </Row>
      <Row index="177">
        <F>2560</F>
      </Row>
      <Row index="178">
        <F>2560</F>
      </Row>
      <Row index="179">
        <F>3136</F>
      </Row>
      <Row index="180">
        <F>1664</F>
      </Row>
      <Row index="181">
        <F>2240</F>
      </Row>
      <Row index="182">
        <F>2368</F>
      </Row>
      <Row index="183">
        <F>2560</F>
      </Row>
      <Row index="184">
        <F>2048</F>
      </Row>
      <Row index="185">
        <F>1216</F>
      </Row>
      <Row index="186">
        <F>2176</F>
      </Row>
      <Row index="187">
        <F>2048</F>
      </Row>
      <Row index="188">
        <F>2112</F>
      </Row>
      <Row index="189">
        <F>2240</F>
      </Row>
      <Row index="190">
        <F>1600</F>
      </Row>
      <Row index="191">
        <F>2368</F>
      </Row>
      <Row index="192">
        <F>2240</F>
      </Row>
      <Row index="193">
        <F>1664</F>
      </Row>
      <Row index="194">
        <F>1152</F>
      </Row>
      <Row index="195">
        <F>1664</F>
      </Row>
      <Row index="196">
        <F>1088</F>
      </Row>
      <Row index="197">
        <F>1152</F>
      </Row>
      <Row index="198">
        <F>1024</F>
      </Row>
      <Row index="199">
        <F>960</F>
      </Row>
      <Row index="200">
        <F>1088</F>
      </Row>
      <Row index="201">
        <F>1088</F>
      </Row>
      <Row index="202">
        <F>576</F>
      </Row>
      <Row index="203">
        <F>1152</F>
      </Row>
      <Row index="204">
        <F>832</F>
      </Row>
      <Row index="205">
        <F>1024</F>
      </Row>
      <Row index="206">
        <F>896</F>
      </Row>
      <Row index="207">
        <F>448</F>
      </Row>
      <Row index="208">
        <F>512</F>
      </Row>
      <Row index="209">
        <F>768</F>
      </Row>
      <Row index="210">
        <F>704</F>
      </Row>
      <Row index="211">
        <F>640</F>
      </Row>
      <Row index="212">
        <F>320</F>
      </Row>
      <Row index="213">
        <F>448</F>
      </Row>
      <Row index="214">
        <F>512</F>
      </Row>
      <Row index="215">
        <F>640</F>
      </Row>
      <Row index="216">
        <F>384</F>
      </Row>
      <Row index="217">
        <F>448</F>
      </Row>
      <Row index="218">
        <F>512</F>
      </Row>
      <Row index="219">
        <F>384</F>
      </Row>
      <Row index="220">
        <F>960</F>
      </Row>
      <Row index="221">
        <F>576</F>
      </Row>
      <Row index="222">
        <F>512</F>
      </Row>
      <Row index="223">
        <F>384</F>
      </Row>
      <Row index="224">
        <F>384</F>
      </Row>
      <Row index="225">
        <F>384</F>
      </Row>
      <Row index="226">
        <F>384</F>
      </Row>
      <Row index="227">
        <F>576</F>
      </Row>
      <Row index="228">
        <F>576</F>
      </Row>
      <Row index="229">
        <F>704</F>
      </Row>
      <Row index="230">
        <F>576</F>
      </Row>
      <Row index="231">
        <F>320</F>
      </Row>
      <Row index="232">
        <F>128</F>
      </Row>
      <Row index="233">
        <F>128</F>
      </Row>
      <Row index="234">
        <F>128</F>
      </Row>
      <Row index="235">
        <F>512</F>
      </Row>
      <Row index="236">
        <F>384</F>
      </Row>
      <Row index="237">
        <F>448</F>
      </Row>
      <Row index="238">
        <F>640</F>
      </Row>
      <Row index="239">
        <F>512</F>
      </Row>
      <Row index="240">
        <F>1024</F>
      </Row>
      <Row index="241">
        <F>704</F>
      </Row>
      <Row index="242">
        <F>512</F>
      </Row>
      <Row index="243">
        <F>128</F>
      </Row>
      <Row index="244">
        <F>320</F>
      </Row>
      <Row index="245">
        <F>448</F>
      </Row>
      <Row index="246">
        <F>192</F>
      </Row>
      <Row index="247">
        <F>192</F>
      </Row>
      <Row index="248">
        <F>192</F>
      </Row>
      <Row index="249">
        <F>1216</F>
      </Row>
      <Row index="250">
        <F>7744</F>
      </Row>
      <Row index="251">
        <F>10944</F>
      </Row>
      <Row index="252">
        <F>10368</F>
      </Row>
      <Row index="253">
        <F>8896</F>
      </Row>
      <Row index="254">
        <F>12288</F>
      </Row>
      <Row index="255">
        <F>23155200</F>
      </Row>
    </GDALRasterAttributeTable>
    <Metadata>
      <MDI key="LAYER_TYPE">athematic</MDI>
      <MDI key="STATISTICS_HISTOBINVALUES">0|0|0|0|0|0|64|64|0|64|256|320|256|512|512|512|1152|1536|2176|3968|5184|5312|4672|5248|5696|7552|6784|8384|8448|7424|9920|11136|12864|14080|14912|19200|19392|18112|20608|20672|21248|24704|21824|23296|24832|22272|27136|25408|23424|24640|23424|25408|20672|20096|22208|19776|19392|19008|18560|17024|14592|12800|13888|11904|12736|11200|11328|10176|11328|10880|9920|9536|9024|10432|10368|9856|10176|10752|12288|13952|13760|13184|13760|16384|17152|15552|17792|15872|17280|15168|16256|14784|15296|16000|14272|14528|14400|13376|12736|13696|11648|11840|10368|11072|11840|11200|11328|9216|9856|10112|9216|9344|8768|9856|7360|7872|7616|7552|9152|9216|7680|9408|8448|6912|7424|7936|6656|7808|7104|7616|8192|7424|6464|7872|8000|6528|7232|6528|7104|6464|6400|5888|6656|7232|4992|6528|6208|5504|6400|5120|5312|6336|6016|5888|5056|5056|4928|5120|3904|3712|4288|3520|4224|3008|3968|3392|4160|3072|3200|2752|3072|2944|3392|3904|3136|2816|3136|2560|2560|3136|1664|2240|2368|2560|2048|1216|2176|2048|2112|2240|1600|2368|2240|1664|1152|1664|1088|1152|1024|960|1088|1088|576|1152|832|1024|896|448|512|768|704|640|320|448|512|640|384|448|512|384|960|576|512|384|384|384|384|576|576|704|576|320|128|128|128|512|384|448|640|512|1024|704|512|128|320|448|192|192|192|1216|7744|10944|10368|8896|12288|23155200|</MDI>
    </Metadata>
  </PAMRasterBand>
</PAMDataset>
