<PAMDataset>
  <SRS>LOCAL_CS[&quot;VA_Statewide_Lamber_Conformal_Conic&quot;,UNIT[&quot;meters&quot;,1]]</SRS>
  <GeoTransform> 2.0000000000000000e+005, 1.0000000000000000e+000, 0.0000000000000000e+000, 7.0000000000000000e+004, 0.0000000000000000e+000,-1.0000000000000000e+000</GeoTransform>
  <Metadata>
    <MDI key="IMAGE__INPUT_NAME">N:\a700065m.tif</MDI>
    <MDI key="IMAGE__INPUT_FILE_SIZE">75216010.000000</MDI>
    <MDI key="IMAGE__DYNAMIC_RANGE_WINDOW">255.000000</MDI>
    <MDI key="IMAGE__DYNAMIC_RANGE_LEVEL">127.000000</MDI>
    <MDI key="IMAGE__BITS_PER_SAMPLE">8</MDI>
    <MDI key="GEOTIFF_NUM__1024__GTModelTypeGeoKey">1</MDI>
    <MDI key="GEOTIFF_CHAR__GTModelTypeGeoKey">ModelTypeProjected</MDI>
    <MDI key="GEOTIFF_NUM__1025__GTRasterTypeGeoKey">1</MDI>
    <MDI key="GEOTIFF_CHAR__GTRasterTypeGeoKey">RasterPixelIsArea</MDI>
    <MDI key="GEOTIFF_NUM__2050__GeogGeodeticDatumGeoKey">6269</MDI>
    <MDI key="GEOTIFF_CHAR__GeogGeodeticDatumGeoKey">Datum_North_American_Datum_1983</MDI>
    <MDI key="GEOTIFF_NUM__2056__GeogEllipsoidGeoKey">7019</MDI>
    <MDI key="GEOTIFF_CHAR__GeogEllipsoidGeoKey">Ellipse_GRS_1980</MDI>
    <MDI key="GEOTIFF_NUM__3072__ProjectedCSTypeGeoKey">32767</MDI>
    <MDI key="GEOTIFF_CHAR__ProjectedCSTypeGeoKey">User-Defined</MDI>
    <MDI key="GEOTIFF_NUM__3073__PCSCitationGeoKey">Lambert Conformal Conic; North American 1983; GRS80|y:JuA</MDI>
    <MDI key="GEOTIFF_NUM__3074__ProjectionGeoKey">32767</MDI>
    <MDI key="GEOTIFF_CHAR__ProjectionGeoKey">User-Defined</MDI>
    <MDI key="GEOTIFF_NUM__3075__ProjCoordTransGeoKey">8</MDI>
    <MDI key="GEOTIFF_CHAR__ProjCoordTransGeoKey">CT_LambertConfConic_2SP</MDI>
    <MDI key="GEOTIFF_NUM__3076__ProjLinearUnitsGeoKey">9001</MDI>
    <MDI key="GEOTIFF_CHAR__ProjLinearUnitsGeoKey">Linear_Meter</MDI>
    <MDI key="GEOTIFF_NUM__3078__ProjStdParallel1GeoKey">-79.500000,36.000000,0.000000,0.000000,37.000000,39.500000</MDI>
    <MDI key="GEOTIFF_NUM__3079__ProjStdParallel2GeoKey">-79.500000,36.000000,0.000000,0.000000,37.000000,39.500000</MDI>
    <MDI key="GEOTIFF_NUM__3080__ProjNatOriginLongGeoKey">-79.500000,36.000000,0.000000,0.000000,37.000000,39.500000</MDI>
    <MDI key="GEOTIFF_NUM__3081__ProjNatOriginLatGeoKey">-79.500000,36.000000,0.000000,0.000000,37.000000,39.500000</MDI>
    <MDI key="GEOTIFF_NUM__3082__ProjFalseEastingGeoKey">-79.500000,36.000000,0.000000,0.000000,37.000000,39.500000</MDI>
    <MDI key="GEOTIFF_NUM__3083__ProjFalseNorthingGeoKey">-79.500000,36.000000,0.000000,0.000000,37.000000,39.500000</MDI>
    <MDI key="IMAGE__Z_RESOLUTION">0.000000</MDI>
    <MDI key="GEO__ModelTypeGeoKey">1</MDI>
    <MDI key="GEO__ProjectedCSTypeGeoKey">32767</MDI>
    <MDI key="GEO__PCSCitationGeoKey">Lambert Conformal Conic; North American 1983; GRS80|</MDI>
    <MDI key="IMAGE__Z_ORIGIN">0.000000</MDI>
    <MDI key="IMAGE__COMPRESSION_VERSION">1,6,1</MDI>
    <MDI key="IMAGE__TARGET_COMPRESSION_RATIO">29.999962</MDI>
    <MDI key="IMAGE__COMPRESSION_NLEV">7</MDI>
    <MDI key="IMAGE__COMPRESSION_WEIGHT">4.000000</MDI>
    <MDI key="IMAGE__COMPRESSION_GAMMA">2.000000</MDI>
    <MDI key="IMAGE__COMPRESSION_BLOCK_SIZE">512</MDI>
    <MDI key="IMAGE__CREATION_DATE">Thu Nov 27 00:01:05 2003
</MDI>
    <MDI key="IMAGE__WIDTH">5000</MDI>
    <MDI key="IMAGE__HEIGHT">5000</MDI>
    <MDI key="IMAGE__COLOR_SCHEME">0</MDI>
    <MDI key="IMAGE__DATA_TYPE">0</MDI>
    <MDI key="IMAGE__XY_ORIGIN">200000.500000,69999.500000</MDI>
    <MDI key="IMAGE__X_RESOLUTION">1.000000</MDI>
    <MDI key="IMAGE__Y_RESOLUTION">1.000000</MDI>
  </Metadata>
  <Metadata domain="xml:ESRI" format="xml">
    <GeodataXform xsi:type="typens:IdentityXform" xmlns:xsi="http://www.w3.org/2001/XMLSchema-instance" xmlns:xs="http://www.w3.org/2001/XMLSchema" xmlns:typens="http://www.esri.com/schemas/ArcGIS/9.2">
      <SpatialReference xsi:type="typens:ProjectedCoordinateSystem">
        <WKT>PROJCS[&quot;VA_Lambert_Conformal_Conic&quot;,GEOGCS[&quot;GCS_North_American_1983&quot;,DATUM[&quot;D_North_American_1983&quot;,SPHEROID[&quot;GRS_1980&quot;,6378137.0,298.257222101]],PRIMEM[&quot;Greenwich&quot;,0.0],UNIT[&quot;Degree&quot;,0.0174532925199433]],PROJECTION[&quot;Lambert_Conformal_Conic&quot;],PARAMETER[&quot;False_Easting&quot;,0.0],PARAMETER[&quot;False_Northing&quot;,0.0],PARAMETER[&quot;Central_Meridian&quot;,-79.5],PARAMETER[&quot;Standard_Parallel_1&quot;,37.0],PARAMETER[&quot;Standard_Parallel_2&quot;,39.5],PARAMETER[&quot;Latitude_Of_Origin&quot;,36.0],UNIT[&quot;Meter&quot;,1.0]]</WKT>
        <XOrigin>-37232800</XOrigin>
        <YOrigin>-28884600</YOrigin>
        <XYScale>120957855.100086</XYScale>
        <XYTolerance>0.001</XYTolerance>
        <HighPrecision>true</HighPrecision>
      </SpatialReference>
    </GeodataXform>
  </Metadata>
  <PAMRasterBand band="1">
    <Metadata>
      <MDI key="LAYER_TYPE">athematic</MDI>
    </Metadata>
  </PAMRasterBand>
  <PAMRasterBand band="2">
    <Metadata>
      <MDI key="LAYER_TYPE">athematic</MDI>
    </Metadata>
  </PAMRasterBand>
  <PAMRasterBand band="3">
    <Metadata>
      <MDI key="LAYER_TYPE">athematic</MDI>
    </Metadata>
  </PAMRasterBand>
</PAMDataset>
