<metadata xml:lang="en"><Esri><CreaDate>20130625</CreaDate><CreaTime>16321600</CreaTime><ArcGISFormat>1.0</ArcGISFormat><ArcGISstyle>FGDC CSDGM Metadata</ArcGISstyle><SyncOnce>FALSE</SyncOnce><DataProperties><itemProps><itemName Sync="TRUE">tnc</itemName><nativeExtBox><westBL Sync="TRUE">-83.304238</westBL><eastBL Sync="TRUE">-75.540905</eastBL><southBL Sync="TRUE">36.562621</southBL><northBL Sync="TRUE">39.177625</northBL><exTypeCode Sync="TRUE">1</exTypeCode></nativeExtBox><itemSize Sync="TRUE">1.423</itemSize><itemLocation><linkage Sync="TRUE">file://\\coveneg20-nas01\shared\DIVWRK\DNH\DNHGIS\Public_Lands\weblands\2013-09-23\tnc.shp</linkage><protocol Sync="TRUE">Local Area Network</protocol></itemLocation><imsContentType Sync="TRUE">002</imsContentType></itemProps><coordRef><type Sync="TRUE">Geographic</type><geogcsn Sync="TRUE">GCS_North_American_1983</geogcsn><csUnits Sync="TRUE">Angular Unit: Degree (0.017453)</csUnits><peXml Sync="TRUE">&lt;GeographicCoordinateSystem xsi:type='typens:GeographicCoordinateSystem' xmlns:xsi='http://www.w3.org/2001/XMLSchema-instance' xmlns:xs='http://www.w3.org/2001/XMLSchema' xmlns:typens='http://www.esri.com/schemas/ArcGIS/10.1'&gt;&lt;WKT&gt;GEOGCS[&amp;quot;GCS_North_American_1983&amp;quot;,DATUM[&amp;quot;D_North_American_1983&amp;quot;,SPHEROID[&amp;quot;GRS_1980&amp;quot;,6378137.0,298.257222101]],PRIMEM[&amp;quot;Greenwich&amp;quot;,0.0],UNIT[&amp;quot;Degree&amp;quot;,0.0174532925199433],AUTHORITY[&amp;quot;EPSG&amp;quot;,4269]]&lt;/WKT&gt;&lt;XOrigin&gt;-400&lt;/XOrigin&gt;&lt;YOrigin&gt;-400&lt;/YOrigin&gt;&lt;XYScale&gt;11258999068426.238&lt;/XYScale&gt;&lt;ZOrigin&gt;-100000&lt;/ZOrigin&gt;&lt;ZScale&gt;10000&lt;/ZScale&gt;&lt;MOrigin&gt;-100000&lt;/MOrigin&gt;&lt;MScale&gt;10000&lt;/MScale&gt;&lt;XYTolerance&gt;8.9831528411952133e-009&lt;/XYTolerance&gt;&lt;ZTolerance&gt;0.001&lt;/ZTolerance&gt;&lt;MTolerance&gt;0.001&lt;/MTolerance&gt;&lt;HighPrecision&gt;true&lt;/HighPrecision&gt;&lt;LeftLongitude&gt;-180&lt;/LeftLongitude&gt;&lt;WKID&gt;4269&lt;/WKID&gt;&lt;LatestWKID&gt;4269&lt;/LatestWKID&gt;&lt;/GeographicCoordinateSystem&gt;</peXml></coordRef></DataProperties><SyncDate>20130923</SyncDate><SyncTime>17362100</SyncTime><ModDate>20130923</ModDate><ModTime>17362100</ModTime><ArcGISProfile>FGDC</ArcGISProfile></Esri><mdLang><languageCode value="eng"/><countryCode value="US" Sync="TRUE"/></mdLang><mdHrLv><ScopeCd value="005"/></mdHrLv><mdContact><rpIndName>David Boyd</rpIndName><rpOrgName>VA-DCR, Natural Heritage</rpOrgName><rpPosName>Conservation Lands GIS Planner</rpPosName><role><RoleCd value="007"/></role></mdContact><mdDateSt Sync="TRUE">20130923</mdDateSt><mdStanName>ArcGIS Metadata</mdStanName><mdStanVer>1.0</mdStanVer><dataIdInfo><idCitation><resTitle Sync="FALSE">Nature Conservancy Managed Preserves and Lands</resTitle><date><pubDate>20130923T00:00:00</pubDate></date><citRespParty><rpOrgName>David Boyd</rpOrgName><role><RoleCd value="010"/></role></citRespParty><presForm><PresFormCd value="005"/></presForm><presForm><fgdcGeoform>vector digital data</fgdcGeoform></presForm><otherCitDet>The Conservation Lands Database is constantly being edited and updated. Data is released to the public quarterly and posted to the download section of the website.</otherCitDet></idCitation><idAbs>&lt;DIV STYLE="text-align:Left;"&gt;&lt;DIV&gt;&lt;DIV&gt;&lt;P&gt;&lt;SPAN&gt;This dataset contains the boundaries for lands of conservation and recreational interest in Virginia. The Conservation Lands Database is constantly being edited and updated. Data is released to the public quarterly and posted to the download section of the website: http://www.dcr.virginia.gov/natural_heritage/cldownload.shtmlConservation Easement boundaries must be requested directly via email: david.boyd@dcr.virginia.gov&lt;/SPAN&gt;&lt;/P&gt;&lt;/DIV&gt;&lt;/DIV&gt;&lt;/DIV&gt;</idAbs><idPurp>Statewide GIS coverage of Conservation Lands in Virginia to serve as a land conservation planning tool.</idPurp><idCredit>VA-DCR, Natural Heritage</idCredit><idPoC><rpIndName>Davisd Boyd</rpIndName><rpOrgName>VA-DCR, Natural Heritage</rpOrgName><rpPosName>Conservation Lands GIS Planner</rpPosName><role><RoleCd value="007"/></role></idPoC><themeKeys><thesaName><resTitle>ISO 19115 Topic Categories</resTitle></thesaName><keyword>environment</keyword><keyword>biota</keyword><keyword>boundaries</keyword><keyword>planningCadastre</keyword></themeKeys><themeKeys><keyword>environment</keyword><keyword>boundaries</keyword><keyword>biota</keyword><keyword>planning</keyword></themeKeys><searchKeys><keyword>environment</keyword><keyword>boundaries</keyword><keyword>planning</keyword><keyword>biota</keyword></searchKeys><resConst><Consts><useLimit>&lt;DIV STYLE="text-align:Left;"&gt;&lt;DIV&gt;&lt;DIV&gt;&lt;P&gt;&lt;SPAN&gt;The re-distribution of this dataset for profit is prohidited.&lt;/SPAN&gt;&lt;/P&gt;&lt;/DIV&gt;&lt;/DIV&gt;&lt;/DIV&gt;</useLimit></Consts></resConst><spatRpType><SpatRepTypCd value="001"/></spatRpType><dataLang><languageCode value="eng"/><countryCode value="US" Sync="TRUE"/></dataLang><envirDesc Sync="TRUE">Microsoft Windows XP Version 5.1 (Build 2600) Service Pack 3; Esri ArcGIS 10.1.1.3143</envirDesc><dataExt><geoEle><GeoBndBox esriExtentType="search"><westBL>-83.675418</westBL><eastBL>-75.228964</eastBL><southBL>36.541001</southBL><northBL>39.324936</northBL></GeoBndBox></geoEle></dataExt><dataExt><geoEle><GeoBndBox esriExtentType="search"><exTypeCode Sync="TRUE">1</exTypeCode><westBL Sync="TRUE">-83.304238</westBL><eastBL Sync="TRUE">-75.540905</eastBL><northBL Sync="TRUE">39.177625</northBL><southBL Sync="TRUE">36.562621</southBL></GeoBndBox></geoEle></dataExt><tpCat><TopicCatCd value="002"/></tpCat><tpCat><TopicCatCd value="007"/></tpCat><tpCat><TopicCatCd value="015"/></tpCat><tpCat><TopicCatCd value="003"/></tpCat></dataIdInfo><spatRepInfo><VectSpatRep><geometObjs Name="tnc"><geoObjTyp><GeoObjTypCd value="002" Sync="TRUE"></GeoObjTypCd></geoObjTyp><geoObjCnt Sync="TRUE">238</geoObjCnt></geometObjs><topLvl><TopoLevCd value="001" Sync="TRUE"></TopoLevCd></topLvl></VectSpatRep></spatRepInfo><eainfo><detailed Name="tnc"><enttyp><enttypl Sync="TRUE">tnc</enttypl><enttypt Sync="TRUE">Feature Class</enttypt><enttypc Sync="TRUE">238</enttypc></enttyp><attr><attrlabl>MANAME</attrlabl><attrdef>Managed Area Name - conservation land name</attrdef><attrdefs>VA-DCR - Division of Natural Heritage</attrdefs><attalias Sync="TRUE">MANAME</attalias><attrtype Sync="TRUE">String</attrtype><attwidth Sync="TRUE">47</attwidth><atprecis Sync="TRUE">0</atprecis><attscale Sync="TRUE">0</attscale></attr><attr><attrlabl>MAAGENCY</attrlabl><attrdef>Land management entity responsible for managing the conservation values of the land</attrdef><attrdefs>VA-DCR - Division of Natural Heritage</attrdefs><attalias Sync="TRUE">MAAGENCY</attalias><attrtype Sync="TRUE">String</attrtype><attwidth Sync="TRUE">40</attwidth><atprecis Sync="TRUE">0</atprecis><attscale Sync="TRUE">0</attscale></attr><attr><attrlabl>LANDLINK</attrlabl><attrdef>Web link to more information about a conservation land or land management organization</attrdef><attrdefs>VA-DCR - Division of Natural Heritage</attrdefs><attalias Sync="TRUE">LANDLINK</attalias><attrtype Sync="TRUE">String</attrtype><attwidth Sync="TRUE">94</attwidth><atprecis Sync="TRUE">0</atprecis><attscale Sync="TRUE">0</attscale></attr><attr><attrlabl>BNDACCURAC</attrlabl><attrdef>Description of boundary accuracy</attrdef><attrdomv><edom><edomv>1:100,000</edomv><edomvd>Created at a scale smaller than 1:100,000</edomvd><edomvds>VA-DCR - Division of Natural Heritage</edomvds></edom><edom><edomv>1:24,000</edomv><edomvd>Created at a scale smaller than 1:24,000</edomvd><edomvds>VA-DCR - Division of Natural Heritage</edomvds></edom><edom><edomv>platbp</edomv><edomvd>Boundary delineated from a georeferenced plat</edomvd><edomvds>VA-DCR - Division of Natural Heritage</edomvds></edom><edom><edomv>digbp</edomv><edomvd>Digitized from a plat and transformed to best possible control points</edomvd><edomvds>VA-DCR - Division of Natural Heritage</edomvds></edom><edom><edomv>cogo</edomv><edomvd>Boundary created using coordinate geometry measurements on a deed or survey</edomvd><edomvds>VA-DCR - Division of Natural Heritage</edomvds></edom><edom><edomv>dwgbp</edomv><edomvd>AutoCAD file georeferenced to best possible points</edomvd><edomvds>VA-DCR - Division of Natural Heritage</edomvds></edom><edom><edomv>cadshp</edomv><edomvd>DXF file converted to a shapeefile</edomvd><edomvds>VA-DCR - Division of Natural Heritage</edomvds></edom><edom><edomv>unknown</edomv><edomvd>Method of boundary delineation unknown</edomvd><edomvds>VA-DCR - Division of Natural Heritage</edomvds></edom><edom><edomv>digvbmp</edomv><edomvd>Boundary delineated using map reference and guided by VBMP imagery</edomvd><edomvds>VA-DCR - Division of Natural Heritage</edomvds></edom><edom><edomv>cadbp</edomv><edomvd>AutoCAD file georeferenced to GPS control points</edomvd><edomvds>VA-DCR - Division of Natural Heritage</edomvds></edom><edom><edomv>digquad</edomv><edomvd>Digitized from a USGS delineated boundary on a Digital Raster Graphic</edomvd><edomvds>VA-DCR - Division of Natural Heritage</edomvds></edom><edom><edomv>scrdig</edomv><edomvd>Head up digitized against DRG or VBMP imagery using a non-georeferenced mapping source</edomvd><edomvds>VA-DCR - Division of Natural Heritage</edomvds></edom><edom><edomv>1:12,000</edomv><edomvd>Created at a scale smaller than 1:12,000</edomvd><edomvds>VA-DCR - Division of Natural Heritage</edomvds></edom><edom><edomv>survq</edomv><edomvd>Boundary extracted directly from survey data</edomvd><edomvds>VA-DCR - Division of Natural Heritage</edomvds></edom><edom><edomv>parcelq</edomv><edomvd>Boundary derived from jurisdictional parcel data</edomvd><edomvds>VA-DCR - Division of Natural Heritage</edomvds></edom><edom><edomv>deed</edomv><edomvd>Boundary delineated using description in a deed</edomvd><edomvds>VA-DCR - Division of Natural Heritage</edomvds></edom><edom><edomv>diggps</edomv><edomvd>Boundary generated from varied sources and georeferenced to GPS control points</edomvd><edomvds>VA-DCR - Division of Natural Heritage</edomvds></edom></attrdomv><attalias Sync="TRUE">BNDACCURAC</attalias><attrtype Sync="TRUE">String</attrtype><attwidth Sync="TRUE">19</attwidth><atprecis Sync="TRUE">0</atprecis><attscale Sync="TRUE">0</attscale></attr><attr><attrlabl>Shape</attrlabl><attrdef>Feature geometry.</attrdef><attrdefs>ESRI</attrdefs><attrdomv><udom>Coordinates defining the features.</udom></attrdomv><attalias Sync="TRUE">Shape</attalias><attrtype Sync="TRUE">Geometry</attrtype><attwidth Sync="TRUE">0</attwidth><atprecis Sync="TRUE">0</atprecis><attscale Sync="TRUE">0</attscale></attr><attr><attrlabl>PUBACCESS</attrlabl><attrdef>Public access to the property as reported or assumed by VA-DCR</attrdef><attrdefs>VA-DCR - Division of Natural Heritage</attrdefs><attalias Sync="TRUE">PUBACCESS</attalias><attrtype Sync="TRUE">String</attrtype><attwidth Sync="TRUE">35</attwidth><atprecis Sync="TRUE">0</atprecis><attscale Sync="TRUE">0</attscale></attr><attr><attrlabl>MALEVEL</attrlabl><attrdef>Management agency level for the conservation land</attrdef><attrdefs>VA-DCR - Division of Natural Heritage</attrdefs><attrdomv><edom><edomv>Federal</edomv><edomvd>Federal agency or entity manages the conservation land</edomvd><edomvds>VA-DCR - Division of Natural Heritage</edomvds></edom><edom><edomv>State</edomv><edomvd>State agency or entity manages the conservation land</edomvd><edomvds>VA-DCR - Division of Natural Heritage</edomvds></edom><edom><edomv>VOF</edomv><edomvd>Virginia Outdoors Foundation manages or hold an easement over the conservation land</edomvd><edomvds>VA-DCR - Division of Natural Heritage</edomvds></edom><edom><edomv>Local</edomv><edomvd>Local or regional entity manages the conservation land</edomvd><edomvds>VA-DCR - Division of Natural Heritage</edomvds></edom><edom><edomv>Private</edomv><edomvd>Private entity manages the conservation land</edomvd><edomvds>VA-DCR - Division of Natural Heritage</edomvds></edom></attrdomv><attalias Sync="TRUE">MALEVEL</attalias><attrtype Sync="TRUE">String</attrtype><attwidth Sync="TRUE">9</attwidth><atprecis Sync="TRUE">0</atprecis><attscale Sync="TRUE">0</attscale></attr><attr><attrlabl>BNDORIGIN</attrlabl><attrdef>Origin of the GIS bloundary</attrdef><attrdefs>VA-DCR - Division of Natural Heritage</attrdefs><attalias Sync="TRUE">BNDORIGIN</attalias><attrtype Sync="TRUE">String</attrtype><attwidth Sync="TRUE">35</attwidth><atprecis Sync="TRUE">0</atprecis><attscale Sync="TRUE">0</attscale></attr><attr><attrlabl>GISACRE</attrlabl><attrdef>GIS acreage calculated in the VA Lambert projection</attrdef><attrdefs>VA-DCR - Division of Natural Heritage</attrdefs><attalias Sync="TRUE">GISACRE</attalias><attrtype Sync="TRUE">Double</attrtype><attwidth Sync="TRUE">19</attwidth><atprecis Sync="TRUE">18</atprecis><attscale Sync="TRUE">2</attscale></attr><attr><attrlabl>OWNER</attrlabl><attrdef>Property owner</attrdef><attrdefs>VA-DCR - Division of Natural Heritage</attrdefs><attalias Sync="TRUE">OWNER</attalias><attrtype Sync="TRUE">String</attrtype><attwidth Sync="TRUE">42</attwidth><atprecis Sync="TRUE">0</atprecis><attscale Sync="TRUE">0</attscale></attr><attr><attrlabl>TOTALACRE</attrlabl><attrdef>Documented acreage for the complete conservatiion land unit, including all tracts or polygons</attrdef><attrdefs>VA-DCR - Division of Natural Heritage</attrdefs><attalias Sync="TRUE">TOTALACRE</attalias><attrtype Sync="TRUE">Double</attrtype><attwidth Sync="TRUE">19</attwidth><atprecis Sync="TRUE">18</atprecis><attscale Sync="TRUE">2</attscale></attr><attr><attrlabl>MATYPE</attrlabl><attrdef>Managed Area Type - category of land</attrdef><attrdefs>VA-DCR - Division of Natural Heritage</attrdefs><attalias Sync="TRUE">MATYPE</attalias><attrtype Sync="TRUE">String</attrtype><attwidth Sync="TRUE">32</attwidth><atprecis Sync="TRUE">0</atprecis><attscale Sync="TRUE">0</attscale></attr><attr><attrlabl>LABEL</attrlabl><attrdef>The official name for the complete conservation land. Used in cartography.</attrdef><attrdefs>VA-DCR - Division of Natural Heritage</attrdefs><attalias Sync="TRUE">LABEL</attalias><attrtype Sync="TRUE">String</attrtype><attwidth Sync="TRUE">60</attwidth><atprecis Sync="TRUE">0</atprecis><attscale Sync="TRUE">0</attscale></attr><attr><attrlabl>FID</attrlabl><attrdef>Internal feature number.</attrdef><attrdefs>ESRI</attrdefs><attrdomv><udom>Sequential unique whole numbers that are automatically generated.</udom></attrdomv><attalias Sync="TRUE">FID</attalias><attrtype Sync="TRUE">OID</attrtype><attwidth Sync="TRUE">4</attwidth><atprecis Sync="TRUE">0</atprecis><attscale Sync="TRUE">0</attscale></attr><attr><attrlabl>TRACTACRE</attrlabl><attrdef>Documented acreage for a conservation land tract or polygon. If not available, gisacre is used</attrdef><attrdefs>VA-DCR - Division of Natural Heritage</attrdefs><attalias Sync="TRUE">TRACTACRE</attalias><attrtype Sync="TRUE">Double</attrtype><attwidth Sync="TRUE">19</attwidth><atprecis Sync="TRUE">18</atprecis><attscale Sync="TRUE">2</attscale></attr></detailed></eainfo><distInfo><distFormat><formatName Sync="TRUE">Shapefile</formatName></distFormat><distTranOps><transSize Sync="TRUE">1.423</transSize></distTranOps></distInfo><mdHrLvName Sync="TRUE">dataset</mdHrLvName><refSysInfo><RefSystem><refSysID><identCode code="4269" Sync="TRUE" value="4269"/><idCodeSpace Sync="TRUE">EPSG</idCodeSpace><idVersion Sync="TRUE">7.11.2</idVersion></refSysID></RefSystem></refSysInfo><spdoinfo><ptvctinf><esriterm Name="tnc"><efeatyp Sync="TRUE">Simple</efeatyp><efeageom code="4" Sync="TRUE"></efeageom><esritopo Sync="TRUE">FALSE</esritopo><efeacnt Sync="TRUE">238</efeacnt><spindex Sync="TRUE">FALSE</spindex><linrefer Sync="TRUE">FALSE</linrefer></esriterm></ptvctinf></spdoinfo></metadata>
