{
"type": "FeatureCollection",
"features": [
{ "type": "Feature", "properties": { "GaugeLID": "AHLV2", "Stage": "", "Location": "Ashland", "Latitude": 37.796667, "Longitude": -77.549167, "Waterbody": "South Anna River", "State": "VA", "Forecast": -999.000000, "FcstTime": "N\/A", "FcstIssunc": "N\/A", "Units": "ft", "Action": 0.000000, "Flood": 12.000000, "Moderate": 0.000000, "Major": 0.000000, "WFO": "akq", "HDatum": "NAD83\/WGS84", "URL": "http:\/\/water.weather.gov\/ahps2\/hydrograph.php?wfo=akq&gage=ahlv2" }, "geometry": { "type": "Point", "coordinates": [ -77.549167, 37.796667 ] } }
,
{ "type": "Feature", "properties": { "GaugeLID": "AHSN7", "Stage": "", "Location": "Ahoskie", "Latitude": 36.280278, "Longitude": -76.999444, "Waterbody": "Ahoskie Creek", "State": "NC", "Forecast": -999.000000, "FcstTime": "N\/A", "FcstIssunc": "N\/A", "Units": "ft", "Action": 0.000000, "Flood": 0.000000, "Moderate": 0.000000, "Major": 0.000000, "WFO": "akq", "HDatum": "NAD83\/WGS84", "URL": "http:\/\/water.weather.gov\/ahps2\/hydrograph.php?wfo=akq&gage=ahsn7" }, "geometry": { "type": "Point", "coordinates": [ -76.999444, 36.280278 ] } }
,
{ "type": "Feature", "properties": { "GaugeLID": "ALKV2", "Stage": "", "Location": "BOYDTON-ALLEN CREEK", "Latitude": 36.679444, "Longitude": -78.326944, "Waterbody": "Allen Creek", "State": "VA", "Forecast": -999.000000, "FcstTime": "N\/A", "FcstIssunc": "N\/A", "Units": "ft", "Action": 0.000000, "Flood": 15.000000, "Moderate": 0.000000, "Major": 0.000000, "WFO": "akq", "HDatum": "NAD27", "URL": "http:\/\/water.weather.gov\/ahps2\/hydrograph.php?wfo=akq&gage=alkv2" }, "geometry": { "type": "Point", "coordinates": [ -78.326944, 36.679444 ] } }
,
{ "type": "Feature", "properties": { "GaugeLID": "BDCM2", "Stage": "", "Location": "Salisbury", "Latitude": 38.353056, "Longitude": -75.572500, "Waterbody": "Beaverdam Creek", "State": "MD", "Forecast": -999.000000, "FcstTime": "N\/A", "FcstIssunc": "N\/A", "Units": "ft", "Action": 0.000000, "Flood": 0.000000, "Moderate": 0.000000, "Major": 0.000000, "WFO": "akq", "HDatum": "NAD83\/WGS84", "URL": "http:\/\/water.weather.gov\/ahps2\/hydrograph.php?wfo=akq&gage=bdcm2" }, "geometry": { "type": "Point", "coordinates": [ -75.572500, 38.353056 ] } }
,
{ "type": "Feature", "properties": { "GaugeLID": "BFCV2", "Stage": "", "Location": "HAMPDEN SYDNEY", "Latitude": 37.256944, "Longitude": -78.486667, "Waterbody": "Buffalo Creek (VA)", "State": "VA", "Forecast": -999.000000, "FcstTime": "N\/A", "FcstIssunc": "N\/A", "Units": "ft", "Action": 0.000000, "Flood": 0.000000, "Moderate": 0.000000, "Major": 0.000000, "WFO": "akq", "HDatum": "NAD27", "URL": "http:\/\/water.weather.gov\/ahps2\/hydrograph.php?wfo=akq&gage=bfcv2" }, "geometry": { "type": "Point", "coordinates": [ -78.486667, 37.256944 ] } }
,
{ "type": "Feature", "properties": { "GaugeLID": "BISM2", "Stage": "no_flooding", "Location": "BISHOPS HEAD", "Latitude": 38.220000, "Longitude": -76.038056, "Waterbody": "Chesapeake Bay", "State": "MD", "Forecast": 2.200000, "FcstTime": "2014-01-05 09:00:00", "FcstIssunc": "2014-01-03 09:39:09", "Units": "ft", "Action": 3.000000, "Flood": 3.200000, "Moderate": 3.700000, "Major": 4.200000, "WFO": "akq", "HDatum": "NAD83\/WGS84", "URL": "http:\/\/water.weather.gov\/ahps2\/hydrograph.php?wfo=akq&gage=bism2" }, "geometry": { "type": "Point", "coordinates": [ -76.038056, 38.220000 ] } }
,
{ "type": "Feature", "properties": { "GaugeLID": "BLHV2", "Stage": "", "Location": "Beulahville", "Latitude": 37.883889, "Longitude": -77.165278, "Waterbody": "Mattaponi River", "State": "VA", "Forecast": -999.000000, "FcstTime": "N\/A", "FcstIssunc": "N\/A", "Units": "ft", "Action": 0.000000, "Flood": 14.000000, "Moderate": 0.000000, "Major": 0.000000, "WFO": "akq", "HDatum": "NAD83\/WGS84", "URL": "http:\/\/water.weather.gov\/ahps2\/hydrograph.php?wfo=akq&gage=blhv2" }, "geometry": { "type": "Point", "coordinates": [ -77.165278, 37.883889 ] } }
,
{ "type": "Feature", "properties": { "GaugeLID": "BRTV2", "Stage": "", "Location": "BRYANTS CORNER", "Latitude": 36.570000, "Longitude": -77.361389, "Waterbody": "Meherrin River", "State": "VA", "Forecast": -999.000000, "FcstTime": "N\/A", "FcstIssunc": "N\/A", "Units": "ft", "Action": 0.000000, "Flood": 0.000000, "Moderate": 0.000000, "Major": 0.000000, "WFO": "akq", "HDatum": "NAD83\/WGS84", "URL": "http:\/\/water.weather.gov\/ahps2\/hydrograph.php?wfo=akq&gage=brtv2" }, "geometry": { "type": "Point", "coordinates": [ -77.361389, 36.570000 ] } }
,
{ "type": "Feature", "properties": { "GaugeLID": "BUGV2", "Stage": "", "Location": "BUGGS ISLAND", "Latitude": 36.601667, "Longitude": -78.298889, "Waterbody": "Roanoke River", "State": "VA", "Forecast": -999.000000, "FcstTime": "N\/A", "FcstIssunc": "N\/A", "Units": "ft", "Action": 0.000000, "Flood": 0.000000, "Moderate": 0.000000, "Major": 0.000000, "WFO": "akq", "HDatum": "NAD27", "URL": "http:\/\/water.weather.gov\/ahps2\/hydrograph.php?wfo=akq&gage=bugv2" }, "geometry": { "type": "Point", "coordinates": [ -78.298889, 36.601667 ] } }
,
{ "type": "Feature", "properties": { "GaugeLID": "BWLV2", "Stage": "", "Location": "Bowling Green", "Latitude": 38.061667, "Longitude": -77.386111, "Waterbody": "Mattaponi River", "State": "VA", "Forecast": -999.000000, "FcstTime": "N\/A", "FcstIssunc": "N\/A", "Units": "ft", "Action": 0.000000, "Flood": 11.000000, "Moderate": 0.000000, "Major": 0.000000, "WFO": "akq", "HDatum": "NAD27", "URL": "http:\/\/water.weather.gov\/ahps2\/hydrograph.php?wfo=akq&gage=bwlv2" }, "geometry": { "type": "Point", "coordinates": [ -77.386111, 38.061667 ] } }
,
{ "type": "Feature", "properties": { "GaugeLID": "CACV2", "Stage": "", "Location": "CHESAPEAKE AND ABLEMARLE CANAL", "Latitude": 36.717778, "Longitude": -76.100556, "Waterbody": "North Landing River", "State": "VA", "Forecast": -999.000000, "FcstTime": "N\/A", "FcstIssunc": "N\/A", "Units": "ft", "Action": 0.000000, "Flood": 0.000000, "Moderate": 0.000000, "Major": 0.000000, "WFO": "akq", "HDatum": "NAD83\/WGS84", "URL": "http:\/\/water.weather.gov\/ahps2\/hydrograph.php?wfo=akq&gage=cacv2" }, "geometry": { "type": "Point", "coordinates": [ -76.100556, 36.717778 ] } }
,
{ "type": "Feature", "properties": { "GaugeLID": "CAMM2", "Stage": "no_flooding", "Location": "Cambridge", "Latitude": 38.573333, "Longitude": -76.068333, "Waterbody": "Chesapeake Bay", "State": "MD", "Forecast": 2.300000, "FcstTime": "2014-01-05 00:00:00", "FcstIssunc": "2014-01-03 09:39:10", "Units": "ft", "Action": 3.000000, "Flood": 3.500000, "Moderate": 4.000000, "Major": 4.500000, "WFO": "akq", "HDatum": "NAD83\/WGS84", "URL": "http:\/\/water.weather.gov\/ahps2\/hydrograph.php?wfo=akq&gage=camm2" }, "geometry": { "type": "Point", "coordinates": [ -76.068333, 38.573333 ] } }
,
{ "type": "Feature", "properties": { "GaugeLID": "CARV2", "Stage": "no_flooding", "Location": "Cartersville", "Latitude": 37.670833, "Longitude": -78.086111, "Waterbody": "James River", "State": "VA", "Forecast": 8.000000, "FcstTime": "2014-01-02 18:00:00", "FcstIssunc": "2014-01-02 14:39:14", "Units": "ft", "Action": 15.000000, "Flood": 20.000000, "Moderate": 23.000000, "Major": 26.400000, "WFO": "akq", "HDatum": "NAD27", "URL": "http:\/\/water.weather.gov\/ahps2\/hydrograph.php?wfo=akq&gage=carv2" }, "geometry": { "type": "Point", "coordinates": [ -78.086111, 37.670833 ] } }
,
{ "type": "Feature", "properties": { "GaugeLID": "CBBV2", "Stage": "no_flooding", "Location": "Chesapeake Bay Bridge Tunnel", "Latitude": 36.966944, "Longitude": -76.120278, "Waterbody": "Chesapeake Bay", "State": "VA", "Forecast": 3.400000, "FcstTime": "2014-01-04 15:00:00", "FcstIssunc": "2014-01-03 09:39:11", "Units": "ft", "Action": 4.500000, "Flood": 5.000000, "Moderate": 5.500000, "Major": 6.000000, "WFO": "akq", "HDatum": "NAD83\/WGS84", "URL": "http:\/\/water.weather.gov\/ahps2\/hydrograph.php?wfo=akq&gage=cbbv2" }, "geometry": { "type": "Point", "coordinates": [ -76.120278, 36.966944 ] } }
,
{ "type": "Feature", "properties": { "GaugeLID": "CKHV2", "Stage": "", "Location": "Providence Forge", "Latitude": 37.436111, "Longitude": -77.061111, "Waterbody": "Chickahominy River", "State": "VA", "Forecast": -999.000000, "FcstTime": "N\/A", "FcstIssunc": "N\/A", "Units": "ft", "Action": 0.000000, "Flood": 10.000000, "Moderate": 0.000000, "Major": 0.000000, "WFO": "akq", "HDatum": "NAD27", "URL": "http:\/\/water.weather.gov\/ahps2\/hydrograph.php?wfo=akq&gage=ckhv2" }, "geometry": { "type": "Point", "coordinates": [ -77.061111, 37.436111 ] } }
,
{ "type": "Feature", "properties": { "GaugeLID": "CMCM2", "Stage": "", "Location": "Salem", "Latitude": 38.511667, "Longitude": -75.880000, "Waterbody": "Chicamacomico River", "State": "MD", "Forecast": -999.000000, "FcstTime": "N\/A", "FcstIssunc": "N\/A", "Units": "ft", "Action": 0.000000, "Flood": 0.000000, "Moderate": 0.000000, "Major": 0.000000, "WFO": "akq", "HDatum": "NAD83\/WGS84", "URL": "http:\/\/water.weather.gov\/ahps2\/hydrograph.php?wfo=akq&gage=cmcm2" }, "geometry": { "type": "Point", "coordinates": [ -75.880000, 38.511667 ] } }
,
{ "type": "Feature", "properties": { "GaugeLID": "DECV2", "Stage": "", "Location": "MANNBORO", "Latitude": 37.283056, "Longitude": -77.870000, "Waterbody": "Deep Creek", "State": "VA", "Forecast": -999.000000, "FcstTime": "N\/A", "FcstIssunc": "N\/A", "Units": "ft", "Action": 0.000000, "Flood": 0.000000, "Moderate": 0.000000, "Major": 0.000000, "WFO": "akq", "HDatum": "NAD27", "URL": "http:\/\/water.weather.gov\/ahps2\/hydrograph.php?wfo=akq&gage=decv2" }, "geometry": { "type": "Point", "coordinates": [ -77.870000, 37.283056 ] } }
,
{ "type": "Feature", "properties": { "GaugeLID": "DGSV2", "Stage": "", "Location": "MASCOT", "Latitude": 37.633611, "Longitude": -76.696667, "Waterbody": "Dragon Swamp", "State": "VA", "Forecast": -999.000000, "FcstTime": "N\/A", "FcstIssunc": "N\/A", "Units": "ft", "Action": 0.000000, "Flood": 0.000000, "Moderate": 0.000000, "Major": 0.000000, "WFO": "akq", "HDatum": "NAD27", "URL": "http:\/\/water.weather.gov\/ahps2\/hydrograph.php?wfo=akq&gage=dgsv2" }, "geometry": { "type": "Point", "coordinates": [ -76.696667, 37.633611 ] } }
,
{ "type": "Feature", "properties": { "GaugeLID": "DNDV2", "Stage": "", "Location": "Dendron", "Latitude": 37.025000, "Longitude": -76.875000, "Waterbody": "Blackwater River", "State": "VA", "Forecast": -999.000000, "FcstTime": "N\/A", "FcstIssunc": "N\/A", "Units": "ft", "Action": 35.300000, "Flood": 36.300000, "Moderate": 0.000000, "Major": 0.000000, "WFO": "akq", "HDatum": "NAD27", "URL": "http:\/\/water.weather.gov\/ahps2\/hydrograph.php?wfo=akq&gage=dndv2" }, "geometry": { "type": "Point", "coordinates": [ -76.875000, 37.025000 ] } }
,
{ "type": "Feature", "properties": { "GaugeLID": "DOSV2", "Stage": "", "Location": "Doswell", "Latitude": 37.825556, "Longitude": -77.426389, "Waterbody": "North Anna River", "State": "VA", "Forecast": -999.000000, "FcstTime": "N\/A", "FcstIssunc": "N\/A", "Units": "ft", "Action": 0.000000, "Flood": 0.000000, "Moderate": 0.000000, "Major": 0.000000, "WFO": "akq", "HDatum": "NAD27", "URL": "http:\/\/water.weather.gov\/ahps2\/hydrograph.php?wfo=akq&gage=dosv2" }, "geometry": { "type": "Point", "coordinates": [ -77.426389, 37.825556 ] } }
,
{ "type": "Feature", "properties": { "GaugeLID": "EMWN7", "Stage": "", "Location": "Mariners Wharf Park at Elizabeth City", "Latitude": 36.298611, "Longitude": -76.218611, "Waterbody": "Pasquotank River", "State": "NC", "Forecast": -999.000000, "FcstTime": "N\/A", "FcstIssunc": "N\/A", "Units": "ft", "Action": 0.000000, "Flood": 0.000000, "Moderate": 0.000000, "Major": 0.000000, "WFO": "akq", "HDatum": "NAD83\/WGS84", "URL": "http:\/\/water.weather.gov\/ahps2\/hydrograph.php?wfo=akq&gage=emwn7" }, "geometry": { "type": "Point", "coordinates": [ -76.218611, 36.298611 ] } }
,
{ "type": "Feature", "properties": { "GaugeLID": "EPOV2", "Stage": "no_flooding", "Location": "Emporia", "Latitude": 36.690000, "Longitude": -77.540833, "Waterbody": "Meherrin River", "State": "VA", "Forecast": 7.700000, "FcstTime": "2014-01-05 00:00:00", "FcstIssunc": "2014-01-02 12:39:18", "Units": "ft", "Action": 13.000000, "Flood": 23.000000, "Moderate": 25.000000, "Major": 27.000000, "WFO": "akq", "HDatum": "NAD27", "URL": "http:\/\/water.weather.gov\/ahps2\/hydrograph.php?wfo=akq&gage=epov2" }, "geometry": { "type": "Point", "coordinates": [ -77.540833, 36.690000 ] } }
,
{ "type": "Feature", "properties": { "GaugeLID": "EWPN7", "Stage": "", "Location": "Waterfront Park at Edenton", "Latitude": 36.056389, "Longitude": -76.610556, "Waterbody": "Chowan River", "State": "NC", "Forecast": -999.000000, "FcstTime": "N\/A", "FcstIssunc": "N\/A", "Units": "ft", "Action": 0.000000, "Flood": 0.000000, "Moderate": 0.000000, "Major": 0.000000, "WFO": "akq", "HDatum": "NAD83\/WGS84", "URL": "http:\/\/water.weather.gov\/ahps2\/hydrograph.php?wfo=akq&gage=ewpn7" }, "geometry": { "type": "Point", "coordinates": [ -76.610556, 36.056389 ] } }
,
{ "type": "Feature", "properties": { "GaugeLID": "FKLV2", "Stage": "", "Location": "FRANKLIN", "Latitude": 36.680278, "Longitude": -76.918611, "Waterbody": "Blackwater River", "State": "VA", "Forecast": -999.000000, "FcstTime": "N\/A", "FcstIssunc": "N\/A", "Units": "ft", "Action": 0.000000, "Flood": 0.000000, "Moderate": 0.000000, "Major": 0.000000, "WFO": "akq", "HDatum": "NAD27", "URL": "http:\/\/water.weather.gov\/ahps2\/hydrograph.php?wfo=akq&gage=fklv2" }, "geometry": { "type": "Point", "coordinates": [ -76.918611, 36.680278 ] } }
,
{ "type": "Feature", "properties": { "GaugeLID": "FKNV2", "Stage": "action", "Location": "Franklin", "Latitude": 36.762500, "Longitude": -76.898611, "Waterbody": "Blackwater River", "State": "VA", "Forecast": 8.800000, "FcstTime": "2014-01-03 06:00:00", "FcstIssunc": "2014-01-03 09:39:15", "Units": "ft", "Action": 6.800000, "Flood": 10.800000, "Moderate": 14.800000, "Major": 18.800000, "WFO": "akq", "HDatum": "NAD27", "URL": "http:\/\/water.weather.gov\/ahps2\/hydrograph.php?wfo=akq&gage=fknv2" }, "geometry": { "type": "Point", "coordinates": [ -76.898611, 36.762500 ] } }
,
{ "type": "Feature", "properties": { "GaugeLID": "FNCV2", "Stage": "", "Location": "FINE CREEK MILLS", "Latitude": 37.597778, "Longitude": -77.820000, "Waterbody": "Fine Creek", "State": "VA", "Forecast": -999.000000, "FcstTime": "N\/A", "FcstIssunc": "N\/A", "Units": "ft", "Action": 0.000000, "Flood": 0.000000, "Moderate": 0.000000, "Major": 0.000000, "WFO": "akq", "HDatum": "NAD27", "URL": "http:\/\/water.weather.gov\/ahps2\/hydrograph.php?wfo=akq&gage=fncv2" }, "geometry": { "type": "Point", "coordinates": [ -77.820000, 37.597778 ] } }
,
{ "type": "Feature", "properties": { "GaugeLID": "FRMV2", "Stage": "no_flooding", "Location": "Farmville", "Latitude": 37.306944, "Longitude": -78.388889, "Waterbody": "Appomattox River", "State": "VA", "Forecast": 7.700000, "FcstTime": "2014-01-04 06:00:00", "FcstIssunc": "2014-01-02 14:39:18", "Units": "ft", "Action": 12.000000, "Flood": 16.000000, "Moderate": 20.000000, "Major": 25.000000, "WFO": "akq", "HDatum": "NAD27", "URL": "http:\/\/water.weather.gov\/ahps2\/hydrograph.php?wfo=akq&gage=frmv2" }, "geometry": { "type": "Point", "coordinates": [ -78.388889, 37.306944 ] } }
,
{ "type": "Feature", "properties": { "GaugeLID": "FUVV2", "Stage": "", "Location": "Free Union", "Latitude": 38.140556, "Longitude": -78.556111, "Waterbody": "Moormans River", "State": "VA", "Forecast": -999.000000, "FcstTime": "N\/A", "FcstIssunc": "N\/A", "Units": "ft", "Action": 0.000000, "Flood": 0.000000, "Moderate": 0.000000, "Major": 0.000000, "WFO": "akq", "HDatum": "NAD27", "URL": "http:\/\/water.weather.gov\/ahps2\/hydrograph.php?wfo=akq&gage=fuvv2" }, "geometry": { "type": "Point", "coordinates": [ -78.556111, 38.140556 ] } }
,
{ "type": "Feature", "properties": { "GaugeLID": "HRCV2", "Stage": "", "Location": "HART CORNER NR DOSWELL", "Latitude": 37.850000, "Longitude": -77.428056, "Waterbody": "North Anna River", "State": "VA", "Forecast": -999.000000, "FcstTime": "N\/A", "FcstIssunc": "N\/A", "Units": "ft", "Action": 0.000000, "Flood": 0.000000, "Moderate": 0.000000, "Major": 0.000000, "WFO": "akq", "HDatum": "NAD27", "URL": "http:\/\/water.weather.gov\/ahps2\/hydrograph.php?wfo=akq&gage=hrcv2" }, "geometry": { "type": "Point", "coordinates": [ -77.428056, 37.850000 ] } }
,
{ "type": "Feature", "properties": { "GaugeLID": "HWRV2", "Stage": "", "Location": "BRIERY RUN NR SCOTTSVILLE", "Latitude": 37.812500, "Longitude": -78.455556, "Waterbody": "Hardware River", "State": "VA", "Forecast": -999.000000, "FcstTime": "N\/A", "FcstIssunc": "N\/A", "Units": "ft", "Action": 0.000000, "Flood": 0.000000, "Moderate": 0.000000, "Major": 0.000000, "WFO": "akq", "HDatum": "NAD27", "URL": "http:\/\/water.weather.gov\/ahps2\/hydrograph.php?wfo=akq&gage=hwrv2" }, "geometry": { "type": "Point", "coordinates": [ -78.455556, 37.812500 ] } }
,
{ "type": "Feature", "properties": { "GaugeLID": "JRKV2", "Stage": "", "Location": "KANAWHA CANAL near Richmond", "Latitude": 37.564444, "Longitude": -77.574444, "Waterbody": "James River", "State": "VA", "Forecast": -999.000000, "FcstTime": "N\/A", "FcstIssunc": "N\/A", "Units": "ft", "Action": 0.000000, "Flood": 0.000000, "Moderate": 0.000000, "Major": 0.000000, "WFO": "akq", "HDatum": "NAD27", "URL": "http:\/\/water.weather.gov\/ahps2\/hydrograph.php?wfo=akq&gage=jrkv2" }, "geometry": { "type": "Point", "coordinates": [ -77.574444, 37.564444 ] } }
,
{ "type": "Feature", "properties": { "GaugeLID": "KERV2", "Stage": "", "Location": "John H. Kerr Dam", "Latitude": 36.598333, "Longitude": -78.299167, "Waterbody": "Roanoke River", "State": "VA", "Forecast": -999.000000, "FcstTime": "N\/A", "FcstIssunc": "N\/A", "Units": "ft", "Action": 320.000000, "Flood": 320.000000, "Moderate": 322.000000, "Major": 324.000000, "WFO": "akq", "HDatum": "NAD83\/WGS84", "URL": "http:\/\/water.weather.gov\/ahps2\/hydrograph.php?wfo=akq&gage=kerv2" }, "geometry": { "type": "Point", "coordinates": [ -78.299167, 36.598333 ] } }
,
{ "type": "Feature", "properties": { "GaugeLID": "KPTV2", "Stage": "no_flooding", "Location": "Kiptopeke", "Latitude": 37.166944, "Longitude": -75.988056, "Waterbody": "Chesapeake Bay", "State": "VA", "Forecast": 3.200000, "FcstTime": "2014-01-03 15:00:00", "FcstIssunc": "2014-01-03 09:39:17", "Units": "ft", "Action": 4.000000, "Flood": 4.500000, "Moderate": 5.000000, "Major": 5.500000, "WFO": "akq", "HDatum": "NAD83\/WGS84", "URL": "http:\/\/water.weather.gov\/ahps2\/hydrograph.php?wfo=akq&gage=kptv2" }, "geometry": { "type": "Point", "coordinates": [ -75.988056, 37.166944 ] } }
,
{ "type": "Feature", "properties": { "GaugeLID": "LAWV2", "Stage": "old", "Location": "Lawrenceville", "Latitude": 36.716667, "Longitude": -77.831944, "Waterbody": "Meherrin River", "State": "VA", "Forecast": 7.700000, "FcstTime": "2013-12-31 18:00:00", "FcstIssunc": "2013-12-31 17:39:20", "Units": "ft", "Action": 12.000000, "Flood": 15.000000, "Moderate": 25.000000, "Major": 29.000000, "WFO": "akq", "HDatum": "NAD27", "URL": "http:\/\/water.weather.gov\/ahps2\/hydrograph.php?wfo=akq&gage=lawv2" }, "geometry": { "type": "Point", "coordinates": [ -77.831944, 36.716667 ] } }
,
{ "type": "Feature", "properties": { "GaugeLID": "LNBV2", "Stage": "", "Location": "Lunenburg", "Latitude": 36.997222, "Longitude": -78.350000, "Waterbody": "North Meherrin River", "State": "VA", "Forecast": -999.000000, "FcstTime": "N\/A", "FcstIssunc": "N\/A", "Units": "ft", "Action": 0.000000, "Flood": 0.000000, "Moderate": 0.000000, "Major": 0.000000, "WFO": "akq", "HDatum": "NAD27", "URL": "http:\/\/water.weather.gov\/ahps2\/hydrograph.php?wfo=akq&gage=lnbv2" }, "geometry": { "type": "Point", "coordinates": [ -78.350000, 36.997222 ] } }
,
{ "type": "Feature", "properties": { "GaugeLID": "LTTV2", "Stage": "", "Location": "DOSWELL", "Latitude": 37.872500, "Longitude": -77.513333, "Waterbody": "Little River", "State": "VA", "Forecast": -999.000000, "FcstTime": "N\/A", "FcstIssunc": "N\/A", "Units": "ft", "Action": 0.000000, "Flood": 0.000000, "Moderate": 0.000000, "Major": 0.000000, "WFO": "akq", "HDatum": "NAD27", "URL": "http:\/\/water.weather.gov\/ahps2\/hydrograph.php?wfo=akq&gage=lttv2" }, "geometry": { "type": "Point", "coordinates": [ -77.513333, 37.872500 ] } }
,
{ "type": "Feature", "properties": { "GaugeLID": "LWTV2", "Stage": "no_flooding", "Location": "Lewisetta", "Latitude": 37.995000, "Longitude": -76.465000, "Waterbody": "Potomac River", "State": "VA", "Forecast": 1.500000, "FcstTime": "2014-01-05 09:00:00", "FcstIssunc": "2014-01-03 09:39:18", "Units": "ft", "Action": 2.500000, "Flood": 3.000000, "Moderate": 3.500000, "Major": 4.000000, "WFO": "akq", "HDatum": "NAD83\/WGS84", "URL": "http:\/\/water.weather.gov\/ahps2\/hydrograph.php?wfo=akq&gage=lwtv2" }, "geometry": { "type": "Point", "coordinates": [ -76.465000, 37.995000 ] } }
,
{ "type": "Feature", "properties": { "GaugeLID": "MKNV2", "Stage": "", "Location": "MCKENNEY", "Latitude": 36.901111, "Longitude": -77.673611, "Waterbody": "Nottoway River", "State": "VA", "Forecast": -999.000000, "FcstTime": "N\/A", "FcstIssunc": "N\/A", "Units": "ft", "Action": 0.000000, "Flood": 0.000000, "Moderate": 0.000000, "Major": 0.000000, "WFO": "akq", "HDatum": "NAD83\/WGS84", "URL": "http:\/\/water.weather.gov\/ahps2\/hydrograph.php?wfo=akq&gage=mknv2" }, "geometry": { "type": "Point", "coordinates": [ -77.673611, 36.901111 ] } }
,
{ "type": "Feature", "properties": { "GaugeLID": "MNBM2", "Stage": "", "Location": "Princess Anne", "Latitude": 38.213889, "Longitude": -75.671389, "Waterbody": "Manokin Branch", "State": "MD", "Forecast": -999.000000, "FcstTime": "N\/A", "FcstIssunc": "N\/A", "Units": "ft", "Action": 0.000000, "Flood": 0.000000, "Moderate": 0.000000, "Major": 0.000000, "WFO": "akq", "HDatum": "NAD83\/WGS84", "URL": "http:\/\/water.weather.gov\/ahps2\/hydrograph.php?wfo=akq&gage=mnbm2" }, "geometry": { "type": "Point", "coordinates": [ -75.671389, 38.213889 ] } }
,
{ "type": "Feature", "properties": { "GaugeLID": "MTCV2", "Stage": "no_flooding", "Location": "Matoaca", "Latitude": 37.225000, "Longitude": -77.475556, "Waterbody": "Appomattox River", "State": "VA", "Forecast": 6.000000, "FcstTime": "2014-01-02 18:00:00", "FcstIssunc": "2014-01-02 14:39:21", "Units": "ft", "Action": 8.000000, "Flood": 10.000000, "Moderate": 13.000000, "Major": 15.000000, "WFO": "akq", "HDatum": "NAD27", "URL": "http:\/\/water.weather.gov\/ahps2\/hydrograph.php?wfo=akq&gage=mtcv2" }, "geometry": { "type": "Point", "coordinates": [ -77.475556, 37.225000 ] } }
,
{ "type": "Feature", "properties": { "GaugeLID": "MTXV2", "Stage": "no_flooding", "Location": "Mattoax", "Latitude": 37.421389, "Longitude": -77.859167, "Waterbody": "Appomattox River", "State": "VA", "Forecast": 11.800000, "FcstTime": "2014-01-05 06:00:00", "FcstIssunc": "2014-01-02 14:39:21", "Units": "ft", "Action": 18.000000, "Flood": 21.000000, "Moderate": 25.000000, "Major": 28.000000, "WFO": "akq", "HDatum": "NAD27", "URL": "http:\/\/water.weather.gov\/ahps2\/hydrograph.php?wfo=akq&gage=mtxv2" }, "geometry": { "type": "Point", "coordinates": [ -77.859167, 37.421389 ] } }
,
{ "type": "Feature", "properties": { "GaugeLID": "NFRV2", "Stage": "", "Location": "Earlysville", "Latitude": 38.163333, "Longitude": -78.424722, "Waterbody": "North Fork Rivanna River", "State": "VA", "Forecast": -999.000000, "FcstTime": "N\/A", "FcstIssunc": "N\/A", "Units": "ft", "Action": 0.000000, "Flood": 0.000000, "Moderate": 0.000000, "Major": 0.000000, "WFO": "akq", "HDatum": "NAD27", "URL": "http:\/\/water.weather.gov\/ahps2\/hydrograph.php?wfo=akq&gage=nfrv2" }, "geometry": { "type": "Point", "coordinates": [ -78.424722, 38.163333 ] } }
,
{ "type": "Feature", "properties": { "GaugeLID": "NSWM2", "Stage": "", "Location": "Snow Hill", "Latitude": 38.228889, "Longitude": -75.471389, "Waterbody": "Nassawango Creek", "State": "MD", "Forecast": -999.000000, "FcstTime": "N\/A", "FcstIssunc": "N\/A", "Units": "ft", "Action": 3.500000, "Flood": 0.000000, "Moderate": 0.000000, "Major": 0.000000, "WFO": "akq", "HDatum": "NAD83\/WGS84", "URL": "http:\/\/water.weather.gov\/ahps2\/hydrograph.php?wfo=akq&gage=nswm2" }, "geometry": { "type": "Point", "coordinates": [ -75.471389, 38.228889 ] } }
,
{ "type": "Feature", "properties": { "GaugeLID": "OBCN7", "Stage": "", "Location": "OUTER BANK CENTER FOR WILDLIFE EDUCATION IN COROLLA", "Latitude": 36.374444, "Longitude": -75.834444, "Waterbody": "Currituck Sound", "State": "NC", "Forecast": -999.000000, "FcstTime": "N\/A", "FcstIssunc": "N\/A", "Units": "ft", "Action": 0.000000, "Flood": 0.000000, "Moderate": 0.000000, "Major": 0.000000, "WFO": "akq", "HDatum": "NAD83\/WGS84", "URL": "http:\/\/water.weather.gov\/ahps2\/hydrograph.php?wfo=akq&gage=obcn7" }, "geometry": { "type": "Point", "coordinates": [ -75.834444, 36.374444 ] } }
,
{ "type": "Feature", "properties": { "GaugeLID": "OCIM2", "Stage": "minor", "Location": "OCEAN CITY INLET", "Latitude": 38.328056, "Longitude": -75.091944, "Waterbody": "Atlantic Coast", "State": "MD", "Forecast": 4.400000, "FcstTime": "2014-01-03 14:00:00", "FcstIssunc": "2014-01-03 09:39:19", "Units": "ft", "Action": 3.500000, "Flood": 4.000000, "Moderate": 5.000000, "Major": 6.000000, "WFO": "akq", "HDatum": "NAD83\/WGS84", "URL": "http:\/\/water.weather.gov\/ahps2\/hydrograph.php?wfo=akq&gage=ocim2" }, "geometry": { "type": "Point", "coordinates": [ -75.091944, 38.328056 ] } }
,
{ "type": "Feature", "properties": { "GaugeLID": "PAMV2", "Stage": "", "Location": "Hanover", "Latitude": 37.767500, "Longitude": -77.332500, "Waterbody": "Pamunkey River", "State": "VA", "Forecast": -999.000000, "FcstTime": "N\/A", "FcstIssunc": "N\/A", "Units": "ft", "Action": 0.000000, "Flood": 0.000000, "Moderate": 0.000000, "Major": 0.000000, "WFO": "akq", "HDatum": "NAD27", "URL": "http:\/\/water.weather.gov\/ahps2\/hydrograph.php?wfo=akq&gage=pamv2" }, "geometry": { "type": "Point", "coordinates": [ -77.332500, 37.767500 ] } }
,
{ "type": "Feature", "properties": { "GaugeLID": "PARV2", "Stage": "", "Location": "Partlow", "Latitude": 38.012778, "Longitude": -77.701389, "Waterbody": "North Anna River", "State": "VA", "Forecast": -999.000000, "FcstTime": "N\/A", "FcstIssunc": "N\/A", "Units": "ft", "Action": 0.000000, "Flood": 0.000000, "Moderate": 0.000000, "Major": 0.000000, "WFO": "akq", "HDatum": "NAD27", "URL": "http:\/\/water.weather.gov\/ahps2\/hydrograph.php?wfo=akq&gage=parv2" }, "geometry": { "type": "Point", "coordinates": [ -77.701389, 38.012778 ] } }
,
{ "type": "Feature", "properties": { "GaugeLID": "PCKV2", "Stage": "", "Location": "PENOLA", "Latitude": 37.960278, "Longitude": -77.343333, "Waterbody": "Polecat Creek", "State": "VA", "Forecast": -999.000000, "FcstTime": "N\/A", "FcstIssunc": "N\/A", "Units": "ft", "Action": 0.000000, "Flood": 0.000000, "Moderate": 0.000000, "Major": 0.000000, "WFO": "akq", "HDatum": "NAD83\/WGS84", "URL": "http:\/\/water.weather.gov\/ahps2\/hydrograph.php?wfo=akq&gage=pckv2" }, "geometry": { "type": "Point", "coordinates": [ -77.343333, 37.960278 ] } }
,
{ "type": "Feature", "properties": { "GaugeLID": "POTN7", "Stage": "", "Location": "Union", "Latitude": 36.370833, "Longitude": -77.025556, "Waterbody": "Potecasi Creek", "State": "NC", "Forecast": -999.000000, "FcstTime": "N\/A", "FcstIssunc": "N\/A", "Units": "ft", "Action": 0.000000, "Flood": 0.000000, "Moderate": 0.000000, "Major": 0.000000, "WFO": "akq", "HDatum": "NAD83\/WGS84", "URL": "http:\/\/water.weather.gov\/ahps2\/hydrograph.php?wfo=akq&gage=potn7" }, "geometry": { "type": "Point", "coordinates": [ -77.025556, 36.370833 ] } }
,
{ "type": "Feature", "properties": { "GaugeLID": "PSQN7", "Stage": "", "Location": "South Mills", "Latitude": 36.421389, "Longitude": -76.342500, "Waterbody": "Pasquotank River", "State": "NC", "Forecast": -999.000000, "FcstTime": "N\/A", "FcstIssunc": "N\/A", "Units": "ft", "Action": 0.000000, "Flood": 0.000000, "Moderate": 0.000000, "Major": 0.000000, "WFO": "akq", "HDatum": "NAD83\/WGS84", "URL": "http:\/\/water.weather.gov\/ahps2\/hydrograph.php?wfo=akq&gage=psqn7" }, "geometry": { "type": "Point", "coordinates": [ -76.342500, 36.421389 ] } }
,
{ "type": "Feature", "properties": { "GaugeLID": "PYAV2", "Stage": "no_flooding", "Location": "Palmyra", "Latitude": 37.857778, "Longitude": -78.266111, "Waterbody": "Rivanna River", "State": "VA", "Forecast": 5.000000, "FcstTime": "2014-01-03 18:00:00", "FcstIssunc": "2014-01-02 14:39:25", "Units": "ft", "Action": 15.000000, "Flood": 17.000000, "Moderate": 25.000000, "Major": 32.000000, "WFO": "akq", "HDatum": "NAD27", "URL": "http:\/\/water.weather.gov\/ahps2\/hydrograph.php?wfo=akq&gage=pyav2" }, "geometry": { "type": "Point", "coordinates": [ -78.266111, 37.857778 ] } }
,
{ "type": "Feature", "properties": { "GaugeLID": "RAWV2", "Stage": "old", "Location": "Rawlings", "Latitude": 36.983333, "Longitude": -77.800000, "Waterbody": "Nottoway River", "State": "VA", "Forecast": 6.400000, "FcstTime": "2013-12-31 18:00:00", "FcstIssunc": "2014-01-01 13:24:26", "Units": "ft", "Action": 8.000000, "Flood": 10.000000, "Moderate": 13.000000, "Major": 16.000000, "WFO": "akq", "HDatum": "NAD27", "URL": "http:\/\/water.weather.gov\/ahps2\/hydrograph.php?wfo=akq&gage=rawv2" }, "geometry": { "type": "Point", "coordinates": [ -77.800000, 36.983333 ] } }
,
{ "type": "Feature", "properties": { "GaugeLID": "RICV2", "Stage": "", "Location": "Richmond Locks", "Latitude": 37.525000, "Longitude": -77.421111, "Waterbody": "James River", "State": "VA", "Forecast": -999.000000, "FcstTime": "N\/A", "FcstIssunc": "N\/A", "Units": "ft", "Action": 6.000000, "Flood": 8.000000, "Moderate": 19.000000, "Major": 28.000000, "WFO": "akq", "HDatum": "NAD27", "URL": "http:\/\/water.weather.gov\/ahps2\/hydrograph.php?wfo=akq&gage=ricv2" }, "geometry": { "type": "Point", "coordinates": [ -77.421111, 37.525000 ] } }
,
{ "type": "Feature", "properties": { "GaugeLID": "RMDV2", "Stage": "no_flooding", "Location": "Richmond-Westham", "Latitude": 37.563056, "Longitude": -77.547222, "Waterbody": "James River", "State": "VA", "Forecast": 8.600000, "FcstTime": "2014-01-02 18:00:00", "FcstIssunc": "2014-01-02 14:39:26", "Units": "ft", "Action": 9.000000, "Flood": 12.000000, "Moderate": 15.000000, "Major": 22.000000, "WFO": "akq", "HDatum": "NAD27", "URL": "http:\/\/water.weather.gov\/ahps2\/hydrograph.php?wfo=akq&gage=rmdv2" }, "geometry": { "type": "Point", "coordinates": [ -77.547222, 37.563056 ] } }
,
{ "type": "Feature", "properties": { "GaugeLID": "RVDV2", "Stage": "", "Location": "RIVERDALE", "Latitude": 36.566667, "Longitude": -76.944722, "Waterbody": "Nottoway River", "State": "VA", "Forecast": -999.000000, "FcstTime": "N\/A", "FcstIssunc": "N\/A", "Units": "ft", "Action": 0.000000, "Flood": 0.000000, "Moderate": 0.000000, "Major": 0.000000, "WFO": "akq", "HDatum": "NAD27", "URL": "http:\/\/water.weather.gov\/ahps2\/hydrograph.php?wfo=akq&gage=rvdv2" }, "geometry": { "type": "Point", "coordinates": [ -76.944722, 36.566667 ] } }
,
{ "type": "Feature", "properties": { "GaugeLID": "SDLV2", "Stage": "", "Location": "STUDLEY", "Latitude": 37.662500, "Longitude": -77.258056, "Waterbody": "Totopotomoy Creek", "State": "VA", "Forecast": -999.000000, "FcstTime": "N\/A", "FcstIssunc": "N\/A", "Units": "ft", "Action": 0.000000, "Flood": 0.000000, "Moderate": 0.000000, "Major": 0.000000, "WFO": "akq", "HDatum": "NAD27", "URL": "http:\/\/water.weather.gov\/ahps2\/hydrograph.php?wfo=akq&gage=sdlv2" }, "geometry": { "type": "Point", "coordinates": [ -77.258056, 37.662500 ] } }
,
{ "type": "Feature", "properties": { "GaugeLID": "SEBV2", "Stage": "action", "Location": "Sebrell", "Latitude": 36.770278, "Longitude": -77.166389, "Waterbody": "Nottoway River", "State": "VA", "Forecast": 15.300000, "FcstTime": "2014-01-03 12:00:00", "FcstIssunc": "2014-01-03 09:39:24", "Units": "ft", "Action": 14.000000, "Flood": 16.000000, "Moderate": 18.000000, "Major": 21.000000, "WFO": "akq", "HDatum": "NAD27", "URL": "http:\/\/water.weather.gov\/ahps2\/hydrograph.php?wfo=akq&gage=sebv2" }, "geometry": { "type": "Point", "coordinates": [ -77.166389, 36.770278 ] } }
,
{ "type": "Feature", "properties": { "GaugeLID": "SNKV2", "Stage": "", "Location": "DINWIDDIE", "Latitude": 37.066944, "Longitude": -77.602778, "Waterbody": "Stony Creek", "State": "VA", "Forecast": -999.000000, "FcstTime": "N\/A", "FcstIssunc": "N\/A", "Units": "ft", "Action": 0.000000, "Flood": 0.000000, "Moderate": 0.000000, "Major": 0.000000, "WFO": "akq", "HDatum": "NAD27", "URL": "http:\/\/water.weather.gov\/ahps2\/hydrograph.php?wfo=akq&gage=snkv2" }, "geometry": { "type": "Point", "coordinates": [ -77.602778, 37.066944 ] } }
,
{ "type": "Feature", "properties": { "GaugeLID": "SOHV2", "Stage": "", "Location": "SOUTH HILL", "Latitude": 36.786944, "Longitude": -78.117500, "Waterbody": "Meherrin River", "State": "VA", "Forecast": -999.000000, "FcstTime": "N\/A", "FcstIssunc": "N\/A", "Units": "ft", "Action": 0.000000, "Flood": 0.000000, "Moderate": 0.000000, "Major": 0.000000, "WFO": "akq", "HDatum": "NAD83\/WGS84", "URL": "http:\/\/water.weather.gov\/ahps2\/hydrograph.php?wfo=akq&gage=sohv2" }, "geometry": { "type": "Point", "coordinates": [ -78.117500, 36.786944 ] } }
,
{ "type": "Feature", "properties": { "GaugeLID": "SPTV2", "Stage": "", "Location": "SPOTSYLVANIA", "Latitude": 38.171389, "Longitude": -77.595000, "Waterbody": "Po River", "State": "VA", "Forecast": -999.000000, "FcstTime": "N\/A", "FcstIssunc": "N\/A", "Units": "ft", "Action": 0.000000, "Flood": 0.000000, "Moderate": 0.000000, "Major": 0.000000, "WFO": "akq", "HDatum": "NAD27", "URL": "http:\/\/water.weather.gov\/ahps2\/hydrograph.php?wfo=akq&gage=sptv2" }, "geometry": { "type": "Point", "coordinates": [ -77.595000, 38.171389 ] } }
,
{ "type": "Feature", "properties": { "GaugeLID": "SRPM2", "Stage": "", "Location": "Sharptown", "Latitude": 38.543889, "Longitude": -75.720278, "Waterbody": "Nanticoke River", "State": "MD", "Forecast": -999.000000, "FcstTime": "N\/A", "FcstIssunc": "N\/A", "Units": "ft", "Action": 0.000000, "Flood": 0.000000, "Moderate": 0.000000, "Major": 0.000000, "WFO": "akq", "HDatum": "NAD27", "URL": "http:\/\/water.weather.gov\/ahps2\/hydrograph.php?wfo=akq&gage=srpm2" }, "geometry": { "type": "Point", "coordinates": [ -75.720278, 38.543889 ] } }
,
{ "type": "Feature", "properties": { "GaugeLID": "STYV2", "Stage": "old", "Location": "Stony Creek", "Latitude": 36.900000, "Longitude": -77.400000, "Waterbody": "Nottoway River", "State": "VA", "Forecast": 11.600000, "FcstTime": "2013-12-31 18:00:00", "FcstIssunc": "2013-12-31 13:24:28", "Units": "ft", "Action": 13.000000, "Flood": 15.000000, "Moderate": 17.000000, "Major": 20.000000, "WFO": "akq", "HDatum": "NAD27", "URL": "http:\/\/water.weather.gov\/ahps2\/hydrograph.php?wfo=akq&gage=styv2" }, "geometry": { "type": "Point", "coordinates": [ -77.400000, 36.900000 ] } }
,
{ "type": "Feature", "properties": { "GaugeLID": "SWPV2", "Stage": "no_flooding", "Location": "Sewell&#039;s Point", "Latitude": 36.946667, "Longitude": -76.330000, "Waterbody": "James River", "State": "VA", "Forecast": 3.200000, "FcstTime": "2014-01-04 16:00:00", "FcstIssunc": "2014-01-03 09:39:25", "Units": "ft", "Action": 4.000000, "Flood": 4.500000, "Moderate": 6.000000, "Major": 7.000000, "WFO": "akq", "HDatum": "NAD83\/WGS84", "URL": "http:\/\/water.weather.gov\/ahps2\/hydrograph.php?wfo=akq&gage=swpv2" }, "geometry": { "type": "Point", "coordinates": [ -76.330000, 36.946667 ] } }
,
{ "type": "Feature", "properties": { "GaugeLID": "TPPV2", "Stage": "", "Location": "TAPPAHANNOCK", "Latitude": 37.876944, "Longitude": -76.900833, "Waterbody": "Piscataway Creek", "State": "VA", "Forecast": -999.000000, "FcstTime": "N\/A", "FcstIssunc": "N\/A", "Units": "ft", "Action": 0.000000, "Flood": 0.000000, "Moderate": 0.000000, "Major": 0.000000, "WFO": "akq", "HDatum": "NAD27", "URL": "http:\/\/water.weather.gov\/ahps2\/hydrograph.php?wfo=akq&gage=tppv2" }, "geometry": { "type": "Point", "coordinates": [ -76.900833, 37.876944 ] } }
,
{ "type": "Feature", "properties": { "GaugeLID": "WAHV2", "Stage": "no_flooding", "Location": "Wachapreague", "Latitude": 37.606667, "Longitude": -75.686667, "Waterbody": "Atlantic Coast", "State": "VA", "Forecast": 5.300000, "FcstTime": "2014-01-04 15:00:00", "FcstIssunc": "2014-01-03 09:39:25", "Units": "ft", "Action": 6.000000, "Flood": 6.500000, "Moderate": 7.500000, "Major": 8.000000, "WFO": "akq", "HDatum": "NAD83\/WGS84", "URL": "http:\/\/water.weather.gov\/ahps2\/hydrograph.php?wfo=akq&gage=wahv2" }, "geometry": { "type": "Point", "coordinates": [ -75.686667, 37.606667 ] } }
,
{ "type": "Feature", "properties": { "GaugeLID": "WLRM2", "Stage": "", "Location": "Willards", "Latitude": 38.388889, "Longitude": -75.324444, "Waterbody": "Pocomoke River", "State": "MD", "Forecast": -999.000000, "FcstTime": "N\/A", "FcstIssunc": "N\/A", "Units": "ft", "Action": 0.000000, "Flood": 0.000000, "Moderate": 0.000000, "Major": 0.000000, "WFO": "akq", "HDatum": "NAD83\/WGS84", "URL": "http:\/\/water.weather.gov\/ahps2\/hydrograph.php?wfo=akq&gage=wlrm2" }, "geometry": { "type": "Point", "coordinates": [ -75.324444, 38.388889 ] } }
,
{ "type": "Feature", "properties": { "GaugeLID": "WNDN7", "Stage": "", "Location": "Windsor", "Latitude": 36.048056, "Longitude": -76.984167, "Waterbody": "Cashie River", "State": "NC", "Forecast": -999.000000, "FcstTime": "N\/A", "FcstIssunc": "N\/A", "Units": "ft", "Action": 6.000000, "Flood": 8.000000, "Moderate": 10.000000, "Major": 13.000000, "WFO": "akq", "HDatum": "NAD83\/WGS84", "URL": "http:\/\/water.weather.gov\/ahps2\/hydrograph.php?wfo=akq&gage=wndn7" }, "geometry": { "type": "Point", "coordinates": [ -76.984167, 36.048056 ] } }
,
{ "type": "Feature", "properties": { "GaugeLID": "WNDV2", "Stage": "no_flooding", "Location": "Windmill Point", "Latitude": 37.623333, "Longitude": -76.286667, "Waterbody": "Chesapeake Bay", "State": "VA", "Forecast": 1.700000, "FcstTime": "2014-01-03 16:00:00", "FcstIssunc": "2014-01-03 09:39:26", "Units": "ft", "Action": 2.500000, "Flood": 3.000000, "Moderate": 3.500000, "Major": 4.000000, "WFO": "akq", "HDatum": "NAD83\/WGS84", "URL": "http:\/\/water.weather.gov\/ahps2\/hydrograph.php?wfo=akq&gage=wndv2" }, "geometry": { "type": "Point", "coordinates": [ -76.286667, 37.623333 ] } }
,
{ "type": "Feature", "properties": { "GaugeLID": "YKTV2", "Stage": "no_flooding", "Location": "YORKTOWN", "Latitude": 37.226667, "Longitude": -76.478333, "Waterbody": "Chesapeake Bay", "State": "VA", "Forecast": 3.000000, "FcstTime": "2014-01-03 15:00:00", "FcstIssunc": "2014-01-03 09:39:26", "Units": "ft", "Action": 4.000000, "Flood": 4.500000, "Moderate": 5.000000, "Major": 5.500000, "WFO": "akq", "HDatum": "NAD83\/WGS84", "URL": "http:\/\/water.weather.gov\/ahps2\/hydrograph.php?wfo=akq&gage=yktv2" }, "geometry": { "type": "Point", "coordinates": [ -76.478333, 37.226667 ] } }
,
{ "type": "Feature", "properties": { "GaugeLID": "ZUNV2", "Stage": "", "Location": "ZUNI", "Latitude": 36.906389, "Longitude": -76.820278, "Waterbody": "Blackwater River", "State": "VA", "Forecast": -999.000000, "FcstTime": "N\/A", "FcstIssunc": "N\/A", "Units": "ft", "Action": 0.000000, "Flood": 0.000000, "Moderate": 0.000000, "Major": 0.000000, "WFO": "akq", "HDatum": "NAD27", "URL": "http:\/\/water.weather.gov\/ahps2\/hydrograph.php?wfo=akq&gage=zunv2" }, "geometry": { "type": "Point", "coordinates": [ -76.820278, 36.906389 ] } }

]
}
