{
"type": "FeatureCollection",
"features": [
{ "type": "Feature", "properties": { "ValueId": 8, "PolyId": 0, "AREA": 0.000000, "PERIMETER": 0.000000, "REPTPT#": 1, "REPTPT-ID": 8, "ID": 553600001, "RARNUM": 55000835 }, "geometry": { "type": "Point", "coordinates": [ -75.875000, 36.584000 ] } }
,
{ "type": "Feature", "properties": { "ValueId": 23, "PolyId": 0, "AREA": 0.000000, "PERIMETER": 0.000000, "REPTPT#": 2, "REPTPT-ID": 23, "ID": 553600002, "RARNUM": 55000835 }, "geometry": { "type": "Point", "coordinates": [ -75.885350, 36.617059 ] } }
,
{ "type": "Feature", "properties": { "ValueId": 51, "PolyId": 0, "AREA": 0.000000, "PERIMETER": 0.000000, "REPTPT#": 3, "REPTPT-ID": 51, "ID": 553600003, "RARNUM": 55000835 }, "geometry": { "type": "Point", "coordinates": [ -75.900000, 36.649000 ] } }
,
{ "type": "Feature", "properties": { "ValueId": 49, "PolyId": 0, "AREA": 0.000000, "PERIMETER": 0.000000, "REPTPT#": 4, "REPTPT-ID": 49, "ID": 553600004, "RARNUM": 55000836 }, "geometry": { "type": "Point", "coordinates": [ -75.896467, 36.642072 ] } }
,
{ "type": "Feature", "properties": { "ValueId": 58, "PolyId": 0, "AREA": 0.000000, "PERIMETER": 0.000000, "REPTPT#": 5, "REPTPT-ID": 58, "ID": 553600005, "RARNUM": 55000835 }, "geometry": { "type": "Point", "coordinates": [ -75.958000, 36.785000 ] } }
,
{ "type": "Feature", "properties": { "ValueId": 57, "PolyId": 0, "AREA": 0.000000, "PERIMETER": 0.000000, "REPTPT#": 6, "REPTPT-ID": 57, "ID": 553600006, "RARNUM": 55000835 }, "geometry": { "type": "Point", "coordinates": [ -75.952000, 36.768000 ] } }
,
{ "type": "Feature", "properties": { "ValueId": 56, "PolyId": 0, "AREA": 0.000000, "PERIMETER": 0.000000, "REPTPT#": 7, "REPTPT-ID": 56, "ID": 553600007, "RARNUM": 55000835 }, "geometry": { "type": "Point", "coordinates": [ -75.954047, 36.772984 ] } }
,
{ "type": "Feature", "properties": { "ValueId": 60, "PolyId": 0, "AREA": 0.000000, "PERIMETER": 0.000000, "REPTPT#": 8, "REPTPT-ID": 60, "ID": 553600008, "RARNUM": 55000835 }, "geometry": { "type": "Point", "coordinates": [ -75.453000, 37.864000 ] } }
,
{ "type": "Feature", "properties": { "ValueId": 78, "PolyId": 0, "AREA": 0.000000, "PERIMETER": 0.000000, "REPTPT#": 9, "REPTPT-ID": 78, "ID": 553600009, "RARNUM": 55000835 }, "geometry": { "type": "Point", "coordinates": [ -75.391000, 37.863000 ] } }
,
{ "type": "Feature", "properties": { "ValueId": 96, "PolyId": 0, "AREA": 0.000000, "PERIMETER": 0.000000, "REPTPT#": 10, "REPTPT-ID": 96, "ID": 553600010, "RARNUM": 55000835 }, "geometry": { "type": "Point", "coordinates": [ -75.311000, 37.938000 ] } }
,
{ "type": "Feature", "properties": { "ValueId": 95, "PolyId": 0, "AREA": 0.000000, "PERIMETER": 0.000000, "REPTPT#": 11, "REPTPT-ID": 95, "ID": 553600011, "RARNUM": 55000836 }, "geometry": { "type": "Point", "coordinates": [ -75.371373, 37.857529 ] } }
,
{ "type": "Feature", "properties": { "ValueId": 119, "PolyId": 0, "AREA": 0.000000, "PERIMETER": 0.000000, "REPTPT#": 12, "REPTPT-ID": 119, "ID": 553600012, "RARNUM": 55000835 }, "geometry": { "type": "Point", "coordinates": [ -75.260000, 38.006000 ] } }

]
}
