﻿cntinfo_Id,cntpos,cntvoice,cntfax,cntemail,hours,ptcontac_Id,proccont_Id,distrib_Id,metc_Id
0,"Remote Sensing Specialist/Project Manager","727 803-8747 (x3026)","727 803-2031","anayegandhi@usgs.gov","M-F, 9:00-5:00 EST",0,,,
1,"Lidar Analyst","727 803-8747 (x3124)","","jcormier@usgs.gov","M-F, 8:00-4:00 EST",,0,,
2,"GIS Analyst/Metadata Specialist","727 803-8747 (x3086)","","afredericks@usgs.gov","M-F, 8:00-4:00 EST",,1,,
3,"Project Manager","727 803-8747 (x3026)","","","M-F, 9:00-5:00 EST",,,0,
4,"GIS Analyst/Metadata Specialist","727 803-8747 (x3086)","","afredericks@usgs.gov","M-F, 8:00-4:00 EST",,,,0
