﻿cntper,cntorg,cntinfo_Id
"Amar Nayegandhi","Jacobs Technology, U.S. Geological Survey, St. Petersburg Coastal and Marine Science Center, St. Petersburg, FL",0
"Jamie M. Bonisteel-Cormier","U.S. Geological Survey, St. Petersburg Coastal and Marine Science Center, St. Petersburg, FL",1
"Xan Fredericks","Jacobs Technology, U.S. Geological Survey, St. Petersburg Coastal and Marine Science Center, St. Petersburg, FL",2
"Xan Fredericks","Jacobs Technology, U.S. Geological Survey, St. Petersburg Coastal and Marine Science Center, St. Petersburg, FL",4
