<?xml version="1.0" encoding="ISO-8859-1"?>
<metadata>
	<idinfo>
		<citation>
			<citeinfo>
				<origin>VGIN</origin>
				<pubdate>20080815</pubdate>
				<title>200 Scale Tiles for VA SP North - Western Flight Zone</title>
				<geoform Sync="TRUE">vector digital data</geoform>
				<ftname Sync="TRUE">tiles_200_scale_SP_North_West</ftname></citeinfo>
		</citation>
		<descript>
			<abstract>This layer represents the approximate tile coverage for one foot resolution orthophotography coverage for Virginia State Plane Zone North in the western (2011) flight zone.</abstract>
			<purpose>This layer was created to be used during the 2009-2012 orthophotography RFP process.</purpose>
			<langdata Sync="TRUE">en</langdata></descript>
		<timeperd>
			<timeinfo>
				<sngdate>
					<caldate>unknown</caldate>
				</sngdate>
			</timeinfo>
			<current>publication date</current>
		</timeperd>
		<status>
			<progress>Complete</progress>
			<update>None planned</update>
		</status>
		<spdom>
			<bounding>
				<westbc Sync="TRUE">-80.104124</westbc>
				<eastbc Sync="TRUE">-77.819630</eastbc>
				<northbc Sync="TRUE">39.474317</northbc>
				<southbc Sync="TRUE">37.829957</southbc>
			</bounding>
			<lboundng><leftbc Sync="TRUE">11030000.000000</leftbc><rightbc Sync="TRUE">11675000.000000</rightbc><bottombc Sync="TRUE">6625000.000000</bottombc><topbc Sync="TRUE">7220000.000000</topbc></lboundng></spdom>
		<keywords>
			<theme>
				<themekt>None</themekt>
				<themekey>None</themekey>
			</theme>
		</keywords>
		<accconst>None</accconst>
		<useconst>None</useconst>
		<ptcontac>
			<cntinfo>
				<cntperp>
					<cntper>Stuart Blankenship</cntper>
					<cntorg>VGIN</cntorg>
				</cntperp>
				<cntaddr>
					<addrtype>mailing and physical address</addrtype>
					<address>11751 Meadowville Lane</address>
					<city>Chester</city>
					<state>VA</state>
					<postal>23836</postal>
					<country>USA</country>
				</cntaddr>
				<cntvoice>804 416-6208</cntvoice>
				<cntemail>stuart.blankenship@vita.virginia.gov</cntemail>
			</cntinfo>
		</ptcontac>
		<native Sync="TRUE">Microsoft Windows XP Version 5.1 (Build 2600) Service Pack 2; ESRI ArcCatalog 9.3.1.1850</native>
		<natvform Sync="TRUE">Shapefile</natvform></idinfo>
	<spdoinfo>
		<direct Sync="TRUE">Vector</direct>
		<ptvctinf>
			<sdtsterm Name="tiles_200_scale_SP_North_West">
				<sdtstype Sync="TRUE">G-polygon</sdtstype>
				<ptvctcnt Sync="TRUE">5430</ptvctcnt>
			</sdtsterm>
			<esriterm Name="tiles_200_scale_SP_North_West"><efeatyp Sync="TRUE">Simple</efeatyp><efeageom Sync="TRUE">Polygon</efeageom><esritopo Sync="TRUE">FALSE</esritopo><efeacnt Sync="TRUE">5430</efeacnt><spindex Sync="TRUE">FALSE</spindex><linrefer Sync="TRUE">FALSE</linrefer></esriterm></ptvctinf>
	</spdoinfo>
	<spref>
		<horizsys>
			<planar>
				<planci>
					<plance Sync="TRUE">coordinate pair</plance>
					<coordrep>
						<absres Sync="TRUE">0.000000</absres>
						<ordres Sync="TRUE">0.000000</ordres>
					</coordrep>
					<plandu Sync="TRUE">survey feet</plandu>
				</planci>
				<mapproj><mapprojn Sync="TRUE">Lambert Conformal Conic</mapprojn><lambertc><stdparll Sync="TRUE">38.033333</stdparll><stdparll Sync="TRUE">39.200000</stdparll><longcm Sync="TRUE">-78.500000</longcm><latprjo Sync="TRUE">37.666667</latprjo><feast Sync="TRUE">11482916.666667</feast><fnorth Sync="TRUE">6561666.666667</fnorth></lambertc></mapproj></planar>
			<geodetic>
				<horizdn Sync="TRUE">North American Datum of 1983</horizdn>
				<ellips Sync="TRUE">Geodetic Reference System 80</ellips>
				<semiaxis Sync="TRUE">6378137.000000</semiaxis>
				<denflat Sync="TRUE">298.257222</denflat>
			</geodetic>
			<cordsysn><geogcsn Sync="TRUE">GCS_North_American_1983</geogcsn><projcsn Sync="TRUE">NAD_1983_StatePlane_Virginia_North_FIPS_4501_Feet</projcsn></cordsysn></horizsys>
		<vertdef>
			<altsys>
				<altres Sync="TRUE">1.000000</altres>
				<altenc Sync="TRUE">Explicit elevation coordinate included with horizontal coordinates</altenc>
			</altsys>
		</vertdef>
	</spref>
	<eainfo>
		<detailed Name="tiles_200_scale_SP_North_West">
			<enttyp>
				<enttypl Sync="TRUE">tiles_200_scale_SP_North_West</enttypl>
				<enttypt Sync="TRUE">Feature Class</enttypt><enttypc Sync="TRUE">5430</enttypc></enttyp>
			<attr><attrlabl Sync="TRUE">FID</attrlabl><attalias Sync="TRUE">FID</attalias><attrtype Sync="TRUE">OID</attrtype><attwidth Sync="TRUE">4</attwidth><atprecis Sync="TRUE">0</atprecis><attscale Sync="TRUE">0</attscale><attrdef Sync="TRUE">Internal feature number.</attrdef><attrdefs Sync="TRUE">ESRI</attrdefs><attrdomv><udom Sync="TRUE">Sequential unique whole numbers that are automatically generated.</udom></attrdomv></attr><attr>
				<attrlabl>Name200</attrlabl>
				<attrdef>Name of 200 scale tile</attrdef>
				<attrdefs>VGIN</attrdefs>
				<attrdomv>
					<udom>character field</udom>
				</attrdomv>
				<attalias Sync="TRUE">Name200</attalias><attrtype Sync="TRUE">String</attrtype><attwidth Sync="TRUE">20</attwidth></attr>
			<attr>
				<attrlabl>Shape</attrlabl>
				<attrdef>Feature geometry.</attrdef>
				<attrdefs>ESRI</attrdefs>
				<attrdomv>
					<udom>Coordinates defining the features.</udom>
				</attrdomv>
				<attalias Sync="TRUE">Shape</attalias><attrtype Sync="TRUE">Geometry</attrtype><attwidth Sync="TRUE">0</attwidth><atprecis Sync="TRUE">0</atprecis><attscale Sync="TRUE">0</attscale></attr>
			<attr><attrlabl Sync="TRUE">Juris</attrlabl><attalias Sync="TRUE">Juris</attalias><attrtype Sync="TRUE">String</attrtype><attwidth Sync="TRUE">50</attwidth><attrdef>Name of jurisdiction requesting upgrade</attrdef><attrdefs>Jurisdictions</attrdefs></attr><attr><attrlabl Sync="TRUE">Scale</attrlabl><attalias Sync="TRUE">Scale</attalias><attrtype Sync="TRUE">Number</attrtype><attwidth Sync="TRUE">9</attwidth><attrdef>Scale of imagery (change to 100 for upgrade)</attrdef><attrdefs>Jurisdictions</attrdefs></attr></detailed>
	</eainfo>
	<distinfo>
		<resdesc>Downloadable Data</resdesc>
		<stdorder><digform><digtinfo><transize Sync="TRUE">0.704</transize><dssize Sync="TRUE">0.704</dssize></digtinfo></digform></stdorder></distinfo>
	<metainfo>
		<metd Sync="TRUE">20081210</metd>
		<metc>
			<cntinfo>
				<cntorgp>
					<cntorg>VGIN</cntorg>
					<cntper>Stuart Blankenship</cntper>
				</cntorgp>
				<cntaddr>
					<addrtype>mailing and physical address</addrtype>
					<address>11751 Meadowville Lane</address>
					<city>Chester</city>
					<state>VA</state>
					<postal>23836</postal>
				</cntaddr>
				<cntvoice>804 416 6208</cntvoice>
				<cntemail>stuart.blankenship@vita.virginia.gov</cntemail>
			</cntinfo>
		</metc>
		<metstdn Sync="TRUE">FGDC Content Standards for Digital Geospatial Metadata</metstdn>
		<metstdv Sync="TRUE">FGDC-STD-001-1998</metstdv>
		<mettc Sync="TRUE">local time</mettc>
		<metextns>
			<onlink>http://www.esri.com/metadata/esriprof80.html</onlink>
			<metprof>ESRI Metadata Profile</metprof>
		</metextns>
		<langmeta Sync="TRUE">en</langmeta><metextns><onlink Sync="TRUE">http://www.esri.com/metadata/esriprof80.html</onlink><metprof Sync="TRUE">ESRI Metadata Profile</metprof></metextns></metainfo>
	<Esri><CreaDate>20081210</CreaDate><CreaTime>13435000</CreaTime><SyncOnce>FALSE</SyncOnce><SyncDate>20081210</SyncDate><SyncTime>14024900</SyncTime><ModDate>20081210</ModDate><ModTime>14202000</ModTime><MetaID>{1D2B2B67-B188-41E7-AFB1-78A4977391B3}</MetaID><Sync>FALSE</Sync></Esri><dataqual><lineage/></dataqual><distInfo><distributor><distorTran><onLineSrc><orDesc Sync="TRUE">002</orDesc></onLineSrc></distorTran></distributor></distInfo></metadata>
