﻿addrtype,address,city,state,postal,country,cntinfo_Id
"mailing and physical address","600 4th Street South","St. Petersburg","FL","33701","USA",0
"mailing and physical address","600 4th Street South","St. Petersburg","FL","33701","USA",1
"mailing and physical address","600 4th Street South","St. Petersburg","FL","33701","USA",2
"mailing and physical address","600 4th Street South","St. Petersburg","FL","33701","USA",3
"mailing and physical address","600 4th Street South","St. Petersburg","FL","33701","USA",4
