{
"type": "FeatureCollection",
"features": [
{ "type": "Feature", "properties": { "LabelIds": "(0:)" }, "geometry": { "type": "Point", "coordinates": [ -76.396961, 37.612456 ] } }
,
{ "type": "Feature", "properties": { "LabelIds": "(1:1)" }, "geometry": { "type": "Point", "coordinates": [ -77.062500, 38.812500 ] } }
,
{ "type": "Feature", "properties": { "LabelIds": "(1:2)" }, "geometry": { "type": "Point", "coordinates": [ -77.062500, 38.687500 ] } }
,
{ "type": "Feature", "properties": { "LabelIds": "(1:3)" }, "geometry": { "type": "Point", "coordinates": [ -77.187500, 38.687500 ] } }
,
{ "type": "Feature", "properties": { "LabelIds": "(1:4)" }, "geometry": { "type": "Point", "coordinates": [ -77.187500, 38.562500 ] } }
,
{ "type": "Feature", "properties": { "LabelIds": "(1:5)" }, "geometry": { "type": "Point", "coordinates": [ -77.312500, 38.562500 ] } }
,
{ "type": "Feature", "properties": { "LabelIds": "(1:6)" }, "geometry": { "type": "Point", "coordinates": [ -77.062500, 38.437500 ] } }
,
{ "type": "Feature", "properties": { "LabelIds": "(1:7)" }, "geometry": { "type": "Point", "coordinates": [ -77.187500, 38.437500 ] } }
,
{ "type": "Feature", "properties": { "LabelIds": "(1:8)" }, "geometry": { "type": "Point", "coordinates": [ -77.312500, 38.437500 ] } }
,
{ "type": "Feature", "properties": { "LabelIds": "(1:9)" }, "geometry": { "type": "Point", "coordinates": [ -76.937500, 38.312500 ] } }
,
{ "type": "Feature", "properties": { "LabelIds": "(1:10)" }, "geometry": { "type": "Point", "coordinates": [ -77.062500, 38.312500 ] } }
,
{ "type": "Feature", "properties": { "LabelIds": "(1:11)" }, "geometry": { "type": "Point", "coordinates": [ -77.187500, 38.312500 ] } }
,
{ "type": "Feature", "properties": { "LabelIds": "(1:12)" }, "geometry": { "type": "Point", "coordinates": [ -77.312500, 38.312500 ] } }
,
{ "type": "Feature", "properties": { "LabelIds": "(1:13)" }, "geometry": { "type": "Point", "coordinates": [ -76.562500, 38.187500 ] } }
,
{ "type": "Feature", "properties": { "LabelIds": "(1:14)" }, "geometry": { "type": "Point", "coordinates": [ -76.687500, 38.187500 ] } }
,
{ "type": "Feature", "properties": { "LabelIds": "(1:15)" }, "geometry": { "type": "Point", "coordinates": [ -76.812500, 38.187500 ] } }
,
{ "type": "Feature", "properties": { "LabelIds": "(1:16)" }, "geometry": { "type": "Point", "coordinates": [ -76.937500, 38.187500 ] } }
,
{ "type": "Feature", "properties": { "LabelIds": "(1:17)" }, "geometry": { "type": "Point", "coordinates": [ -77.062500, 38.187500 ] } }
,
{ "type": "Feature", "properties": { "LabelIds": "(1:18)" }, "geometry": { "type": "Point", "coordinates": [ -77.187500, 38.187500 ] } }
,
{ "type": "Feature", "properties": { "LabelIds": "(1:19)" }, "geometry": { "type": "Point", "coordinates": [ -77.312500, 38.187500 ] } }
,
{ "type": "Feature", "properties": { "LabelIds": "(1:20)" }, "geometry": { "type": "Point", "coordinates": [ -75.437500, 38.062500 ] } }
,
{ "type": "Feature", "properties": { "LabelIds": "(1:21)" }, "geometry": { "type": "Point", "coordinates": [ -75.312500, 38.062500 ] } }
,
{ "type": "Feature", "properties": { "LabelIds": "(1:22)" }, "geometry": { "type": "Point", "coordinates": [ -75.187500, 38.062500 ] } }
,
{ "type": "Feature", "properties": { "LabelIds": "(1:23)" }, "geometry": { "type": "Point", "coordinates": [ -76.437500, 38.062500 ] } }
,
{ "type": "Feature", "properties": { "LabelIds": "(1:24)" }, "geometry": { "type": "Point", "coordinates": [ -76.562500, 38.047917 ] } }
,
{ "type": "Feature", "properties": { "LabelIds": "(1:25)" }, "geometry": { "type": "Point", "coordinates": [ -76.688664, 38.063301 ] } }
,
{ "type": "Feature", "properties": { "LabelIds": "(1:26)" }, "geometry": { "type": "Point", "coordinates": [ -76.813826, 38.074242 ] } }
,
{ "type": "Feature", "properties": { "LabelIds": "(1:27)" }, "geometry": { "type": "Point", "coordinates": [ -76.937500, 38.062500 ] } }
,
{ "type": "Feature", "properties": { "LabelIds": "(1:28)" }, "geometry": { "type": "Point", "coordinates": [ -77.062500, 38.062500 ] } }
,
{ "type": "Feature", "properties": { "LabelIds": "(1:29)" }, "geometry": { "type": "Point", "coordinates": [ -76.812500, 37.950000 ] } }
,
{ "type": "Feature", "properties": { "LabelIds": "(1:30)" }, "geometry": { "type": "Point", "coordinates": [ -75.312500, 37.927083 ] } }
,
{ "type": "Feature", "properties": { "LabelIds": "(1:31)" }, "geometry": { "type": "Point", "coordinates": [ -75.437500, 37.937500 ] } }
,
{ "type": "Feature", "properties": { "LabelIds": "(1:32)" }, "geometry": { "type": "Point", "coordinates": [ -75.687500, 37.937500 ] } }
,
{ "type": "Feature", "properties": { "LabelIds": "(1:33)" }, "geometry": { "type": "Point", "coordinates": [ -75.812500, 37.937500 ] } }
,
{ "type": "Feature", "properties": { "LabelIds": "(1:34)" }, "geometry": { "type": "Point", "coordinates": [ -75.937500, 37.937500 ] } }
,
{ "type": "Feature", "properties": { "LabelIds": "(1:35)" }, "geometry": { "type": "Point", "coordinates": [ -76.062500, 37.937500 ] } }
,
{ "type": "Feature", "properties": { "LabelIds": "(1:36)" }, "geometry": { "type": "Point", "coordinates": [ -76.187500, 37.937500 ] } }
,
{ "type": "Feature", "properties": { "LabelIds": "(1:37)" }, "geometry": { "type": "Point", "coordinates": [ -76.312500, 37.937500 ] } }
,
{ "type": "Feature", "properties": { "LabelIds": "(1:38)" }, "geometry": { "type": "Point", "coordinates": [ -76.437500, 37.937500 ] } }
,
{ "type": "Feature", "properties": { "LabelIds": "(1:39)" }, "geometry": { "type": "Point", "coordinates": [ -76.687500, 37.937500 ] } }
,
{ "type": "Feature", "properties": { "LabelIds": "(1:40)" }, "geometry": { "type": "Point", "coordinates": [ -76.937500, 37.937500 ] } }
,
{ "type": "Feature", "properties": { "LabelIds": "(1:41)" }, "geometry": { "type": "Point", "coordinates": [ -76.562500, 37.922917 ] } }
,
{ "type": "Feature", "properties": { "LabelIds": "(1:42)" }, "geometry": { "type": "Point", "coordinates": [ -75.437500, 37.812500 ] } }
,
{ "type": "Feature", "properties": { "LabelIds": "(1:43)" }, "geometry": { "type": "Point", "coordinates": [ -75.562500, 37.812500 ] } }
,
{ "type": "Feature", "properties": { "LabelIds": "(1:44)" }, "geometry": { "type": "Point", "coordinates": [ -75.687500, 37.812500 ] } }
,
{ "type": "Feature", "properties": { "LabelIds": "(1:45)" }, "geometry": { "type": "Point", "coordinates": [ -75.812500, 37.812500 ] } }
,
{ "type": "Feature", "properties": { "LabelIds": "(1:46)" }, "geometry": { "type": "Point", "coordinates": [ -75.937500, 37.812500 ] } }
,
{ "type": "Feature", "properties": { "LabelIds": "(1:47)" }, "geometry": { "type": "Point", "coordinates": [ -76.062500, 37.812500 ] } }
,
{ "type": "Feature", "properties": { "LabelIds": "(1:48)" }, "geometry": { "type": "Point", "coordinates": [ -76.187500, 37.812500 ] } }
,
{ "type": "Feature", "properties": { "LabelIds": "(1:49)" }, "geometry": { "type": "Point", "coordinates": [ -76.312500, 37.812500 ] } }
,
{ "type": "Feature", "properties": { "LabelIds": "(1:50)" }, "geometry": { "type": "Point", "coordinates": [ -76.437500, 37.812500 ] } }
,
{ "type": "Feature", "properties": { "LabelIds": "(1:51)" }, "geometry": { "type": "Point", "coordinates": [ -76.562500, 37.812500 ] } }
,
{ "type": "Feature", "properties": { "LabelIds": "(1:52)" }, "geometry": { "type": "Point", "coordinates": [ -76.687500, 37.812500 ] } }
,
{ "type": "Feature", "properties": { "LabelIds": "(1:53)" }, "geometry": { "type": "Point", "coordinates": [ -76.812500, 37.812500 ] } }
,
{ "type": "Feature", "properties": { "LabelIds": "(1:54)" }, "geometry": { "type": "Point", "coordinates": [ -75.562500, 37.687500 ] } }
,
{ "type": "Feature", "properties": { "LabelIds": "(1:55)" }, "geometry": { "type": "Point", "coordinates": [ -75.687500, 37.687500 ] } }
,
{ "type": "Feature", "properties": { "LabelIds": "(1:56)" }, "geometry": { "type": "Point", "coordinates": [ -75.812500, 37.687500 ] } }
,
{ "type": "Feature", "properties": { "LabelIds": "(1:57)" }, "geometry": { "type": "Point", "coordinates": [ -75.937500, 37.687500 ] } }
,
{ "type": "Feature", "properties": { "LabelIds": "(1:58)" }, "geometry": { "type": "Point", "coordinates": [ -76.062500, 37.687500 ] } }
,
{ "type": "Feature", "properties": { "LabelIds": "(1:59)" }, "geometry": { "type": "Point", "coordinates": [ -76.187500, 37.687500 ] } }
,
{ "type": "Feature", "properties": { "LabelIds": "(1:60)" }, "geometry": { "type": "Point", "coordinates": [ -76.312500, 37.687500 ] } }
,
{ "type": "Feature", "properties": { "LabelIds": "(1:61)" }, "geometry": { "type": "Point", "coordinates": [ -76.437500, 37.687500 ] } }
,
{ "type": "Feature", "properties": { "LabelIds": "(1:62)" }, "geometry": { "type": "Point", "coordinates": [ -76.570833, 37.687500 ] } }
,
{ "type": "Feature", "properties": { "LabelIds": "(1:63)" }, "geometry": { "type": "Point", "coordinates": [ -75.666667, 37.562500 ] } }
,
{ "type": "Feature", "properties": { "LabelIds": "(1:64)" }, "geometry": { "type": "Point", "coordinates": [ -75.812500, 37.562500 ] } }
,
{ "type": "Feature", "properties": { "LabelIds": "(1:65)" }, "geometry": { "type": "Point", "coordinates": [ -75.937500, 37.562500 ] } }
,
{ "type": "Feature", "properties": { "LabelIds": "(1:66)" }, "geometry": { "type": "Point", "coordinates": [ -76.062500, 37.562500 ] } }
,
{ "type": "Feature", "properties": { "LabelIds": "(1:67)" }, "geometry": { "type": "Point", "coordinates": [ -76.187500, 37.562500 ] } }
,
{ "type": "Feature", "properties": { "LabelIds": "(1:68)" }, "geometry": { "type": "Point", "coordinates": [ -76.312500, 37.562500 ] } }
,
{ "type": "Feature", "properties": { "LabelIds": "(1:69)" }, "geometry": { "type": "Point", "coordinates": [ -76.437500, 37.562500 ] } }
,
{ "type": "Feature", "properties": { "LabelIds": "(1:70)" }, "geometry": { "type": "Point", "coordinates": [ -76.562500, 37.562500 ] } }
,
{ "type": "Feature", "properties": { "LabelIds": "(1:71)" }, "geometry": { "type": "Point", "coordinates": [ -76.812500, 37.562500 ] } }
,
{ "type": "Feature", "properties": { "LabelIds": "(1:72)" }, "geometry": { "type": "Point", "coordinates": [ -76.937500, 37.562500 ] } }
,
{ "type": "Feature", "properties": { "LabelIds": "(1:73)" }, "geometry": { "type": "Point", "coordinates": [ -77.437500, 37.562500 ] } }
,
{ "type": "Feature", "properties": { "LabelIds": "(1:74)" }, "geometry": { "type": "Point", "coordinates": [ -75.687500, 37.437500 ] } }
,
{ "type": "Feature", "properties": { "LabelIds": "(1:75)" }, "geometry": { "type": "Point", "coordinates": [ -75.812500, 37.437500 ] } }
,
{ "type": "Feature", "properties": { "LabelIds": "(1:76)" }, "geometry": { "type": "Point", "coordinates": [ -75.937500, 37.437500 ] } }
,
{ "type": "Feature", "properties": { "LabelIds": "(1:77)" }, "geometry": { "type": "Point", "coordinates": [ -76.062500, 37.437500 ] } }
,
{ "type": "Feature", "properties": { "LabelIds": "(1:78)" }, "geometry": { "type": "Point", "coordinates": [ -76.187500, 37.437500 ] } }
,
{ "type": "Feature", "properties": { "LabelIds": "(1:79)" }, "geometry": { "type": "Point", "coordinates": [ -76.312500, 37.437500 ] } }
,
{ "type": "Feature", "properties": { "LabelIds": "(1:80)" }, "geometry": { "type": "Point", "coordinates": [ -76.441667, 37.437500 ] } }
,
{ "type": "Feature", "properties": { "LabelIds": "(1:81)" }, "geometry": { "type": "Point", "coordinates": [ -76.566667, 37.437500 ] } }
,
{ "type": "Feature", "properties": { "LabelIds": "(1:82)" }, "geometry": { "type": "Point", "coordinates": [ -76.687500, 37.437500 ] } }
,
{ "type": "Feature", "properties": { "LabelIds": "(1:83)" }, "geometry": { "type": "Point", "coordinates": [ -76.812500, 37.437500 ] } }
,
{ "type": "Feature", "properties": { "LabelIds": "(1:84)" }, "geometry": { "type": "Point", "coordinates": [ -77.437500, 37.425000 ] } }
,
{ "type": "Feature", "properties": { "LabelIds": "(1:85)" }, "geometry": { "type": "Point", "coordinates": [ -77.312500, 37.350000 ] } }
,
{ "type": "Feature", "properties": { "LabelIds": "(1:86)" }, "geometry": { "type": "Point", "coordinates": [ -77.187500, 37.329167 ] } }
,
{ "type": "Feature", "properties": { "LabelIds": "(1:87)" }, "geometry": { "type": "Point", "coordinates": [ -75.687500, 37.312500 ] } }
,
{ "type": "Feature", "properties": { "LabelIds": "(1:88)" }, "geometry": { "type": "Point", "coordinates": [ -75.812500, 37.312500 ] } }
,
{ "type": "Feature", "properties": { "LabelIds": "(1:89)" }, "geometry": { "type": "Point", "coordinates": [ -75.937500, 37.312500 ] } }
,
{ "type": "Feature", "properties": { "LabelIds": "(1:90)" }, "geometry": { "type": "Point", "coordinates": [ -76.062500, 37.312500 ] } }
,
{ "type": "Feature", "properties": { "LabelIds": "(1:91)" }, "geometry": { "type": "Point", "coordinates": [ -76.187500, 37.312500 ] } }
,
{ "type": "Feature", "properties": { "LabelIds": "(1:92)" }, "geometry": { "type": "Point", "coordinates": [ -76.312500, 37.312500 ] } }
,
{ "type": "Feature", "properties": { "LabelIds": "(1:93)" }, "geometry": { "type": "Point", "coordinates": [ -76.437500, 37.312500 ] } }
,
{ "type": "Feature", "properties": { "LabelIds": "(1:94)" }, "geometry": { "type": "Point", "coordinates": [ -76.562500, 37.312500 ] } }
,
{ "type": "Feature", "properties": { "LabelIds": "(1:95)" }, "geometry": { "type": "Point", "coordinates": [ -76.687500, 37.312500 ] } }
,
{ "type": "Feature", "properties": { "LabelIds": "(1:96)" }, "geometry": { "type": "Point", "coordinates": [ -76.812500, 37.312500 ] } }
,
{ "type": "Feature", "properties": { "LabelIds": "(1:97)" }, "geometry": { "type": "Point", "coordinates": [ -76.937500, 37.312500 ] } }
,
{ "type": "Feature", "properties": { "LabelIds": "(1:98)" }, "geometry": { "type": "Point", "coordinates": [ -77.062500, 37.266667 ] } }
,
{ "type": "Feature", "properties": { "LabelIds": "(1:99)" }, "geometry": { "type": "Point", "coordinates": [ -75.812500, 37.187500 ] } }
,
{ "type": "Feature", "properties": { "LabelIds": "(1:100)" }, "geometry": { "type": "Point", "coordinates": [ -75.937500, 37.187500 ] } }
,
{ "type": "Feature", "properties": { "LabelIds": "(1:101)" }, "geometry": { "type": "Point", "coordinates": [ -76.062500, 37.187500 ] } }
,
{ "type": "Feature", "properties": { "LabelIds": "(1:102)" }, "geometry": { "type": "Point", "coordinates": [ -76.187500, 37.187500 ] } }
,
{ "type": "Feature", "properties": { "LabelIds": "(1:103)" }, "geometry": { "type": "Point", "coordinates": [ -76.312500, 37.187500 ] } }
,
{ "type": "Feature", "properties": { "LabelIds": "(1:104)" }, "geometry": { "type": "Point", "coordinates": [ -76.437500, 37.187500 ] } }
,
{ "type": "Feature", "properties": { "LabelIds": "(1:105)" }, "geometry": { "type": "Point", "coordinates": [ -76.562500, 37.187500 ] } }
,
{ "type": "Feature", "properties": { "LabelIds": "(1:106)" }, "geometry": { "type": "Point", "coordinates": [ -76.687500, 37.187500 ] } }
,
{ "type": "Feature", "properties": { "LabelIds": "(1:107)" }, "geometry": { "type": "Point", "coordinates": [ -76.812500, 37.187500 ] } }
,
{ "type": "Feature", "properties": { "LabelIds": "(1:108)" }, "geometry": { "type": "Point", "coordinates": [ -76.937500, 37.187500 ] } }
,
{ "type": "Feature", "properties": { "LabelIds": "(1:109)" }, "geometry": { "type": "Point", "coordinates": [ -75.937500, 37.062500 ] } }
,
{ "type": "Feature", "properties": { "LabelIds": "(1:110)" }, "geometry": { "type": "Point", "coordinates": [ -76.062500, 37.062500 ] } }
,
{ "type": "Feature", "properties": { "LabelIds": "(1:111)" }, "geometry": { "type": "Point", "coordinates": [ -76.187500, 37.062500 ] } }
,
{ "type": "Feature", "properties": { "LabelIds": "(1:112)" }, "geometry": { "type": "Point", "coordinates": [ -76.312500, 37.062500 ] } }
,
{ "type": "Feature", "properties": { "LabelIds": "(1:113)" }, "geometry": { "type": "Point", "coordinates": [ -76.437500, 37.062500 ] } }
,
{ "type": "Feature", "properties": { "LabelIds": "(1:114)" }, "geometry": { "type": "Point", "coordinates": [ -76.562500, 37.062500 ] } }
,
{ "type": "Feature", "properties": { "LabelIds": "(1:115)" }, "geometry": { "type": "Point", "coordinates": [ -76.687500, 37.062500 ] } }
,
{ "type": "Feature", "properties": { "LabelIds": "(1:116)" }, "geometry": { "type": "Point", "coordinates": [ -75.937500, 36.937500 ] } }
,
{ "type": "Feature", "properties": { "LabelIds": "(1:117)" }, "geometry": { "type": "Point", "coordinates": [ -76.062500, 36.937500 ] } }
,
{ "type": "Feature", "properties": { "LabelIds": "(1:118)" }, "geometry": { "type": "Point", "coordinates": [ -76.187500, 36.937500 ] } }
,
{ "type": "Feature", "properties": { "LabelIds": "(1:119)" }, "geometry": { "type": "Point", "coordinates": [ -76.312500, 36.937500 ] } }
,
{ "type": "Feature", "properties": { "LabelIds": "(1:120)" }, "geometry": { "type": "Point", "coordinates": [ -76.437500, 36.937500 ] } }
,
{ "type": "Feature", "properties": { "LabelIds": "(1:121)" }, "geometry": { "type": "Point", "coordinates": [ -76.562500, 36.937500 ] } }
,
{ "type": "Feature", "properties": { "LabelIds": "(1:122)" }, "geometry": { "type": "Point", "coordinates": [ -75.937500, 36.812500 ] } }
,
{ "type": "Feature", "properties": { "LabelIds": "(1:123)" }, "geometry": { "type": "Point", "coordinates": [ -76.062500, 36.812500 ] } }
,
{ "type": "Feature", "properties": { "LabelIds": "(1:124)" }, "geometry": { "type": "Point", "coordinates": [ -76.187500, 36.812500 ] } }
,
{ "type": "Feature", "properties": { "LabelIds": "(1:125)" }, "geometry": { "type": "Point", "coordinates": [ -76.312500, 36.812500 ] } }
,
{ "type": "Feature", "properties": { "LabelIds": "(1:126)" }, "geometry": { "type": "Point", "coordinates": [ -76.437500, 36.812500 ] } }
,
{ "type": "Feature", "properties": { "LabelIds": "(1:127)" }, "geometry": { "type": "Point", "coordinates": [ -76.562500, 36.812500 ] } }
,
{ "type": "Feature", "properties": { "LabelIds": "(1:128)" }, "geometry": { "type": "Point", "coordinates": [ -75.937500, 36.687500 ] } }
,
{ "type": "Feature", "properties": { "LabelIds": "(1:129)" }, "geometry": { "type": "Point", "coordinates": [ -75.929167, 36.562500 ] } }

]
}
