{
"type": "FeatureCollection",
"features": [
{ "type": "Feature", "properties": { "ValueId": 29664, "PolyId": 2, "AREA": 0.015625, "PERIMETER": 0.500000, "INDEX#": 2, "INDEX-ID": 29664, "TILE-NAME": "125", "TOPO-NAME": "ALEXANDRIA, VA.-D.C.-MD.", "SCALE": 50000, "MAPANGLE": 1.295000, "PAGESIZE": "11,17" }, "geometry": { "type": "Point", "coordinates": [ -77.062500, 38.812500 ] } }
,
{ "type": "Feature", "properties": { "ValueId": 30052, "PolyId": 3, "AREA": 0.015625, "PERIMETER": 0.500000, "INDEX#": 3, "INDEX-ID": 30052, "TILE-NAME": "123", "TOPO-NAME": " MOUNT VERNON, VA.-MD.", "SCALE": 50000, "MAPANGLE": 1.292000, "PAGESIZE": "11,17" }, "geometry": { "type": "Point", "coordinates": [ -77.062500, 38.687500 ] } }
,
{ "type": "Feature", "properties": { "ValueId": 30051, "PolyId": 4, "AREA": 0.015625, "PERIMETER": 0.500000, "INDEX#": 4, "INDEX-ID": 30051, "TILE-NAME": "124", "TOPO-NAME": " FORT BELVOIR, VA.-MD.", "SCALE": 50000, "MAPANGLE": 1.370000, "PAGESIZE": "11,17" }, "geometry": { "type": "Point", "coordinates": [ -77.187500, 38.687500 ] } }
,
{ "type": "Feature", "properties": { "ValueId": 30446, "PolyId": 5, "AREA": 0.015625, "PERIMETER": 0.500000, "INDEX#": 5, "INDEX-ID": 30446, "TILE-NAME": "121", "TOPO-NAME": " INDIAN HEAD, MD.-VA.", "SCALE": 50000, "MAPANGLE": 1.366000, "PAGESIZE": "11,17" }, "geometry": { "type": "Point", "coordinates": [ -77.187500, 38.562500 ] } }
,
{ "type": "Feature", "properties": { "ValueId": 30445, "PolyId": 6, "AREA": 0.015625, "PERIMETER": 0.500000, "INDEX#": 6, "INDEX-ID": 30445, "TILE-NAME": "122", "TOPO-NAME": " QUANTICO, VA.-MD.", "SCALE": 50000, "MAPANGLE": 1.445000, "PAGESIZE": "11,17" }, "geometry": { "type": "Point", "coordinates": [ -77.312500, 38.562500 ] } }
,
{ "type": "Feature", "properties": { "ValueId": 30835, "PolyId": 7, "AREA": 0.015625, "PERIMETER": 0.500000, "INDEX#": 7, "INDEX-ID": 30835, "TILE-NAME": "119", "TOPO-NAME": " MATHIAS POINT, MD.-VA.", "SCALE": 50000, "MAPANGLE": 1.285000, "PAGESIZE": "11,17" }, "geometry": { "type": "Point", "coordinates": [ -77.062500, 38.437500 ] } }
,
{ "type": "Feature", "properties": { "ValueId": 36486, "PolyId": 8, "AREA": 0.015625, "PERIMETER": 0.500000, "INDEX#": 8, "INDEX-ID": 36486, "TILE-NAME": "", "TOPO-NAME": "", "SCALE": 50000, "MAPANGLE": 0.000000, "PAGESIZE": "11,17" }, "geometry": { "type": "Point", "coordinates": [ -77.187500, 38.437685 ] } }
,
{ "type": "Feature", "properties": { "ValueId": 30833, "PolyId": 9, "AREA": 0.015625, "PERIMETER": 0.500000, "INDEX#": 9, "INDEX-ID": 30833, "TILE-NAME": "120", "TOPO-NAME": " WIDEWATER, VA.-MD.", "SCALE": 50000, "MAPANGLE": 1.441000, "PAGESIZE": "11,17" }, "geometry": { "type": "Point", "coordinates": [ -77.312500, 38.437500 ] } }
,
{ "type": "Feature", "properties": { "ValueId": 31223, "PolyId": 10, "AREA": 0.015625, "PERIMETER": 0.500000, "INDEX#": 10, "INDEX-ID": 31223, "TILE-NAME": "115", "TOPO-NAME": " COLONIAL BEACH NORTH, VA.-MD.", "SCALE": 50000, "MAPANGLE": 1.203000, "PAGESIZE": "11,17" }, "geometry": { "type": "Point", "coordinates": [ -76.937500, 38.312500 ] } }
,
{ "type": "Feature", "properties": { "ValueId": 31222, "PolyId": 11, "AREA": 0.015625, "PERIMETER": 0.500000, "INDEX#": 11, "INDEX-ID": 31222, "TILE-NAME": "116", "TOPO-NAME": " DAHLGREN, VA.-MD.", "SCALE": 50000, "MAPANGLE": 1.281000, "PAGESIZE": "11,17" }, "geometry": { "type": "Point", "coordinates": [ -77.062500, 38.312500 ] } }
,
{ "type": "Feature", "properties": { "ValueId": 31221, "PolyId": 12, "AREA": 0.015625, "PERIMETER": 0.500000, "INDEX#": 12, "INDEX-ID": 31221, "TILE-NAME": "117", "TOPO-NAME": " KING GEORGE, VA.-MD.", "SCALE": 50000, "MAPANGLE": 1.359000, "PAGESIZE": "11,17" }, "geometry": { "type": "Point", "coordinates": [ -77.187500, 38.312500 ] } }
,
{ "type": "Feature", "properties": { "ValueId": 31220, "PolyId": 13, "AREA": 0.015625, "PERIMETER": 0.500000, "INDEX#": 13, "INDEX-ID": 31220, "TILE-NAME": "118", "TOPO-NAME": " PASSAPATANZY, VA.-MD.", "SCALE": 50000, "MAPANGLE": 1.437000, "PAGESIZE": "11,17" }, "geometry": { "type": "Point", "coordinates": [ -77.312500, 38.312500 ] } }
,
{ "type": "Feature", "properties": { "ValueId": 31600, "PolyId": 14, "AREA": 0.015625, "PERIMETER": 0.500000, "INDEX#": 14, "INDEX-ID": 31600, "TILE-NAME": "108", "TOPO-NAME": " PINEY POINT, MD.-VA.", "SCALE": 50000, "MAPANGLE": 0.968000, "PAGESIZE": "11,17" }, "geometry": { "type": "Point", "coordinates": [ -76.562500, 38.187500 ] } }
,
{ "type": "Feature", "properties": { "ValueId": 31599, "PolyId": 15, "AREA": 0.015625, "PERIMETER": 0.500000, "INDEX#": 15, "INDEX-ID": 31599, "TILE-NAME": "109", "TOPO-NAME": " SAINT CLEMENTS ISLAND, MD.-VA.", "SCALE": 50000, "MAPANGLE": 1.045000, "PAGESIZE": "11,17" }, "geometry": { "type": "Point", "coordinates": [ -76.687500, 38.187500 ] } }
,
{ "type": "Feature", "properties": { "ValueId": 31598, "PolyId": 16, "AREA": 0.015625, "PERIMETER": 0.500000, "INDEX#": 16, "INDEX-ID": 31598, "TILE-NAME": "110", "TOPO-NAME": " STRATFORD HALL, VA.-MD.", "SCALE": 50000, "MAPANGLE": 1.123000, "PAGESIZE": "11,17" }, "geometry": { "type": "Point", "coordinates": [ -76.812500, 38.187500 ] } }
,
{ "type": "Feature", "properties": { "ValueId": 31597, "PolyId": 17, "AREA": 0.015625, "PERIMETER": 0.500000, "INDEX#": 17, "INDEX-ID": 31597, "TILE-NAME": "111", "TOPO-NAME": " COLONIAL BEACH SOUTH, VA.-MD.", "SCALE": 50000, "MAPANGLE": 1.200000, "PAGESIZE": "11,17" }, "geometry": { "type": "Point", "coordinates": [ -76.937500, 38.187500 ] } }
,
{ "type": "Feature", "properties": { "ValueId": 31596, "PolyId": 18, "AREA": 0.015625, "PERIMETER": 0.500000, "INDEX#": 18, "INDEX-ID": 31596, "TILE-NAME": "112", "TOPO-NAME": " ROLLINS FORK, VA.", "SCALE": 50000, "MAPANGLE": 1.278000, "PAGESIZE": "11,17" }, "geometry": { "type": "Point", "coordinates": [ -77.062500, 38.187500 ] } }
,
{ "type": "Feature", "properties": { "ValueId": 31595, "PolyId": 19, "AREA": 0.015625, "PERIMETER": 0.500000, "INDEX#": 19, "INDEX-ID": 31595, "TILE-NAME": "113", "TOPO-NAME": " PORT ROYAL, VA.", "SCALE": 50000, "MAPANGLE": 1.355000, "PAGESIZE": "11,17" }, "geometry": { "type": "Point", "coordinates": [ -77.187500, 38.187500 ] } }
,
{ "type": "Feature", "properties": { "ValueId": 31594, "PolyId": 20, "AREA": 0.015625, "PERIMETER": 0.500000, "INDEX#": 20, "INDEX-ID": 31594, "TILE-NAME": "114", "TOPO-NAME": " RAPPAHANNOCK ACADEMY, VA.", "SCALE": 50000, "MAPANGLE": 1.433000, "PAGESIZE": "11,17" }, "geometry": { "type": "Point", "coordinates": [ -77.312500, 38.187500 ] } }
,
{ "type": "Feature", "properties": { "ValueId": 31998, "PolyId": 21, "AREA": 0.015625, "PERIMETER": 0.500000, "INDEX#": 21, "INDEX-ID": 31998, "TILE-NAME": "102", "TOPO-NAME": " GIRDLETREE, MD.-VA.", "SCALE": 50000, "MAPANGLE": 0.270000, "PAGESIZE": "11,17" }, "geometry": { "type": "Point", "coordinates": [ -75.437500, 38.062500 ] } }
,
{ "type": "Feature", "properties": { "ValueId": 31999, "PolyId": 22, "AREA": 0.015625, "PERIMETER": 0.500000, "INDEX#": 22, "INDEX-ID": 31999, "TILE-NAME": "101", "TOPO-NAME": " BOXIRON, MD.-VA.", "SCALE": 50000, "MAPANGLE": 0.193000, "PAGESIZE": "11,17" }, "geometry": { "type": "Point", "coordinates": [ -75.312500, 38.062500 ] } }
,
{ "type": "Feature", "properties": { "ValueId": 32000, "PolyId": 23, "AREA": 0.015625, "PERIMETER": 0.500000, "INDEX#": 23, "INDEX-ID": 32000, "TILE-NAME": "100", "TOPO-NAME": " WHITTINGTON POINT, MD.-VA.", "SCALE": 50000, "MAPANGLE": 0.116000, "PAGESIZE": "11,17" }, "geometry": { "type": "Point", "coordinates": [ -75.187500, 38.062500 ] } }
,
{ "type": "Feature", "properties": { "ValueId": 31990, "PolyId": 24, "AREA": 0.015625, "PERIMETER": 0.500000, "INDEX#": 24, "INDEX-ID": 31990, "TILE-NAME": "103", "TOPO-NAME": " SAINT GEORGE ISLAND, MD.-VA.", "SCALE": 50000, "MAPANGLE": 0.888000, "PAGESIZE": "11,17" }, "geometry": { "type": "Point", "coordinates": [ -76.437500, 38.062500 ] } }
,
{ "type": "Feature", "properties": { "ValueId": 31989, "PolyId": 25, "AREA": 0.019271, "PERIMETER": 0.558333, "INDEX#": 25, "INDEX-ID": 31989, "TILE-NAME": "104", "TOPO-NAME": " KINSALE, VA.-MD.", "SCALE": 55000, "MAPANGLE": 1.083000, "PAGESIZE": "11,17" }, "geometry": { "type": "Point", "coordinates": [ -76.562500, 38.062500 ] } }
,
{ "type": "Feature", "properties": { "ValueId": 31988, "PolyId": 26, "AREA": 0.015903, "PERIMETER": 0.516667, "INDEX#": 26, "INDEX-ID": 31988, "TILE-NAME": "105", "TOPO-NAME": " MACHODOC, VA.", "SCALE": 55000, "MAPANGLE": 1.083000, "PAGESIZE": "11,17" }, "geometry": { "type": "Point", "coordinates": [ -76.687500, 38.062500 ] } }
,
{ "type": "Feature", "properties": { "ValueId": 36487, "PolyId": 27, "AREA": 0.012222, "PERIMETER": 0.450000, "INDEX#": 27, "INDEX-ID": 36487, "TILE-NAME": "", "TOPO-NAME": "", "SCALE": 50000, "MAPANGLE": 0.000000, "PAGESIZE": "11,17" }, "geometry": { "type": "Point", "coordinates": [ -76.812500, 38.075148 ] } }
,
{ "type": "Feature", "properties": { "ValueId": 31986, "PolyId": 28, "AREA": 0.015625, "PERIMETER": 0.500000, "INDEX#": 28, "INDEX-ID": 31986, "TILE-NAME": "106", "TOPO-NAME": " CHAMPLAIN, VA.", "SCALE": 50000, "MAPANGLE": 1.197000, "PAGESIZE": "11,17" }, "geometry": { "type": "Point", "coordinates": [ -76.937500, 38.062500 ] } }
,
{ "type": "Feature", "properties": { "ValueId": 31985, "PolyId": 29, "AREA": 0.015625, "PERIMETER": 0.500000, "INDEX#": 29, "INDEX-ID": 31985, "TILE-NAME": "107", "TOPO-NAME": " LORETTO, VA.", "SCALE": 50000, "MAPANGLE": 1.274000, "PAGESIZE": "11,17" }, "geometry": { "type": "Point", "coordinates": [ -77.062500, 38.062500 ] } }
,
{ "type": "Feature", "properties": { "ValueId": 32377, "PolyId": 30, "AREA": 0.018750, "PERIMETER": 0.550000, "INDEX#": 30, "INDEX-ID": 32377, "TILE-NAME": "98", "TOPO-NAME": " TAPPAHANNOCK, VA.", "SCALE": 55000, "MAPANGLE": 1.117000, "PAGESIZE": "11,17" }, "geometry": { "type": "Point", "coordinates": [ -76.812500, 37.937500 ] } }
,
{ "type": "Feature", "properties": { "ValueId": 32389, "PolyId": 31, "AREA": 0.018229, "PERIMETER": 0.541667, "INDEX#": 31, "INDEX-ID": 32389, "TILE-NAME": "88", "TOPO-NAME": " CHINCOTEAGUE EAST, VA.", "SCALE": 55000, "MAPANGLE": 0.192000, "PAGESIZE": "11,17" }, "geometry": { "type": "Point", "coordinates": [ -75.312500, 37.927317 ] } }
,
{ "type": "Feature", "properties": { "ValueId": 32388, "PolyId": 32, "AREA": 0.015625, "PERIMETER": 0.500000, "INDEX#": 32, "INDEX-ID": 32388, "TILE-NAME": "89", "TOPO-NAME": " CHINCOTEAGUE WEST, VA.", "SCALE": 50000, "MAPANGLE": 0.269000, "PAGESIZE": "11,17" }, "geometry": { "type": "Point", "coordinates": [ -75.437500, 37.937500 ] } }
,
{ "type": "Feature", "properties": { "ValueId": 32386, "PolyId": 33, "AREA": 0.015625, "PERIMETER": 0.500000, "INDEX#": 33, "INDEX-ID": 32386, "TILE-NAME": "90", "TOPO-NAME": " SAXIS, VA.-MD.", "SCALE": 50000, "MAPANGLE": 0.423000, "PAGESIZE": "11,17" }, "geometry": { "type": "Point", "coordinates": [ -75.687500, 37.937500 ] } }
,
{ "type": "Feature", "properties": { "ValueId": 32385, "PolyId": 34, "AREA": 0.015625, "PERIMETER": 0.500000, "INDEX#": 34, "INDEX-ID": 32385, "TILE-NAME": "91", "TOPO-NAME": " CRISFIELD, MD.-VA.", "SCALE": 50000, "MAPANGLE": 0.500000, "PAGESIZE": "11,17" }, "geometry": { "type": "Point", "coordinates": [ -75.812500, 37.937500 ] } }
,
{ "type": "Feature", "properties": { "ValueId": 32384, "PolyId": 35, "AREA": 0.015625, "PERIMETER": 0.500000, "INDEX#": 35, "INDEX-ID": 32384, "TILE-NAME": "92", "TOPO-NAME": " GREAT FOX ISLAND, VA.-MD.", "SCALE": 50000, "MAPANGLE": 0.577000, "PAGESIZE": "11,17" }, "geometry": { "type": "Point", "coordinates": [ -75.937500, 37.937500 ] } }
,
{ "type": "Feature", "properties": { "ValueId": 32383, "PolyId": 36, "AREA": 0.015625, "PERIMETER": 0.500000, "INDEX#": 36, "INDEX-ID": 32383, "TILE-NAME": "93", "TOPO-NAME": " EWELL, MD.-VA.", "SCALE": 50000, "MAPANGLE": 0.654000, "PAGESIZE": "11,17" }, "geometry": { "type": "Point", "coordinates": [ -76.062500, 37.937500 ] } }
,
{ "type": "Feature", "properties": { "ValueId": 32382, "PolyId": 37, "AREA": 0.015625, "PERIMETER": 0.500000, "INDEX#": 37, "INDEX-ID": 32382, "TILE-NAME": "94", "TOPO-NAME": " SMITH POINT, VA.-MD.", "SCALE": 50000, "MAPANGLE": 0.731000, "PAGESIZE": "11,17" }, "geometry": { "type": "Point", "coordinates": [ -76.187500, 37.937500 ] } }
,
{ "type": "Feature", "properties": { "ValueId": 32381, "PolyId": 38, "AREA": 0.015625, "PERIMETER": 0.500000, "INDEX#": 38, "INDEX-ID": 32381, "TILE-NAME": "95", "TOPO-NAME": " BURGESS, VA.-MD.", "SCALE": 50000, "MAPANGLE": 0.808000, "PAGESIZE": "11,17" }, "geometry": { "type": "Point", "coordinates": [ -76.312500, 37.937500 ] } }
,
{ "type": "Feature", "properties": { "ValueId": 32380, "PolyId": 39, "AREA": 0.015625, "PERIMETER": 0.500000, "INDEX#": 39, "INDEX-ID": 32380, "TILE-NAME": "96", "TOPO-NAME": "HEATHSVILLE, VA.-MD.", "SCALE": 50000, "MAPANGLE": 0.885000, "PAGESIZE": "11,17" }, "geometry": { "type": "Point", "coordinates": [ -76.437500, 37.937500 ] } }
,
{ "type": "Feature", "properties": { "ValueId": 32378, "PolyId": 40, "AREA": 0.015625, "PERIMETER": 0.500000, "INDEX#": 40, "INDEX-ID": 32378, "TILE-NAME": "97", "TOPO-NAME": " HAYNESVILLE, VA.", "SCALE": 50000, "MAPANGLE": 1.039000, "PAGESIZE": "11,17" }, "geometry": { "type": "Point", "coordinates": [ -76.687500, 37.937500 ] } }
,
{ "type": "Feature", "properties": { "ValueId": 32376, "PolyId": 41, "AREA": 0.015625, "PERIMETER": 0.500000, "INDEX#": 41, "INDEX-ID": 32376, "TILE-NAME": "99", "TOPO-NAME": " MOUNT LANDING, VA.", "SCALE": 50000, "MAPANGLE": 1.193000, "PAGESIZE": "11,17" }, "geometry": { "type": "Point", "coordinates": [ -76.937500, 37.937500 ] } }
,
{ "type": "Feature", "properties": { "ValueId": 36488, "PolyId": 42, "AREA": 0.011979, "PERIMETER": 0.441667, "INDEX#": 42, "INDEX-ID": 36488, "TILE-NAME": "", "TOPO-NAME": "", "SCALE": 50000, "MAPANGLE": 0.000000, "PAGESIZE": "11,17" }, "geometry": { "type": "Point", "coordinates": [ -76.562500, 37.923058 ] } }
,
{ "type": "Feature", "properties": { "ValueId": 32747, "PolyId": 43, "AREA": 0.015625, "PERIMETER": 0.500000, "INDEX#": 43, "INDEX-ID": 32747, "TILE-NAME": "76", "TOPO-NAME": " WALLOPS ISLAND, VA.", "SCALE": 50000, "MAPANGLE": 0.269000, "PAGESIZE": "11,17" }, "geometry": { "type": "Point", "coordinates": [ -75.437500, 37.812500 ] } }
,
{ "type": "Feature", "properties": { "ValueId": 32746, "PolyId": 44, "AREA": 0.015625, "PERIMETER": 0.500000, "INDEX#": 44, "INDEX-ID": 32746, "TILE-NAME": "77", "TOPO-NAME": " BLOXOM, VA.", "SCALE": 50000, "MAPANGLE": 0.345000, "PAGESIZE": "11,17" }, "geometry": { "type": "Point", "coordinates": [ -75.562500, 37.812500 ] } }
,
{ "type": "Feature", "properties": { "ValueId": 32745, "PolyId": 45, "AREA": 0.015625, "PERIMETER": 0.500000, "INDEX#": 45, "INDEX-ID": 32745, "TILE-NAME": "78", "TOPO-NAME": " PARKSLEY, VA.", "SCALE": 50000, "MAPANGLE": 0.422000, "PAGESIZE": "11,17" }, "geometry": { "type": "Point", "coordinates": [ -75.687500, 37.812500 ] } }
,
{ "type": "Feature", "properties": { "ValueId": 32744, "PolyId": 46, "AREA": 0.015625, "PERIMETER": 0.500000, "INDEX#": 46, "INDEX-ID": 32744, "TILE-NAME": "79", "TOPO-NAME": " CHESCONESSEX, VA.", "SCALE": 50000, "MAPANGLE": 0.499000, "PAGESIZE": "11,17" }, "geometry": { "type": "Point", "coordinates": [ -75.812500, 37.812500 ] } }
,
{ "type": "Feature", "properties": { "ValueId": 32743, "PolyId": 47, "AREA": 0.015625, "PERIMETER": 0.500000, "INDEX#": 47, "INDEX-ID": 32743, "TILE-NAME": "80", "TOPO-NAME": " TANGIER ISLAND, VA.", "SCALE": 50000, "MAPANGLE": 0.576000, "PAGESIZE": "11,17" }, "geometry": { "type": "Point", "coordinates": [ -75.937500, 37.812500 ] } }
,
{ "type": "Feature", "properties": { "ValueId": 32742, "PolyId": 48, "AREA": 0.015625, "PERIMETER": 0.500000, "INDEX#": 48, "INDEX-ID": 32742, "TILE-NAME": "81", "TOPO-NAME": "GOOSE ISLAND, VA.", "SCALE": 50000, "MAPANGLE": 0.652000, "PAGESIZE": "11,17" }, "geometry": { "type": "Point", "coordinates": [ -76.062500, 37.812500 ] } }
,
{ "type": "Feature", "properties": { "ValueId": 32741, "PolyId": 49, "AREA": 0.015625, "PERIMETER": 0.500000, "INDEX#": 49, "INDEX-ID": 32741, "TILE-NAME": "82", "TOPO-NAME": " EAST OF REEDVILLE, VA.", "SCALE": 50000, "MAPANGLE": 0.729000, "PAGESIZE": "11,17" }, "geometry": { "type": "Point", "coordinates": [ -76.187500, 37.812500 ] } }
,
{ "type": "Feature", "properties": { "ValueId": 32740, "PolyId": 50, "AREA": 0.015625, "PERIMETER": 0.500000, "INDEX#": 50, "INDEX-ID": 32740, "TILE-NAME": "83", "TOPO-NAME": " REEDVILLE, VA.", "SCALE": 50000, "MAPANGLE": 0.806000, "PAGESIZE": "11,17" }, "geometry": { "type": "Point", "coordinates": [ -76.312500, 37.812500 ] } }
,
{ "type": "Feature", "properties": { "ValueId": 32739, "PolyId": 51, "AREA": 0.015625, "PERIMETER": 0.500000, "INDEX#": 51, "INDEX-ID": 32739, "TILE-NAME": "84", "TOPO-NAME": " LANCASTER, VA.", "SCALE": 50000, "MAPANGLE": 0.883000, "PAGESIZE": "11,17" }, "geometry": { "type": "Point", "coordinates": [ -76.437500, 37.812500 ] } }
,
{ "type": "Feature", "properties": { "ValueId": 32738, "PolyId": 52, "AREA": 0.015625, "PERIMETER": 0.500000, "INDEX#": 52, "INDEX-ID": 32738, "TILE-NAME": "85", "TOPO-NAME": " LIVELY, VA.", "SCALE": 50000, "MAPANGLE": 0.960000, "PAGESIZE": "11,17" }, "geometry": { "type": "Point", "coordinates": [ -76.562500, 37.812500 ] } }
,
{ "type": "Feature", "properties": { "ValueId": 32737, "PolyId": 53, "AREA": 0.015625, "PERIMETER": 0.500000, "INDEX#": 53, "INDEX-ID": 32737, "TILE-NAME": "86", "TOPO-NAME": " MORATTICO, VA.", "SCALE": 50000, "MAPANGLE": 1.036000, "PAGESIZE": "11,17" }, "geometry": { "type": "Point", "coordinates": [ -76.687500, 37.812500 ] } }
,
{ "type": "Feature", "properties": { "ValueId": 32736, "PolyId": 54, "AREA": 0.015625, "PERIMETER": 0.500000, "INDEX#": 54, "INDEX-ID": 32736, "TILE-NAME": "87", "TOPO-NAME": " DUNNSVILLE, VA.", "SCALE": 50000, "MAPANGLE": 1.113000, "PAGESIZE": "11,17" }, "geometry": { "type": "Point", "coordinates": [ -76.812500, 37.812500 ] } }
,
{ "type": "Feature", "properties": { "ValueId": 33140, "PolyId": 55, "AREA": 0.015625, "PERIMETER": 0.500000, "INDEX#": 55, "INDEX-ID": 33140, "TILE-NAME": "67", "TOPO-NAME": " METOMPKIN INLET, VA.", "SCALE": 50000, "MAPANGLE": 0.344000, "PAGESIZE": "11,17" }, "geometry": { "type": "Point", "coordinates": [ -75.562500, 37.687500 ] } }
,
{ "type": "Feature", "properties": { "ValueId": 33139, "PolyId": 56, "AREA": 0.015625, "PERIMETER": 0.500000, "INDEX#": 56, "INDEX-ID": 33139, "TILE-NAME": "68", "TOPO-NAME": " ACCOMAC, VA.", "SCALE": 50000, "MAPANGLE": 0.421000, "PAGESIZE": "11,17" }, "geometry": { "type": "Point", "coordinates": [ -75.687500, 37.687500 ] } }
,
{ "type": "Feature", "properties": { "ValueId": 33138, "PolyId": 57, "AREA": 0.015625, "PERIMETER": 0.500000, "INDEX#": 57, "INDEX-ID": 33138, "TILE-NAME": "69", "TOPO-NAME": " PUNGOTEAGUE, VA.", "SCALE": 50000, "MAPANGLE": 0.497000, "PAGESIZE": "11,17" }, "geometry": { "type": "Point", "coordinates": [ -75.812500, 37.687500 ] } }
,
{ "type": "Feature", "properties": { "ValueId": 33137, "PolyId": 58, "AREA": 0.015625, "PERIMETER": 0.500000, "INDEX#": 58, "INDEX-ID": 33137, "TILE-NAME": "70", "TOPO-NAME": " NANDUA CREEK, VA.", "SCALE": 50000, "MAPANGLE": 0.574000, "PAGESIZE": "11,17" }, "geometry": { "type": "Point", "coordinates": [ -75.937500, 37.687500 ] } }
,
{ "type": "Feature", "properties": { "ValueId": 33136, "PolyId": 59, "AREA": 0.015625, "PERIMETER": 0.500000, "INDEX#": 59, "INDEX-ID": 33136, "TILE-NAME": "71", "TOPO-NAME": " WEST OF NANDUA CREEK, VA.", "SCALE": 50000, "MAPANGLE": 0.651000, "PAGESIZE": "11,17" }, "geometry": { "type": "Point", "coordinates": [ -76.062500, 37.687500 ] } }
,
{ "type": "Feature", "properties": { "ValueId": 33135, "PolyId": 60, "AREA": 0.015625, "PERIMETER": 0.500000, "INDEX#": 60, "INDEX-ID": 33135, "TILE-NAME": "72", "TOPO-NAME": "EAST OF FLEETS BAY, VA.", "SCALE": 50000, "MAPANGLE": 0.727000, "PAGESIZE": "11,17" }, "geometry": { "type": "Point", "coordinates": [ -76.187500, 37.687500 ] } }
,
{ "type": "Feature", "properties": { "ValueId": 33134, "PolyId": 61, "AREA": 0.015625, "PERIMETER": 0.500000, "INDEX#": 61, "INDEX-ID": 33134, "TILE-NAME": "73", "TOPO-NAME": " FLEETS BAY, VA.", "SCALE": 50000, "MAPANGLE": 0.804000, "PAGESIZE": "11,17" }, "geometry": { "type": "Point", "coordinates": [ -76.312500, 37.687500 ] } }
,
{ "type": "Feature", "properties": { "ValueId": 33133, "PolyId": 62, "AREA": 0.015625, "PERIMETER": 0.500000, "INDEX#": 62, "INDEX-ID": 33133, "TILE-NAME": "74", "TOPO-NAME": " IRVINGTON, VA.", "SCALE": 50000, "MAPANGLE": 0.880000, "PAGESIZE": "11,17" }, "geometry": { "type": "Point", "coordinates": [ -76.437500, 37.687500 ] } }
,
{ "type": "Feature", "properties": { "ValueId": 33132, "PolyId": 63, "AREA": 0.017708, "PERIMETER": 0.533333, "INDEX#": 63, "INDEX-ID": 33132, "TILE-NAME": "75", "TOPO-NAME": " URBANNA, VA.", "SCALE": 55000, "MAPANGLE": 1.000000, "PAGESIZE": "11,17" }, "geometry": { "type": "Point", "coordinates": [ -76.562500, 37.687500 ] } }
,
{ "type": "Feature", "properties": { "ValueId": 33517, "PolyId": 64, "AREA": 0.020833, "PERIMETER": 0.583333, "INDEX#": 64, "INDEX-ID": 33517, "TILE-NAME": "59", "TOPO-NAME": " WACHAPREAGUE, VA.", "SCALE": 58000, "MAPANGLE": 0.420000, "PAGESIZE": "11,17" }, "geometry": { "type": "Point", "coordinates": [ -75.687500, 37.562500 ] } }
,
{ "type": "Feature", "properties": { "ValueId": 33516, "PolyId": 65, "AREA": 0.015625, "PERIMETER": 0.500000, "INDEX#": 65, "INDEX-ID": 33516, "TILE-NAME": "60", "TOPO-NAME": " EXMORE, VA.", "SCALE": 50000, "MAPANGLE": 0.496000, "PAGESIZE": "11,17" }, "geometry": { "type": "Point", "coordinates": [ -75.812500, 37.562500 ] } }
,
{ "type": "Feature", "properties": { "ValueId": 33515, "PolyId": 66, "AREA": 0.015625, "PERIMETER": 0.500000, "INDEX#": 66, "INDEX-ID": 33515, "TILE-NAME": "61", "TOPO-NAME": " JAMESVILLE, VA.", "SCALE": 50000, "MAPANGLE": 0.572000, "PAGESIZE": "11,17" }, "geometry": { "type": "Point", "coordinates": [ -75.937500, 37.562500 ] } }
,
{ "type": "Feature", "properties": { "ValueId": 33514, "PolyId": 67, "AREA": 0.015625, "PERIMETER": 0.500000, "INDEX#": 67, "INDEX-ID": 33514, "TILE-NAME": "62", "TOPO-NAME": " WEST OF JAMESVILLE, VA.", "SCALE": 50000, "MAPANGLE": 0.649000, "PAGESIZE": "11,17" }, "geometry": { "type": "Point", "coordinates": [ -76.062500, 37.562500 ] } }
,
{ "type": "Feature", "properties": { "ValueId": 33513, "PolyId": 68, "AREA": 0.015625, "PERIMETER": 0.500000, "INDEX#": 68, "INDEX-ID": 33513, "TILE-NAME": "63", "TOPO-NAME": " EAST OF DELTAVILLE, VA.", "SCALE": 50000, "MAPANGLE": 0.725000, "PAGESIZE": "11,17" }, "geometry": { "type": "Point", "coordinates": [ -76.187500, 37.562500 ] } }
,
{ "type": "Feature", "properties": { "ValueId": 33512, "PolyId": 69, "AREA": 0.015625, "PERIMETER": 0.500000, "INDEX#": 69, "INDEX-ID": 33512, "TILE-NAME": "64", "TOPO-NAME": " DELTAVILLE, VA.", "SCALE": 50000, "MAPANGLE": 0.801000, "PAGESIZE": "11,17" }, "geometry": { "type": "Point", "coordinates": [ -76.312500, 37.562500 ] } }
,
{ "type": "Feature", "properties": { "ValueId": 33511, "PolyId": 70, "AREA": 0.015625, "PERIMETER": 0.500000, "INDEX#": 70, "INDEX-ID": 33511, "TILE-NAME": "65", "TOPO-NAME": " WILTON, VA.", "SCALE": 50000, "MAPANGLE": 0.878000, "PAGESIZE": "11,17" }, "geometry": { "type": "Point", "coordinates": [ -76.437500, 37.562500 ] } }
,
{ "type": "Feature", "properties": { "ValueId": 33510, "PolyId": 71, "AREA": 0.015625, "PERIMETER": 0.500000, "INDEX#": 71, "INDEX-ID": 33510, "TILE-NAME": "66", "TOPO-NAME": " SALUDA, VA.", "SCALE": 50000, "MAPANGLE": 0.998000, "PAGESIZE": "11,17" }, "geometry": { "type": "Point", "coordinates": [ -76.562500, 37.562500 ] } }
,
{ "type": "Feature", "properties": { "ValueId": 33508, "PolyId": 72, "AREA": 0.015625, "PERIMETER": 0.500000, "INDEX#": 72, "INDEX-ID": 33508, "TILE-NAME": "57", "TOPO-NAME": " WEST POINT, VA.", "SCALE": 50000, "MAPANGLE": 1.107000, "PAGESIZE": "11,17" }, "geometry": { "type": "Point", "coordinates": [ -76.812500, 37.562500 ] } }
,
{ "type": "Feature", "properties": { "ValueId": 33507, "PolyId": 73, "AREA": 0.015625, "PERIMETER": 0.500000, "INDEX#": 73, "INDEX-ID": 33507, "TILE-NAME": "58", "TOPO-NAME": " NEW KENT, VA.", "SCALE": 50000, "MAPANGLE": 1.183000, "PAGESIZE": "11,17" }, "geometry": { "type": "Point", "coordinates": [ -76.937500, 37.562500 ] } }
,
{ "type": "Feature", "properties": { "ValueId": 33503, "PolyId": 74, "AREA": 0.015625, "PERIMETER": 0.500000, "INDEX#": 74, "INDEX-ID": 33503, "TILE-NAME": "47", "TOPO-NAME": " RICHMOND, VA.", "SCALE": 50000, "MAPANGLE": 1.489000, "PAGESIZE": "11,17" }, "geometry": { "type": "Point", "coordinates": [ -77.437500, 37.562500 ] } }
,
{ "type": "Feature", "properties": { "ValueId": 33897, "PolyId": 75, "AREA": 0.015625, "PERIMETER": 0.500000, "INDEX#": 75, "INDEX-ID": 33897, "TILE-NAME": "48", "TOPO-NAME": " QUINBY INLET, VA.", "SCALE": 50000, "MAPANGLE": 0.419000, "PAGESIZE": "11,17" }, "geometry": { "type": "Point", "coordinates": [ -75.687500, 37.437500 ] } }
,
{ "type": "Feature", "properties": { "ValueId": 33896, "PolyId": 76, "AREA": 0.015625, "PERIMETER": 0.500000, "INDEX#": 76, "INDEX-ID": 33896, "TILE-NAME": "49", "TOPO-NAME": " NASSAWADOX, VA.", "SCALE": 50000, "MAPANGLE": 0.495000, "PAGESIZE": "11,17" }, "geometry": { "type": "Point", "coordinates": [ -75.812500, 37.437500 ] } }
,
{ "type": "Feature", "properties": { "ValueId": 33895, "PolyId": 77, "AREA": 0.015625, "PERIMETER": 0.500000, "INDEX#": 77, "INDEX-ID": 33895, "TILE-NAME": "50", "TOPO-NAME": " FRANKTOWN, VA.", "SCALE": 50000, "MAPANGLE": 0.571000, "PAGESIZE": "11,17" }, "geometry": { "type": "Point", "coordinates": [ -75.937500, 37.437500 ] } }
,
{ "type": "Feature", "properties": { "ValueId": 33894, "PolyId": 78, "AREA": 0.015625, "PERIMETER": 0.500000, "INDEX#": 78, "INDEX-ID": 33894, "TILE-NAME": "51", "TOPO-NAME": "WEST OF FRANKTOWN, VA.", "SCALE": 50000, "MAPANGLE": 0.647000, "PAGESIZE": "11,17" }, "geometry": { "type": "Point", "coordinates": [ -76.062500, 37.437500 ] } }
,
{ "type": "Feature", "properties": { "ValueId": 33894, "PolyId": 79, "AREA": 0.015625, "PERIMETER": 0.500000, "INDEX#": 79, "INDEX-ID": 33894, "TILE-NAME": "52", "TOPO-NAME": "BETHEL BEACH, VA.", "SCALE": 50000, "MAPANGLE": 0.723000, "PAGESIZE": "11,17" }, "geometry": { "type": "Point", "coordinates": [ -76.187500, 37.437500 ] } }
,
{ "type": "Feature", "properties": { "ValueId": 33893, "PolyId": 80, "AREA": 0.015625, "PERIMETER": 0.500000, "INDEX#": 80, "INDEX-ID": 33893, "TILE-NAME": "53", "TOPO-NAME": " MATHEWS, VA.", "SCALE": 50000, "MAPANGLE": 0.799000, "PAGESIZE": "11,17" }, "geometry": { "type": "Point", "coordinates": [ -76.312500, 37.437500 ] } }
,
{ "type": "Feature", "properties": { "ValueId": 33892, "PolyId": 81, "AREA": 0.016667, "PERIMETER": 0.516667, "INDEX#": 81, "INDEX-ID": 33892, "TILE-NAME": "54", "TOPO-NAME": " WARE NECK, VA.", "SCALE": 50000, "MAPANGLE": 0.916000, "PAGESIZE": "11,17" }, "geometry": { "type": "Point", "coordinates": [ -76.437500, 37.437500 ] } }
,
{ "type": "Feature", "properties": { "ValueId": 36489, "PolyId": 82, "AREA": 0.014583, "PERIMETER": 0.483333, "INDEX#": 82, "INDEX-ID": 36489, "TILE-NAME": "", "TOPO-NAME": "", "SCALE": 50000, "MAPANGLE": 0.000000, "PAGESIZE": "11,17" }, "geometry": { "type": "Point", "coordinates": [ -76.566667, 37.437685 ] } }
,
{ "type": "Feature", "properties": { "ValueId": 33890, "PolyId": 83, "AREA": 0.015625, "PERIMETER": 0.500000, "INDEX#": 83, "INDEX-ID": 33890, "TILE-NAME": "55", "TOPO-NAME": " GRESSITT, VA.", "SCALE": 50000, "MAPANGLE": 1.028000, "PAGESIZE": "11,17" }, "geometry": { "type": "Point", "coordinates": [ -76.687500, 37.437500 ] } }
,
{ "type": "Feature", "properties": { "ValueId": 33889, "PolyId": 84, "AREA": 0.015625, "PERIMETER": 0.500000, "INDEX#": 84, "INDEX-ID": 33889, "TILE-NAME": "56", "TOPO-NAME": " TOANO, VA.", "SCALE": 50000, "MAPANGLE": 1.104000, "PAGESIZE": "11,17" }, "geometry": { "type": "Point", "coordinates": [ -76.812500, 37.437500 ] } }
,
{ "type": "Feature", "properties": { "ValueId": 33884, "PolyId": 85, "AREA": 0.018750, "PERIMETER": 0.550000, "INDEX#": 85, "INDEX-ID": 33884, "TILE-NAME": "46", "TOPO-NAME": " DREWRYS BLUFF, VA.", "SCALE": 55000, "MAPANGLE": 0.000000, "PAGESIZE": "11,17" }, "geometry": { "type": "Point", "coordinates": [ -77.437500, 37.437500 ] } }
,
{ "type": "Feature", "properties": { "ValueId": 34261, "PolyId": 86, "AREA": 0.018750, "PERIMETER": 0.550000, "INDEX#": 86, "INDEX-ID": 34261, "TILE-NAME": "45", "TOPO-NAME": " HOPEWELL, VA.", "SCALE": 55000, "MAPANGLE": 1.406000, "PAGESIZE": "11,17" }, "geometry": { "type": "Point", "coordinates": [ -77.312500, 37.312500 ] } }
,
{ "type": "Feature", "properties": { "ValueId": 34262, "PolyId": 87, "AREA": 0.017708, "PERIMETER": 0.533333, "INDEX#": 87, "INDEX-ID": 34262, "TILE-NAME": "44", "TOPO-NAME": " WESTOVER, VA.", "SCALE": 55000, "MAPANGLE": 1.330000, "PAGESIZE": "11,17" }, "geometry": { "type": "Point", "coordinates": [ -77.187500, 37.312500 ] } }
,
{ "type": "Feature", "properties": { "ValueId": 34273, "PolyId": 88, "AREA": 0.015625, "PERIMETER": 0.500000, "INDEX#": 88, "INDEX-ID": 34273, "TILE-NAME": "32", "TOPO-NAME": " GREAT MACHIPONGO INLET, VA.", "SCALE": 50000, "MAPANGLE": 0.417000, "PAGESIZE": "11,17" }, "geometry": { "type": "Point", "coordinates": [ -75.687500, 37.312500 ] } }
,
{ "type": "Feature", "properties": { "ValueId": 34272, "PolyId": 89, "AREA": 0.015625, "PERIMETER": 0.500000, "INDEX#": 89, "INDEX-ID": 34272, "TILE-NAME": "33", "TOPO-NAME": " COBB ISLAND, VA.", "SCALE": 50000, "MAPANGLE": 0.493000, "PAGESIZE": "11,17" }, "geometry": { "type": "Point", "coordinates": [ -75.812500, 37.312500 ] } }
,
{ "type": "Feature", "properties": { "ValueId": 34271, "PolyId": 90, "AREA": 0.015625, "PERIMETER": 0.500000, "INDEX#": 90, "INDEX-ID": 34271, "TILE-NAME": "34", "TOPO-NAME": " CHERITON, VA.", "SCALE": 50000, "MAPANGLE": 0.569000, "PAGESIZE": "11,17" }, "geometry": { "type": "Point", "coordinates": [ -75.937500, 37.312500 ] } }
,
{ "type": "Feature", "properties": { "ValueId": 34270, "PolyId": 91, "AREA": 0.015625, "PERIMETER": 0.500000, "INDEX#": 91, "INDEX-ID": 34270, "TILE-NAME": "35", "TOPO-NAME": " CAPE CHARLES, VA.", "SCALE": 50000, "MAPANGLE": 0.645000, "PAGESIZE": "11,17" }, "geometry": { "type": "Point", "coordinates": [ -76.062500, 37.312500 ] } }
,
{ "type": "Feature", "properties": { "ValueId": 33894, "PolyId": 92, "AREA": 0.015625, "PERIMETER": 0.500000, "INDEX#": 92, "INDEX-ID": 33894, "TILE-NAME": "36", "TOPO-NAME": "EAST OF NEW POINT COMFORT, VA.", "SCALE": 50000, "MAPANGLE": 0.721000, "PAGESIZE": "11,17" }, "geometry": { "type": "Point", "coordinates": [ -76.187500, 37.312500 ] } }
,
{ "type": "Feature", "properties": { "ValueId": 34269, "PolyId": 93, "AREA": 0.015625, "PERIMETER": 0.500000, "INDEX#": 93, "INDEX-ID": 34269, "TILE-NAME": "37", "TOPO-NAME": " NEW POINT COMFORT, VA.", "SCALE": 50000, "MAPANGLE": 0.797000, "PAGESIZE": "11,17" }, "geometry": { "type": "Point", "coordinates": [ -76.312500, 37.312500 ] } }
,
{ "type": "Feature", "properties": { "ValueId": 34268, "PolyId": 94, "AREA": 0.015625, "PERIMETER": 0.500000, "INDEX#": 94, "INDEX-ID": 34268, "TILE-NAME": "38", "TOPO-NAME": " ACHILLES, VA.", "SCALE": 50000, "MAPANGLE": 0.913000, "PAGESIZE": "11,17" }, "geometry": { "type": "Point", "coordinates": [ -76.437500, 37.312500 ] } }
,
{ "type": "Feature", "properties": { "ValueId": 34267, "PolyId": 95, "AREA": 0.015625, "PERIMETER": 0.500000, "INDEX#": 95, "INDEX-ID": 34267, "TILE-NAME": "39", "TOPO-NAME": " CLAY BANK, VA.", "SCALE": 50000, "MAPANGLE": 0.951000, "PAGESIZE": "11,17" }, "geometry": { "type": "Point", "coordinates": [ -76.562500, 37.312500 ] } }
,
{ "type": "Feature", "properties": { "ValueId": 34266, "PolyId": 96, "AREA": 0.015625, "PERIMETER": 0.500000, "INDEX#": 96, "INDEX-ID": 34266, "TILE-NAME": "40", "TOPO-NAME": " WILLIAMSBURG, VA.", "SCALE": 50000, "MAPANGLE": 1.025000, "PAGESIZE": "11,17" }, "geometry": { "type": "Point", "coordinates": [ -76.687500, 37.312500 ] } }
,
{ "type": "Feature", "properties": { "ValueId": 34265, "PolyId": 97, "AREA": 0.015625, "PERIMETER": 0.500000, "INDEX#": 97, "INDEX-ID": 34265, "TILE-NAME": "41", "TOPO-NAME": " NORGE, VA.", "SCALE": 50000, "MAPANGLE": 1.101000, "PAGESIZE": "11,17" }, "geometry": { "type": "Point", "coordinates": [ -76.812500, 37.312500 ] } }
,
{ "type": "Feature", "properties": { "ValueId": 34264, "PolyId": 98, "AREA": 0.015625, "PERIMETER": 0.500000, "INDEX#": 98, "INDEX-ID": 34264, "TILE-NAME": "42", "TOPO-NAME": " BRANDON, VA.", "SCALE": 50000, "MAPANGLE": 1.177000, "PAGESIZE": "11,17" }, "geometry": { "type": "Point", "coordinates": [ -76.937500, 37.312500 ] } }
,
{ "type": "Feature", "properties": { "ValueId": 34263, "PolyId": 99, "AREA": 0.018750, "PERIMETER": 0.550000, "INDEX#": 99, "INDEX-ID": 34263, "TILE-NAME": "43", "TOPO-NAME": " CHARLES CITY, VA.", "SCALE": 55000, "MAPANGLE": 1.252000, "PAGESIZE": "11,17" }, "geometry": { "type": "Point", "coordinates": [ -77.062500, 37.312500 ] } }
,
{ "type": "Feature", "properties": { "ValueId": 34641, "PolyId": 100, "AREA": 0.015625, "PERIMETER": 0.500000, "INDEX#": 100, "INDEX-ID": 34641, "TILE-NAME": "22", "TOPO-NAME": " SHIP SHOAL INLET, VA.", "SCALE": 50000, "MAPANGLE": 0.492000, "PAGESIZE": "11,17" }, "geometry": { "type": "Point", "coordinates": [ -75.812500, 37.187500 ] } }
,
{ "type": "Feature", "properties": { "ValueId": 34640, "PolyId": 101, "AREA": 0.015625, "PERIMETER": 0.500000, "INDEX#": 101, "INDEX-ID": 34640, "TILE-NAME": "23", "TOPO-NAME": " TOWNSEND, VA.", "SCALE": 50000, "MAPANGLE": 0.568000, "PAGESIZE": "11,17" }, "geometry": { "type": "Point", "coordinates": [ -75.937500, 37.187500 ] } }
,
{ "type": "Feature", "properties": { "ValueId": 34639, "PolyId": 102, "AREA": 0.015625, "PERIMETER": 0.500000, "INDEX#": 102, "INDEX-ID": 34639, "TILE-NAME": "24", "TOPO-NAME": " ELLIOTTS CREEK, VA.", "SCALE": 50000, "MAPANGLE": 0.643000, "PAGESIZE": "11,17" }, "geometry": { "type": "Point", "coordinates": [ -76.062500, 37.187500 ] } }
,
{ "type": "Feature", "properties": { "ValueId": 34638, "PolyId": 103, "AREA": 0.015625, "PERIMETER": 0.500000, "INDEX#": 103, "INDEX-ID": 34638, "TILE-NAME": "25", "TOPO-NAME": " EAST OF POQUOSON EAST, VA.", "SCALE": 50000, "MAPANGLE": 0.719000, "PAGESIZE": "11,17" }, "geometry": { "type": "Point", "coordinates": [ -76.187500, 37.187500 ] } }
,
{ "type": "Feature", "properties": { "ValueId": 34637, "PolyId": 104, "AREA": 0.015625, "PERIMETER": 0.500000, "INDEX#": 104, "INDEX-ID": 34637, "TILE-NAME": "26", "TOPO-NAME": " POQUOSON EAST, VA.", "SCALE": 50000, "MAPANGLE": 0.795000, "PAGESIZE": "11,17" }, "geometry": { "type": "Point", "coordinates": [ -76.312500, 37.187500 ] } }
,
{ "type": "Feature", "properties": { "ValueId": 34636, "PolyId": 105, "AREA": 0.015625, "PERIMETER": 0.500000, "INDEX#": 105, "INDEX-ID": 34636, "TILE-NAME": "27", "TOPO-NAME": " POQUOSON WEST, VA.", "SCALE": 50000, "MAPANGLE": 0.870000, "PAGESIZE": "11,17" }, "geometry": { "type": "Point", "coordinates": [ -76.437500, 37.187500 ] } }
,
{ "type": "Feature", "properties": { "ValueId": 34635, "PolyId": 106, "AREA": 0.015625, "PERIMETER": 0.500000, "INDEX#": 106, "INDEX-ID": 34635, "TILE-NAME": "28", "TOPO-NAME": " YORKTOWN, VA.", "SCALE": 50000, "MAPANGLE": 0.946000, "PAGESIZE": "11,17" }, "geometry": { "type": "Point", "coordinates": [ -76.562500, 37.187500 ] } }
,
{ "type": "Feature", "properties": { "ValueId": 34634, "PolyId": 107, "AREA": 0.015625, "PERIMETER": 0.500000, "INDEX#": 107, "INDEX-ID": 34634, "TILE-NAME": "29", "TOPO-NAME": " HOG ISLAND, VA.", "SCALE": 50000, "MAPANGLE": 1.022000, "PAGESIZE": "11,17" }, "geometry": { "type": "Point", "coordinates": [ -76.687500, 37.187500 ] } }
,
{ "type": "Feature", "properties": { "ValueId": 34633, "PolyId": 108, "AREA": 0.015625, "PERIMETER": 0.500000, "INDEX#": 108, "INDEX-ID": 34633, "TILE-NAME": "30", "TOPO-NAME": " SURRY, VA.", "SCALE": 50000, "MAPANGLE": 1.098000, "PAGESIZE": "11,17" }, "geometry": { "type": "Point", "coordinates": [ -76.812500, 37.187500 ] } }
,
{ "type": "Feature", "properties": { "ValueId": 34632, "PolyId": 109, "AREA": 0.015625, "PERIMETER": 0.500000, "INDEX#": 109, "INDEX-ID": 34632, "TILE-NAME": "31", "TOPO-NAME": " CLAREMONT, VA.", "SCALE": 50000, "MAPANGLE": 1.173000, "PAGESIZE": "11,17" }, "geometry": { "type": "Point", "coordinates": [ -76.937500, 37.187500 ] } }
,
{ "type": "Feature", "properties": { "ValueId": 35010, "PolyId": 110, "AREA": 0.015625, "PERIMETER": 0.500000, "INDEX#": 110, "INDEX-ID": 35010, "TILE-NAME": "15", "TOPO-NAME": " FISHERMANS ISLAND, VA.", "SCALE": 50000, "MAPANGLE": 0.566000, "PAGESIZE": "11,17" }, "geometry": { "type": "Point", "coordinates": [ -75.937500, 37.062500 ] } }
,
{ "type": "Feature", "properties": { "ValueId": 35009, "PolyId": 111, "AREA": 0.015625, "PERIMETER": 0.500000, "INDEX#": 111, "INDEX-ID": 35009, "TILE-NAME": "16", "TOPO-NAME": " CHESAPEAKE CHANNEL, VA.", "SCALE": 50000, "MAPANGLE": 0.641000, "PAGESIZE": "11,17" }, "geometry": { "type": "Point", "coordinates": [ -76.062500, 37.062500 ] } }
,
{ "type": "Feature", "properties": { "ValueId": 35008, "PolyId": 112, "AREA": 0.015625, "PERIMETER": 0.500000, "INDEX#": 112, "INDEX-ID": 35008, "TILE-NAME": "17", "TOPO-NAME": " EAST OF HAMPTON, VA.", "SCALE": 50000, "MAPANGLE": 0.717000, "PAGESIZE": "11,17" }, "geometry": { "type": "Point", "coordinates": [ -76.187500, 37.062500 ] } }
,
{ "type": "Feature", "properties": { "ValueId": 35007, "PolyId": 113, "AREA": 0.015625, "PERIMETER": 0.500000, "INDEX#": 113, "INDEX-ID": 35007, "TILE-NAME": "18", "TOPO-NAME": " HAMPTON, VA.", "SCALE": 50000, "MAPANGLE": 0.792000, "PAGESIZE": "11,17" }, "geometry": { "type": "Point", "coordinates": [ -76.312500, 37.062500 ] } }
,
{ "type": "Feature", "properties": { "ValueId": 35006, "PolyId": 114, "AREA": 0.015625, "PERIMETER": 0.500000, "INDEX#": 114, "INDEX-ID": 35006, "TILE-NAME": "19", "TOPO-NAME": " NEWPORT NEWS NORTH, VA.", "SCALE": 50000, "MAPANGLE": 0.868000, "PAGESIZE": "11,17" }, "geometry": { "type": "Point", "coordinates": [ -76.437500, 37.062500 ] } }
,
{ "type": "Feature", "properties": { "ValueId": 35005, "PolyId": 115, "AREA": 0.015625, "PERIMETER": 0.500000, "INDEX#": 115, "INDEX-ID": 35005, "TILE-NAME": "20", "TOPO-NAME": " MULBERRY ISLAND, VA.", "SCALE": 50000, "MAPANGLE": 0.943000, "PAGESIZE": "11,17" }, "geometry": { "type": "Point", "coordinates": [ -76.562500, 37.062500 ] } }
,
{ "type": "Feature", "properties": { "ValueId": 35004, "PolyId": 116, "AREA": 0.015625, "PERIMETER": 0.500000, "INDEX#": 116, "INDEX-ID": 35004, "TILE-NAME": "21", "TOPO-NAME": " BACONS CASTLE, VA.", "SCALE": 50000, "MAPANGLE": 1.019000, "PAGESIZE": "11,17" }, "geometry": { "type": "Point", "coordinates": [ -76.687500, 37.062500 ] } }
,
{ "type": "Feature", "properties": { "ValueId": 35388, "PolyId": 117, "AREA": 0.015625, "PERIMETER": 0.500000, "INDEX#": 117, "INDEX-ID": 35388, "TILE-NAME": "9", "TOPO-NAME": " NORTH VIRGINIA BEACH, VA.", "SCALE": 50000, "MAPANGLE": 0.564000, "PAGESIZE": "11,17" }, "geometry": { "type": "Point", "coordinates": [ -75.937500, 36.937500 ] } }
,
{ "type": "Feature", "properties": { "ValueId": 35387, "PolyId": 118, "AREA": 0.015625, "PERIMETER": 0.500000, "INDEX#": 118, "INDEX-ID": 35387, "TILE-NAME": "10", "TOPO-NAME": " CAPE HENRY, VA.", "SCALE": 50000, "MAPANGLE": 0.640000, "PAGESIZE": "11,17" }, "geometry": { "type": "Point", "coordinates": [ -76.062500, 36.937500 ] } }
,
{ "type": "Feature", "properties": { "ValueId": 35386, "PolyId": 119, "AREA": 0.015625, "PERIMETER": 0.500000, "INDEX#": 119, "INDEX-ID": 35386, "TILE-NAME": "11", "TOPO-NAME": " LITTLE CREEK, VA.", "SCALE": 50000, "MAPANGLE": 0.715000, "PAGESIZE": "11,17" }, "geometry": { "type": "Point", "coordinates": [ -76.187500, 36.937500 ] } }
,
{ "type": "Feature", "properties": { "ValueId": 35385, "PolyId": 120, "AREA": 0.015625, "PERIMETER": 0.500000, "INDEX#": 120, "INDEX-ID": 35385, "TILE-NAME": "12", "TOPO-NAME": " NORFOLK NORTH, VA.", "SCALE": 50000, "MAPANGLE": 0.790000, "PAGESIZE": "11,17" }, "geometry": { "type": "Point", "coordinates": [ -76.312500, 36.937500 ] } }
,
{ "type": "Feature", "properties": { "ValueId": 35384, "PolyId": 121, "AREA": 0.015625, "PERIMETER": 0.500000, "INDEX#": 121, "INDEX-ID": 35384, "TILE-NAME": "13", "TOPO-NAME": " NEWPORT NEWS SOUTH, VA.", "SCALE": 50000, "MAPANGLE": 0.865000, "PAGESIZE": "11,17" }, "geometry": { "type": "Point", "coordinates": [ -76.437500, 36.937500 ] } }
,
{ "type": "Feature", "properties": { "ValueId": 35383, "PolyId": 122, "AREA": 0.015625, "PERIMETER": 0.500000, "INDEX#": 122, "INDEX-ID": 35383, "TILE-NAME": "14", "TOPO-NAME": " BENNS CHURCH, VA.", "SCALE": 50000, "MAPANGLE": 0.941000, "PAGESIZE": "11,17" }, "geometry": { "type": "Point", "coordinates": [ -76.562500, 36.937500 ] } }
,
{ "type": "Feature", "properties": { "ValueId": 35754, "PolyId": 123, "AREA": 0.015625, "PERIMETER": 0.500000, "INDEX#": 123, "INDEX-ID": 35754, "TILE-NAME": "3", "TOPO-NAME": " VIRGINIA BEACH, VA.", "SCALE": 50000, "MAPANGLE": 0.563000, "PAGESIZE": "11,17" }, "geometry": { "type": "Point", "coordinates": [ -75.937500, 36.812500 ] } }
,
{ "type": "Feature", "properties": { "ValueId": 35753, "PolyId": 124, "AREA": 0.015625, "PERIMETER": 0.500000, "INDEX#": 124, "INDEX-ID": 35753, "TILE-NAME": "4", "TOPO-NAME": " PRINCESS ANNE, VA.", "SCALE": 50000, "MAPANGLE": 0.638000, "PAGESIZE": "11,17" }, "geometry": { "type": "Point", "coordinates": [ -76.062500, 36.812500 ] } }
,
{ "type": "Feature", "properties": { "ValueId": 35752, "PolyId": 125, "AREA": 0.015625, "PERIMETER": 0.500000, "INDEX#": 125, "INDEX-ID": 35752, "TILE-NAME": "5", "TOPO-NAME": " KEMPSVILLE, VA.", "SCALE": 50000, "MAPANGLE": 0.713000, "PAGESIZE": "11,17" }, "geometry": { "type": "Point", "coordinates": [ -76.187500, 36.812500 ] } }
,
{ "type": "Feature", "properties": { "ValueId": 35751, "PolyId": 126, "AREA": 0.015625, "PERIMETER": 0.500000, "INDEX#": 126, "INDEX-ID": 35751, "TILE-NAME": "6", "TOPO-NAME": " NORFOLK SOUTH, VA.", "SCALE": 50000, "MAPANGLE": 0.788000, "PAGESIZE": "11,17" }, "geometry": { "type": "Point", "coordinates": [ -76.312500, 36.812500 ] } }
,
{ "type": "Feature", "properties": { "ValueId": 35750, "PolyId": 127, "AREA": 0.015625, "PERIMETER": 0.500000, "INDEX#": 127, "INDEX-ID": 35750, "TILE-NAME": "7", "TOPO-NAME": " BOWERS HILL, VA.", "SCALE": 50000, "MAPANGLE": 0.863000, "PAGESIZE": "11,17" }, "geometry": { "type": "Point", "coordinates": [ -76.437500, 36.812500 ] } }
,
{ "type": "Feature", "properties": { "ValueId": 35749, "PolyId": 128, "AREA": 0.015625, "PERIMETER": 0.500000, "INDEX#": 128, "INDEX-ID": 35749, "TILE-NAME": "8", "TOPO-NAME": " CHUCKATUCK, VA.", "SCALE": 50000, "MAPANGLE": 0.938000, "PAGESIZE": "11,17" }, "geometry": { "type": "Point", "coordinates": [ -76.562500, 36.812500 ] } }
,
{ "type": "Feature", "properties": { "ValueId": 36124, "PolyId": 129, "AREA": 0.015625, "PERIMETER": 0.500000, "INDEX#": 129, "INDEX-ID": 36124, "TILE-NAME": "2", "TOPO-NAME": " NORTH BAY, VA.", "SCALE": 50000, "MAPANGLE": 0.561000, "PAGESIZE": "11,17" }, "geometry": { "type": "Point", "coordinates": [ -75.937500, 36.687500 ] } }
,
{ "type": "Feature", "properties": { "ValueId": 36485, "PolyId": 130, "AREA": 0.017708, "PERIMETER": 0.533333, "INDEX#": 130, "INDEX-ID": 36485, "TILE-NAME": "1", "TOPO-NAME": "KNOTTS ISLAND, VA.-N.C.", "SCALE": 55000, "MAPANGLE": 0.559000, "PAGESIZE": "11,17" }, "geometry": { "type": "Point", "coordinates": [ -75.937500, 36.562500 ] } }

]
}
