{
"type": "FeatureCollection",
"features": [
{ "type": "Feature", "properties": { "F1": 0.000000, "OFFICE": "DEQ Central Office", "LAT": 37.539210, "LON": -77.438430, "ADDRESS": "629 East Main Street, Richmond, VA 23219", "PHONE_NUMB": "(804) 698-4000" }, "geometry": { "type": "Point", "coordinates": [ 182155.686600, 172861.570300 ] } }
,
{ "type": "Feature", "properties": { "F1": 1.000000, "OFFICE": "South West Regional Office", "LAT": 36.710820, "LON": -81.962780, "ADDRESS": "355 Deadmore St SE, Abingdon, VA 24210", "PHONE_NUMB": "(276) 676-4800" }, "geometry": { "type": "Point", "coordinates": [ -220044.297000, 81829.312500 ] } }
,
{ "type": "Feature", "properties": { "F1": 2.000000, "OFFICE": "Blue Ridge Regional Office", "LAT": 37.318840, "LON": -80.000100, "ADDRESS": "3019 Peters Creek Road NW, Roanoke, VA 24019", "PHONE_NUMB": "(540) 562-6700" }, "geometry": { "type": "Point", "coordinates": [ -44323.306300, 146497.611800 ] } }
,
{ "type": "Feature", "properties": { "F1": 3.000000, "OFFICE": "Northern Virginia Regional Office", "LAT": 38.651700, "LON": -77.310610, "ADDRESS": "13901 Crown Court, Woodbridge, VA 22193", "PHONE_NUMB": "(703) 583-3800" }, "geometry": { "type": "Point", "coordinates": [ 190526.946000, 296544.038500 ] } }
,
{ "type": "Feature", "properties": { "F1": 4.000000, "OFFICE": "Piedmont Regional Office", "LAT": 37.671160, "LON": -77.566850, "ADDRESS": "4949-A Cox Road, Glen Allen, VA 23060", "PHONE_NUMB": "(804) 527-5020" }, "geometry": { "type": "Point", "coordinates": [ 170504.633700, 187255.931000 ] } }
,
{ "type": "Feature", "properties": { "F1": 5.000000, "OFFICE": "Tidewater Regional Office", "LAT": 36.841500, "LON": -76.180620, "ADDRESS": "5636 Southern Blvd, Virginia Beach, VA 23462", "PHONE_NUMB": "(757) 518-2000" }, "geometry": { "type": "Point", "coordinates": [ 296031.028300, 98714.280600 ] } }
,
{ "type": "Feature", "properties": { "F1": 6.000000, "OFFICE": "Valley Regional Office", "LAT": 38.387590, "LON": -78.913780, "ADDRESS": "4411 Early Road, Harrisonburg, VA 22801", "PHONE_NUMB": "(540) 574-7800" }, "geometry": { "type": "Point", "coordinates": [ 51204.628600, 265141.026800 ] } }
,
{ "type": "Feature", "properties": { "F1": 2.000000, "OFFICE": "Blue Ridge Regional Office", "LAT": 37.354670, "LON": -79.225130, "ADDRESS": "7705 Timberlake Road, Lynchburg, VA 24502", "PHONE_NUMB": "(434) 582-5120" }, "geometry": { "type": "Point", "coordinates": [ 24349.694700, 150390.127600 ] } }

]
}
