<?xml version="1.0" encoding="ISO-8859-1"?>
<!DOCTYPE metadata SYSTEM "http://www.fgdc.gov/metadata/fgdc-std-001-1998.dtd">
<metadata>
	<idinfo>
		<citation>
			<citeinfo>
				<origin>County of Albemarle</origin>
				<pubdate>Unknown</pubdate>
				<title>ACSAJA - Current</title>
				<geoform Sync="TRUE">vector digital data</geoform>
				<pubinfo>
					<pubplace>Charlottesville, VA</pubplace>
					<publish>County of Albemarle - Office of Geographic Data Services</publish>
				</pubinfo>
				<onlink Sync="TRUE">\\Cob_planning\mapping\MAPPING\ACSA\ACSAJA_current_backup</onlink>
				<ftname Sync="TRUE">ACSAJA_current</ftname></citeinfo>
		</citation>
		<descript>
			<purpose>This data set is intended to be used to locate which properties are affected by the the various ACSA Jurisdictional Area classifications.

The ArcGIS layer file that is associated with this file should be used to display the Jurisdictional Area level of service with the proper symbology.</purpose>
			<langdata Sync="TRUE">en</langdata><abstract>This data set contains Albemarle County Service Authority (ACSA) Jurisdictional Area information for Albemarle County.  The current parcel fabric that underlies this layer is based on parcels as of the end of the previous calendar year.  The Jurisdictional Areas represent parcels (or portions of parcels) that contain various levels of water/sewer service as provided by the ACSA and approved by the County of Albemarle Board of Supervisors.

Explanation of the different service values:
0 = No Service
1 = Water Only
2 = Water and Sewer
3 = Water Only to Existing Structures
4 = Limited Service
6 = City Sewer and Water</abstract></descript>
		<timeperd>
			<timeinfo>
				<sngdate>
					<caldate>unknown</caldate>
				</sngdate>
			</timeinfo>
			<current>publication date</current>
		</timeperd>
		<status>
			<progress>Complete</progress>
			<update>Annually</update>
		</status>
		<spdom>
			<bounding>
				<westbc Sync="TRUE">-78.839922</westbc>
				<eastbc Sync="TRUE">-78.208812</eastbc>
				<northbc Sync="TRUE">38.278044</northbc>
				<southbc Sync="TRUE">37.722415</southbc>
			</bounding>
			<lboundng><leftbc Sync="TRUE">11385327.000149</leftbc><rightbc Sync="TRUE">11566514.999977</rightbc><bottombc Sync="TRUE">3786767.250008</bottombc><topbc Sync="TRUE">3988933.249874</topbc></lboundng><minalti Sync="TRUE">0.000000</minalti><maxalti Sync="TRUE">0.000000</maxalti></spdom>
		<keywords>
			<theme>
				<themekt>None</themekt>
				<themekey>Jurisdictional Areas</themekey><themekey>Albemarle County Service Authority (ACSA)</themekey></theme>
			<place>
				<placekt>None</placekt>
				<placekey>Albemarle County</placekey>
				<placekey>County of Albemarle</placekey>
				<placekey>Jurisdictional Areas</placekey></place>
			<temporal><tempkey>Current</tempkey></temporal></keywords>
		<accconst>None</accconst>
		<useconst>No warranty, expressed or implied, is made by GDS as to the accuracy of the data</useconst>
		<ptcontac>
			<cntinfo>
				<cntorgp>
					<cntorg>County of Albemarle/Office of Geographic Data Services</cntorg>
					<cntper>Damon Pettitt</cntper>
				</cntorgp>
				<cntpos>GIS Coordinator</cntpos>
				<cntaddr>
					<addrtype>mailing and physical address</addrtype>
					<address>401 McIntire Rd</address>
					<city>Charlottesville</city>
					<state>VA</state>
					<postal>22902-4569</postal>
					<country>USA</country>
				</cntaddr>
				<cntvoice>434-296-5823</cntvoice>
				<cntfax>434-296-4012</cntfax>
				<cntemail>dpettitt@albemarle.org</cntemail>
				<hours>8:00 A.M. - 5:00 P.M.</hours>
			</cntinfo>
		</ptcontac>
		<native Sync="TRUE">Microsoft Windows XP Version 5.1 (Build 2600) Service Pack 3; ESRI ArcCatalog 9.2.5.1450</native>
		<natvform Sync="TRUE">Shapefile</natvform></idinfo>
	<dataqual>
		<logic>This dataset should not contain any logical inconsistencies pertaining to topology.</logic>
		<complete>Base data was derived from ...</complete>
		<posacc>
			<horizpa>
				<qhorizpa>
					<horizpav>0</horizpav>
					<horizpae>Not Available</horizpae></qhorizpa>
				<horizpar>Not Available</horizpar></horizpa>
			<vertacc>
				<vertaccr>Not Available</vertaccr>
				<qvertpa>
					<vertaccv>0</vertaccv>
					<vertacce>Not Available</vertacce>
				</qvertpa>
			</vertacc>
		</posacc>
		<lineage><procstep><procdesc Sync="TRUE">Metadata imported.</procdesc><srcused Sync="TRUE">C:\Documents and Settings\dpettitt\Desktop\metadata.xml</srcused><date Sync="TRUE">20071117</date><time Sync="TRUE">08054400</time></procstep><procstep><procdesc Sync="TRUE">Metadata imported.</procdesc><srcused Sync="TRUE">C:\Documents and Settings\dpettitt\Desktop\Temp\metadata.xml</srcused><date Sync="TRUE">20080227</date><time Sync="TRUE">07473400</time></procstep><procstep><procdesc Sync="TRUE">Dataset copied.</procdesc><srcused Sync="TRUE">Q:\MAPPING\ACSA\ACSAJA_current</srcused><date Sync="TRUE">20080610</date><time Sync="TRUE">10203700</time></procstep><procstep><procdesc Sync="TRUE">Dataset copied.</procdesc><srcused Sync="TRUE">Q:\MAPPING\ACSA\ACSAJA_current</srcused><date Sync="TRUE">20080624</date><time Sync="TRUE">08000000</time></procstep><procstep><procdesc Sync="TRUE">Dataset copied.</procdesc><srcused Sync="TRUE">C:\Elise\ACSAJA\ACSAJA_current_backup</srcused><date Sync="TRUE">20080701</date><time Sync="TRUE">13431700</time></procstep><procstep><procdesc Sync="TRUE">Dataset copied.</procdesc><srcused Sync="TRUE">Q:\MAPPING\ACSA\ACSAJA_current</srcused><date Sync="TRUE">20081029</date><time Sync="TRUE">13481100</time></procstep><procstep><procdesc Sync="TRUE">Dataset copied.</procdesc><srcused Sync="TRUE">C:\Elise\ACSAJA\ACSAJA_current_backup</srcused><procdate Sync="TRUE">20090305</procdate><proctime Sync="TRUE">11332200</proctime></procstep><procstep><procdesc Sync="TRUE">Dataset copied.</procdesc><srcused Sync="TRUE">Q:\MAPPING\ACSA\ACSAJA_current</srcused><procdate Sync="TRUE">20090723</procdate><proctime Sync="TRUE">15470600</proctime></procstep><procstep><procdesc Sync="TRUE">Dataset copied.</procdesc><srcused Sync="TRUE">C:\Elise_Docs\ACSAJA\ACSAJA_current_backup</srcused><procdate Sync="TRUE">20101111</procdate><proctime Sync="TRUE">11305400</proctime></procstep></lineage></dataqual>
	<spdoinfo>
		<direct Sync="TRUE">Vector</direct>
		<ptvctinf>
			<sdtsterm Name="ACSAJA_current">
				<sdtstype Sync="TRUE">G-polygon</sdtstype>
				<ptvctcnt Sync="TRUE">40334</ptvctcnt>
			</sdtsterm>
			<esriterm Name="ACSAJA_current"><efeatyp Sync="TRUE">Simple</efeatyp><efeageom Sync="TRUE">Polygon</efeageom><esritopo Sync="TRUE">FALSE</esritopo><efeacnt Sync="TRUE">40334</efeacnt><spindex Sync="TRUE">TRUE</spindex><linrefer Sync="TRUE">FALSE</linrefer></esriterm><esriterm Name="Polyline"><efeatyp Sync="TRUE">Simple</efeatyp><efeageom Sync="TRUE">Polyline</efeageom><esritopo Sync="TRUE">FALSE</esritopo><efeacnt Sync="TRUE">139</efeacnt><spindex Sync="TRUE">FALSE</spindex><linrefer Sync="TRUE">FALSE</linrefer></esriterm><sdtsterm Name="Polyline"><sdtstype Sync="TRUE">String</sdtstype><ptvctcnt Sync="TRUE">139</ptvctcnt></sdtsterm><esriterm Name="Polygon"><efeatyp Sync="TRUE">Simple</efeatyp><efeageom Sync="TRUE">Polygon</efeageom><esritopo Sync="TRUE">FALSE</esritopo><efeacnt Sync="TRUE">139</efeacnt><spindex Sync="TRUE">FALSE</spindex><linrefer Sync="TRUE">FALSE</linrefer></esriterm><sdtsterm Name="Polygon"><sdtstype Sync="TRUE">G-polygon</sdtstype><ptvctcnt Sync="TRUE">139</ptvctcnt></sdtsterm><esriterm Name="Annotation"><efeatyp Sync="TRUE"></efeatyp><efeageom Sync="TRUE">Point</efeageom><esritopo Sync="TRUE">FALSE</esritopo><efeacnt Sync="TRUE">139</efeacnt><spindex Sync="TRUE">FALSE</spindex><linrefer Sync="TRUE">FALSE</linrefer></esriterm><sdtsterm Name="Annotation"><sdtstype Sync="TRUE">Entity point</sdtstype><ptvctcnt Sync="TRUE">139</ptvctcnt></sdtsterm></ptvctinf>
	</spdoinfo>
	<spref>
		<horizsys>
			<planar>
				<planci>
					<plance Sync="TRUE">coordinate pair</plance>
					<coordrep>
						<absres Sync="TRUE">0.000000</absres>
						<ordres Sync="TRUE">0.000000</ordres>
					</coordrep>
					<plandu Sync="TRUE">survey feet</plandu>
				</planci>
				<mapproj><mapprojn Sync="TRUE">Lambert Conformal Conic</mapprojn><lambertc><stdparll Sync="TRUE">36.766667</stdparll><stdparll Sync="TRUE">37.966667</stdparll><longcm Sync="TRUE">-78.500000</longcm><latprjo Sync="TRUE">36.333333</latprjo><feast Sync="TRUE">11482916.666667</feast><fnorth Sync="TRUE">3280833.333333</fnorth></lambertc></mapproj></planar>
			<geodetic>
				<horizdn Sync="TRUE">North American Datum of 1983</horizdn>
				<ellips Sync="TRUE">Geodetic Reference System 80</ellips>
				<semiaxis Sync="TRUE">6378137.000000</semiaxis>
				<denflat Sync="TRUE">298.257222</denflat>
			</geodetic>
			<cordsysn><geogcsn Sync="TRUE">GCS_North_American_1983</geogcsn><projcsn Sync="TRUE">NAD_1983_StatePlane_Virginia_South_FIPS_4502_Feet</projcsn></cordsysn></horizsys>
	</spref>
	<eainfo>
		<detailed Name="ACSAJA_current">
			<enttyp>
				<enttypl Sync="TRUE">ACSAJA_current</enttypl>
				<enttypt Sync="TRUE">Feature Class</enttypt><enttypc Sync="TRUE">40334</enttypc></enttyp>
			<attr>
				<attrlabl Sync="TRUE">FID</attrlabl>
				<attrdef Sync="TRUE">Internal feature number.</attrdef>
				<attrdefs Sync="TRUE">ESRI</attrdefs>
				<attrdomv>
					<udom Sync="TRUE">Sequential unique whole numbers that are automatically generated.</udom>
				</attrdomv>
				<attalias Sync="TRUE">FID</attalias><attrtype Sync="TRUE">OID</attrtype><attwidth Sync="TRUE">4</attwidth><atprecis Sync="TRUE">0</atprecis><attscale Sync="TRUE">0</attscale></attr>
			<attr>
				<attrlabl Sync="TRUE">SERVICE</attrlabl>
				<attalias Sync="TRUE">SERVICE</attalias><attrtype Sync="TRUE">Number</attrtype><attwidth Sync="TRUE">9</attwidth></attr>
			<attr><attrlabl Sync="TRUE">OBJECTID</attrlabl><attalias Sync="TRUE">OBJECTID</attalias><attrtype Sync="TRUE">Number</attrtype><attwidth Sync="TRUE">9</attwidth></attr><attr>
				<attrlabl Sync="TRUE">Shape</attrlabl>
				<attalias Sync="TRUE">Shape</attalias><attrtype Sync="TRUE">String</attrtype><attwidth Sync="TRUE">12</attwidth><attrdef Sync="TRUE">Feature geometry.</attrdef><attrdefs Sync="TRUE">ESRI</attrdefs><attrdomv><udom Sync="TRUE">Coordinates defining the features.</udom></attrdomv></attr>
			<attr><attrlabl Sync="TRUE">Shape_Leng</attrlabl><attalias Sync="TRUE">Shape_Leng</attalias><attrtype Sync="TRUE">Float</attrtype><attwidth Sync="TRUE">19</attwidth><atnumdec Sync="TRUE">11</atnumdec></attr><attr><attrlabl Sync="TRUE">Shape_Area</attrlabl><attalias Sync="TRUE">Shape_Area</attalias><attrtype Sync="TRUE">Float</attrtype><attwidth Sync="TRUE">19</attwidth><attrdef Sync="TRUE">Area of feature in internal units squared.</attrdef><attrdefs Sync="TRUE">ESRI</attrdefs><attrdomv><udom Sync="TRUE">Positive real numbers that are automatically generated.</udom></attrdomv><atnumdec Sync="TRUE">11</atnumdec></attr><attr><attrlabl Sync="TRUE">GPIN</attrlabl><attalias Sync="TRUE">GPIN</attalias><attrtype Sync="TRUE">Number</attrtype><attwidth Sync="TRUE">4</attwidth></attr></detailed>
		<detailed Name="Polyline"><enttyp><enttypl Sync="TRUE">Polyline</enttypl><enttypt Sync="TRUE">Feature Class</enttypt><enttypc Sync="TRUE">139</enttypc></enttyp><attr><attrlabl Sync="TRUE">FID</attrlabl><attalias Sync="TRUE">FID</attalias><attrtype Sync="TRUE">OID</attrtype><attwidth Sync="TRUE">4</attwidth><atprecis Sync="TRUE">0</atprecis><attscale Sync="TRUE">0</attscale><attrdef Sync="TRUE">Internal feature number.</attrdef><attrdefs Sync="TRUE">ESRI</attrdefs><attrdomv><udom Sync="TRUE">Sequential unique whole numbers that are automatically generated.</udom></attrdomv></attr><attr><attrlabl Sync="TRUE">Shape</attrlabl><attalias Sync="TRUE">Shape</attalias><attrtype Sync="TRUE">Geometry</attrtype><attwidth Sync="TRUE">0</attwidth><atprecis Sync="TRUE">0</atprecis><attscale Sync="TRUE">0</attscale><attrdef Sync="TRUE">Feature geometry.</attrdef><attrdefs Sync="TRUE">ESRI</attrdefs><attrdomv><udom Sync="TRUE">Coordinates defining the features.</udom></attrdomv></attr><attr><attrlabl Sync="TRUE">Entity</attrlabl><attalias Sync="TRUE">Entity</attalias><attrtype Sync="TRUE">Number</attrtype><attwidth Sync="TRUE">9</attwidth></attr><attr><attrlabl Sync="TRUE">Layer</attrlabl><attalias Sync="TRUE">Layer</attalias><attrtype Sync="TRUE">String</attrtype><attwidth Sync="TRUE">12</attwidth></attr><attr><attrlabl Sync="TRUE">Level</attrlabl><attalias Sync="TRUE">Level</attalias><attrtype Sync="TRUE">Float</attrtype><attwidth Sync="TRUE">19</attwidth><atnumdec Sync="TRUE">11</atnumdec></attr><attr><attrlabl Sync="TRUE">Color</attrlabl><attalias Sync="TRUE">Color</attalias><attrtype Sync="TRUE">Float</attrtype><attwidth Sync="TRUE">19</attwidth><atnumdec Sync="TRUE">11</atnumdec></attr><attr><attrlabl Sync="TRUE">Linetype</attrlabl><attalias Sync="TRUE">Linetype</attalias><attrtype Sync="TRUE">Number</attrtype><attwidth Sync="TRUE">4</attwidth></attr><attr><attrlabl Sync="TRUE">Text</attrlabl><attalias Sync="TRUE">Text</attalias><attrtype Sync="TRUE">String</attrtype><attwidth Sync="TRUE">255</attwidth><atprecis Sync="TRUE">0</atprecis><attscale Sync="TRUE">0</attscale></attr></detailed><detailed Name="Polygon"><enttyp><enttypl Sync="TRUE">Polygon</enttypl><enttypt Sync="TRUE">Feature Class</enttypt><enttypc Sync="TRUE">139</enttypc></enttyp><attr><attrlabl Sync="TRUE">FID</attrlabl><attalias Sync="TRUE">FID</attalias><attrtype Sync="TRUE">OID</attrtype><attwidth Sync="TRUE">4</attwidth><atprecis Sync="TRUE">0</atprecis><attscale Sync="TRUE">0</attscale><attrdef Sync="TRUE">Internal feature number.</attrdef><attrdefs Sync="TRUE">ESRI</attrdefs><attrdomv><udom Sync="TRUE">Sequential unique whole numbers that are automatically generated.</udom></attrdomv></attr><attr><attrlabl Sync="TRUE">Shape</attrlabl><attalias Sync="TRUE">Shape</attalias><attrtype Sync="TRUE">Geometry</attrtype><attwidth Sync="TRUE">0</attwidth><atprecis Sync="TRUE">0</atprecis><attscale Sync="TRUE">0</attscale><attrdef Sync="TRUE">Feature geometry.</attrdef><attrdefs Sync="TRUE">ESRI</attrdefs><attrdomv><udom Sync="TRUE">Coordinates defining the features.</udom></attrdomv></attr><attr><attrlabl Sync="TRUE">Entity</attrlabl><attalias Sync="TRUE">Entity</attalias><attrtype Sync="TRUE">Number</attrtype><attwidth Sync="TRUE">9</attwidth></attr><attr><attrlabl Sync="TRUE">Layer</attrlabl><attalias Sync="TRUE">Layer</attalias><attrtype Sync="TRUE">String</attrtype><attwidth Sync="TRUE">12</attwidth></attr><attr><attrlabl Sync="TRUE">Level</attrlabl><attalias Sync="TRUE">Level</attalias><attrtype Sync="TRUE">Float</attrtype><attwidth Sync="TRUE">19</attwidth><atnumdec Sync="TRUE">11</atnumdec></attr><attr><attrlabl Sync="TRUE">Color</attrlabl><attalias Sync="TRUE">Color</attalias><attrtype Sync="TRUE">Float</attrtype><attwidth Sync="TRUE">19</attwidth><atnumdec Sync="TRUE">11</atnumdec></attr><attr><attrlabl Sync="TRUE">Linetype</attrlabl><attalias Sync="TRUE">Linetype</attalias><attrtype Sync="TRUE">Number</attrtype><attwidth Sync="TRUE">4</attwidth></attr><attr><attrlabl Sync="TRUE">Text</attrlabl><attalias Sync="TRUE">Text</attalias><attrtype Sync="TRUE">String</attrtype><attwidth Sync="TRUE">255</attwidth><atprecis Sync="TRUE">0</atprecis><attscale Sync="TRUE">0</attscale></attr></detailed><detailed Name="Annotation"><enttyp><enttypl Sync="TRUE">Annotation</enttypl><enttypt Sync="TRUE">Feature Class</enttypt><enttypc Sync="TRUE">139</enttypc></enttyp><attr><attrlabl Sync="TRUE">FID</attrlabl><attalias Sync="TRUE">FID</attalias><attrtype Sync="TRUE">OID</attrtype><attwidth Sync="TRUE">4</attwidth><atprecis Sync="TRUE">0</atprecis><attscale Sync="TRUE">0</attscale><attrdef Sync="TRUE">Internal feature number.</attrdef><attrdefs Sync="TRUE">ESRI</attrdefs><attrdomv><udom Sync="TRUE">Sequential unique whole numbers that are automatically generated.</udom></attrdomv></attr><attr><attrlabl Sync="TRUE">Shape</attrlabl><attalias Sync="TRUE">Shape</attalias><attrtype Sync="TRUE">Geometry</attrtype><attwidth Sync="TRUE">0</attwidth><atprecis Sync="TRUE">0</atprecis><attscale Sync="TRUE">0</attscale><attrdef Sync="TRUE">Feature geometry.</attrdef><attrdefs Sync="TRUE">ESRI</attrdefs><attrdomv><udom Sync="TRUE">Coordinates defining the features.</udom></attrdomv></attr><attr><attrlabl Sync="TRUE">Entity</attrlabl><attalias Sync="TRUE">Entity</attalias><attrtype Sync="TRUE">Number</attrtype><attwidth Sync="TRUE">9</attwidth></attr><attr><attrlabl Sync="TRUE">Layer</attrlabl><attalias Sync="TRUE">Layer</attalias><attrtype Sync="TRUE">String</attrtype><attwidth Sync="TRUE">12</attwidth></attr><attr><attrlabl Sync="TRUE">Level</attrlabl><attalias Sync="TRUE">Level</attalias><attrtype Sync="TRUE">Float</attrtype><attwidth Sync="TRUE">19</attwidth><atnumdec Sync="TRUE">11</atnumdec></attr><attr><attrlabl Sync="TRUE">Color</attrlabl><attalias Sync="TRUE">Color</attalias><attrtype Sync="TRUE">Float</attrtype><attwidth Sync="TRUE">19</attwidth><atnumdec Sync="TRUE">11</atnumdec></attr><attr><attrlabl Sync="TRUE">Style</attrlabl><attalias Sync="TRUE">Style</attalias><attrtype Sync="TRUE">Number</attrtype><attwidth Sync="TRUE">4</attwidth></attr><attr><attrlabl Sync="TRUE">FontId</attrlabl><attalias Sync="TRUE">FontId</attalias><attrtype Sync="TRUE">Integer</attrtype><attwidth Sync="TRUE">4</attwidth><atprecis Sync="TRUE">0</atprecis><attscale Sync="TRUE">0</attscale></attr><attr><attrlabl Sync="TRUE">Text</attrlabl><attalias Sync="TRUE">Text</attalias><attrtype Sync="TRUE">String</attrtype><attwidth Sync="TRUE">255</attwidth><atprecis Sync="TRUE">0</atprecis><attscale Sync="TRUE">0</attscale></attr><attr><attrlabl Sync="TRUE">Height</attrlabl><attalias Sync="TRUE">Height</attalias><attrtype Sync="TRUE">Double</attrtype><attwidth Sync="TRUE">8</attwidth><atprecis Sync="TRUE">0</atprecis><attscale Sync="TRUE">0</attscale></attr><attr><attrlabl Sync="TRUE">Angle</attrlabl><attalias Sync="TRUE">Angle</attalias><attrtype Sync="TRUE">Double</attrtype><attwidth Sync="TRUE">8</attwidth><atprecis Sync="TRUE">0</atprecis><attscale Sync="TRUE">0</attscale></attr></detailed></eainfo>
	<distinfo>
		<distrib>
			<cntinfo>
				<cntperp>
					<cntper>Damon Pettitt</cntper>
					<cntorg>County of Albemarle/Department of Planning and Community Development/Office of Geographic Data Services</cntorg>
				</cntperp>
				<cntpos>GIS Coordinator</cntpos>
				<cntaddr>
					<addrtype>mailing and physical address</addrtype>
					<address>401 McIntire Rd</address>
					<city>Charlottesville</city>
					<state>VA</state>
					<postal>22902-4569</postal>
					<country>USA</country>
				</cntaddr>
				<cntvoice>434-296-5823</cntvoice>
				<cntfax>434-296-4012</cntfax>
				<cntemail>dpettitt@albemarle.org</cntemail>
			</cntinfo>
		</distrib>
		<resdesc>Downloadable Data</resdesc>
		<distliab>The information depicted in this GIS layer is the result of analyses performed on a variety of sources.  The accuracy of the information presented is limited to the collective accuracy of the sources on the date of the analysis.  The information is believed accurate and reasonable efforts have been made to ensure the accuracy of the data.  However, the County of Albemarle expressly disclaims responsibility for damages or liability that may arise from use of this data.  This product is the property of the County of Albemarle and its use is thereby restricted.</distliab>
		<stdorder>
			<digform>
				<digtinfo>
					<transize Sync="TRUE">15.016</transize>
					<dssize Sync="TRUE">15.016</dssize></digtinfo>
				<digtopt>
					<onlinopt>
						<computer>
							<networka>
								<networkr>Not Available</networkr>
							</networka>
						</computer>
					</onlinopt>
				</digtopt>
			</digform>
			<fees>$25.00 per distributable dataset, not to exceed $250.00 for a particular dataset</fees>
			<ordering>Submit request in writing (e-mail acceptable) stating who you are, what organization you are with (if applicable), what you will be using the data for, and agreeing to not resell the data to anyone.</ordering>
			<turnarnd>2 weeks</turnarnd>
		</stdorder>
	</distinfo>
	<metainfo>
		<metd Sync="TRUE">20080731</metd>
		<metc>
			<cntinfo>
				<cntorgp>
					<cntorg>County of Albemarle/Department of Planning and Community Development/Office of Geographic Data Services</cntorg>
					<cntper>Damon Pettitt</cntper>
				</cntorgp>
				<cntpos>GIS Coordinator</cntpos>
				<cntaddr>
					<addrtype>mailing and physical address</addrtype>
					<address>401 McIntire Rd</address>
					<city>Charlottesville</city>
					<state>VA</state>
					<postal>22902-4596</postal>
					<country>USA</country>
				</cntaddr>
				<cntvoice>434-296-5823</cntvoice>
				<cntfax>434-296-4012</cntfax>
				<cntemail>dpettitt@albemarle.org</cntemail>
				<hours>8:00 A.M. - 5:00 P.M.</hours>
			</cntinfo>
		</metc>
		<metstdn Sync="TRUE">FGDC Content Standards for Digital Geospatial Metadata</metstdn>
		<metstdv Sync="TRUE">FGDC-STD-001-1998</metstdv>
		<mettc Sync="TRUE">local time</mettc>
		<metextns>
			<onlink>http://www.esri.com/metadata/esriprof80.html</onlink>
			<metprof>ESRI Metadata Profile</metprof>
		</metextns>
		<metextns>
			<onlink>http://www.esri.com/metadata/esriprof80.html</onlink>
			<metprof>ESRI Metadata Profile</metprof>
		</metextns>
		<metextns>
			<onlink>http://www.esri.com/metadata/esriprof80.html</onlink>
			<metprof>ESRI Metadata Profile</metprof>
		</metextns>
		<metextns>
			<onlink>http://www.esri.com/metadata/esriprof80.html</onlink>
			<metprof>ESRI Metadata Profile</metprof>
		</metextns>
		<langmeta Sync="TRUE">en</langmeta><metextns><onlink Sync="TRUE">http://www.esri.com/metadata/esriprof80.html</onlink><metprof Sync="TRUE">ESRI Metadata Profile</metprof></metextns></metainfo>
	<Esri><CreaDate>20110707</CreaDate><CreaTime>13555500</CreaTime><SyncOnce>FALSE</SyncOnce><SyncDate>20080731</SyncDate><SyncTime>10520100</SyncTime><ModDate>20080731</ModDate><ModTime>10520100</ModTime><ArcGISFormat>1.0</ArcGISFormat><ArcGISstyle>FGDC CSDGM Metadata</ArcGISstyle><DataProperties><itemProps><itemLocation><linkage Sync="TRUE">file://\\Cob_planning\mapping\MAPPING\ACSA\ACSAJA_current_backup</linkage><protocol Sync="TRUE">Local Area Network</protocol></itemLocation></itemProps><copyHistory><copy source="C:\Elise_Docs\ACSAJA\ACSAJA_current_backup" dest="\\Cob_planning\mapping\MAPPING\ACSA\ACSAJA_current_backup" date="20110707" time="13555500"></copy></copyHistory></DataProperties></Esri><dataIdInfo><envirDesc Sync="TRUE">Microsoft Windows XP Version 5.1 (Build 2600) Service Pack 3; ESRI ArcCatalog 9.2.5.1450</envirDesc><dataLang><languageCode Sync="TRUE" value="en"></languageCode></dataLang><idCitation><resTitle Sync="TRUE">ACSAJA_current</resTitle><presForm><PresFormCd Sync="TRUE" value="005"></PresFormCd></presForm></idCitation><spatRpType><SpatRepTypCd Sync="TRUE" value="001"></SpatRepTypCd></spatRpType><dataExt><geoEle><GeoBndBox esriExtentType="native"><westBL Sync="TRUE">11385327.000149</westBL><eastBL Sync="TRUE">11566514.999977</eastBL><northBL Sync="TRUE">3988933.249874</northBL><southBL Sync="TRUE">3786767.250008</southBL><exTypeCode Sync="TRUE">1</exTypeCode></GeoBndBox></geoEle></dataExt><geoBox esriExtentType="decdegrees"><westBL Sync="TRUE">-78.839922</westBL><eastBL Sync="TRUE">-78.208812</eastBL><northBL Sync="TRUE">38.278044</northBL><southBL Sync="TRUE">37.722415</southBL><exTypeCode Sync="TRUE">1</exTypeCode></geoBox></dataIdInfo><mdLang><languageCode Sync="TRUE" value="en"></languageCode></mdLang><mdStanName Sync="TRUE">ISO 19115 Geographic Information - Metadata</mdStanName><mdStanVer Sync="TRUE">DIS_ESRI1.0</mdStanVer><mdChar><CharSetCd Sync="TRUE" value="004"></CharSetCd></mdChar><mdHrLv><ScopeCd Sync="TRUE" value="005"></ScopeCd></mdHrLv><mdHrLvName Sync="TRUE">dataset</mdHrLvName><distInfo><distributor><distorTran><onLineSrc><orDesc Sync="TRUE">002</orDesc><linkage Sync="TRUE">file://\\Cob_planning\mapping\MAPPING\ACSA\ACSAJA_current_backup</linkage><protocol Sync="TRUE">Local Area Network</protocol></onLineSrc><transSize Sync="TRUE">15.016</transSize></distorTran><distorFormat><formatName Sync="TRUE">Shapefile</formatName></distorFormat></distributor></distInfo><spatRepInfo><VectSpatRep><topLvl><TopoLevCd Sync="TRUE" value="001"></TopoLevCd></topLvl><geometObjs Name="ACSAJA_current"><geoObjTyp><GeoObjTypCd Sync="TRUE" value="001"></GeoObjTypCd></geoObjTyp><geoObjCnt Sync="TRUE">40334</geoObjCnt></geometObjs></VectSpatRep></spatRepInfo><mdDateSt Sync="TRUE">20080731</mdDateSt><refSysInfo><RefSystem><refSysID><identCode Sync="TRUE">NAD_1983_StatePlane_Virginia_South_FIPS_4502_Feet</identCode></refSysID></RefSystem></refSysInfo></metadata>
