{
"type": "FeatureCollection",
"features": [
{ "type": "Feature", "properties": { "DATE_": "2004\/05\/04", "REGION": "Catlett", "STATION": "CJ10", "LATITUDE": 37.294670, "LONGITUDE": -76.565000, "IMAGE": 93, "PENETRATIO": 6.400000, "SFC_RELIEF": 1.100000, "ADJ_RPD": 1.700000, "GRAIN_SIZE": "FSSI", "MAX_GRSZ": "SH", "BEDFORMS": 0, "FLOC_LAYER": 0, "ALGAE": 0, "HYD_BRY": 0, "EPIFAUNA": "", "PIT_MOUND": 0, "PELLETS": 0, "TUBES_LARG": 0.000000, "ADJ_T_SMAL": 7.000000, "INFAUNA": 2, "MD_INFAUNA": 4.500000, "BURROWS": 4, "OXIC_VOIDS": 1, "MD_OXIC_VO": 0.900000, "ANOX_VOIDS": 0.000000, "MD_ANOX_VO": "", "GAS_VOIDS": 0, "COMMENTS": "", "ADJ_BHQ": 7, "BHQ": "7", "RPD": "1.7", "TUBES_SMAL": "7" }, "geometry": { "type": "Point", "coordinates": [ -76.565000, 37.294670 ] } }
,
{ "type": "Feature", "properties": { "DATE_": "2004\/05\/04", "REGION": "Catlett", "STATION": "CK08", "LATITUDE": 37.293330, "LONGITUDE": -76.568330, "IMAGE": 69, "PENETRATIO": 10.400000, "SFC_RELIEF": 2.600000, "ADJ_RPD": 2.200000, "GRAIN_SIZE": "FSSICL", "MAX_GRSZ": "FS", "BEDFORMS": 0, "FLOC_LAYER": 0, "ALGAE": 0, "HYD_BRY": 0, "EPIFAUNA": "", "PIT_MOUND": 0, "PELLETS": 0, "TUBES_LARG": 0.000000, "ADJ_T_SMAL": 3.000000, "INFAUNA": 1, "MD_INFAUNA": 5.200000, "BURROWS": 2, "OXIC_VOIDS": 0, "MD_OXIC_VO": 0.000000, "ANOX_VOIDS": 0.000000, "MD_ANOX_VO": "", "GAS_VOIDS": 0, "COMMENTS": "", "ADJ_BHQ": 6, "BHQ": "6", "RPD": "2.2", "TUBES_SMAL": "3" }, "geometry": { "type": "Point", "coordinates": [ -76.568330, 37.293330 ] } }
,
{ "type": "Feature", "properties": { "DATE_": "2004\/05\/04", "REGION": "Catlett", "STATION": "CK13", "LATITUDE": 37.293330, "LONGITUDE": -76.560000, "IMAGE": 96, "PENETRATIO": 4.400000, "SFC_RELIEF": 1.000000, "ADJ_RPD": 1.900000, "GRAIN_SIZE": "FSMS", "MAX_GRSZ": "MS", "BEDFORMS": 0, "FLOC_LAYER": 1, "ALGAE": 0, "HYD_BRY": 0, "EPIFAUNA": "", "PIT_MOUND": 0, "PELLETS": 0, "TUBES_LARG": 0.000000, "ADJ_T_SMAL": 3.000000, "INFAUNA": 2, "MD_INFAUNA": 2.800000, "BURROWS": 6, "OXIC_VOIDS": 0, "MD_OXIC_VO": 0.000000, "ANOX_VOIDS": 0.000000, "MD_ANOX_VO": "", "GAS_VOIDS": 0, "COMMENTS": "", "ADJ_BHQ": 6, "BHQ": "6", "RPD": "1.9", "TUBES_SMAL": "3" }, "geometry": { "type": "Point", "coordinates": [ -76.560000, 37.293330 ] } }
,
{ "type": "Feature", "properties": { "DATE_": "2004\/05\/04", "REGION": "Catlett", "STATION": "CL09", "LATITUDE": 37.292000, "LONGITUDE": -76.566670, "IMAGE": 87, "PENETRATIO": 0.000000, "SFC_RELIEF": 99.000000, "ADJ_RPD": 99.000000, "GRAIN_SIZE": "SH", "MAX_GRSZ": "SH", "BEDFORMS": 0, "FLOC_LAYER": 0, "ALGAE": 0, "HYD_BRY": 0, "EPIFAUNA": "", "PIT_MOUND": 0, "PELLETS": 0, "TUBES_LARG": 0.000000, "ADJ_T_SMAL": 2.000000, "INFAUNA": 0, "MD_INFAUNA": 0.000000, "BURROWS": 0, "OXIC_VOIDS": 0, "MD_OXIC_VO": 0.000000, "ANOX_VOIDS": 0.000000, "MD_ANOX_VO": "", "GAS_VOIDS": 0, "COMMENTS": "", "ADJ_BHQ": 99, "BHQ": "99", "RPD": "99", "TUBES_SMAL": "2" }, "geometry": { "type": "Point", "coordinates": [ -76.566670, 37.292000 ] } }
,
{ "type": "Feature", "properties": { "DATE_": "2004\/05\/04", "REGION": "Catlett", "STATION": "CL14", "LATITUDE": 37.292000, "LONGITUDE": -76.558330, "IMAGE": 101, "PENETRATIO": 4.000000, "SFC_RELIEF": 0.700000, "ADJ_RPD": 1.900000, "GRAIN_SIZE": "FSMS", "MAX_GRSZ": "MS", "BEDFORMS": 1, "FLOC_LAYER": 0, "ALGAE": 0, "HYD_BRY": 0, "EPIFAUNA": "", "PIT_MOUND": 0, "PELLETS": 0, "TUBES_LARG": 0.000000, "ADJ_T_SMAL": 2.000000, "INFAUNA": 2, "MD_INFAUNA": 1.700000, "BURROWS": 4, "OXIC_VOIDS": 0, "MD_OXIC_VO": 0.000000, "ANOX_VOIDS": 0.000000, "MD_ANOX_VO": "", "GAS_VOIDS": 0, "COMMENTS": "", "ADJ_BHQ": 6, "BHQ": "6", "RPD": "1.9", "TUBES_SMAL": "2" }, "geometry": { "type": "Point", "coordinates": [ -76.558330, 37.292000 ] } }
,
{ "type": "Feature", "properties": { "DATE_": "2004\/05\/04", "REGION": "Catlett", "STATION": "CM08", "LATITUDE": 37.290670, "LONGITUDE": -76.568330, "IMAGE": 76, "PENETRATIO": 13.000000, "SFC_RELIEF": 1.000000, "ADJ_RPD": 2.500000, "GRAIN_SIZE": "SICL", "MAX_GRSZ": "SI", "BEDFORMS": 0, "FLOC_LAYER": 1, "ALGAE": 0, "HYD_BRY": 0, "EPIFAUNA": "", "PIT_MOUND": 0, "PELLETS": 0, "TUBES_LARG": 0.000000, "ADJ_T_SMAL": 0.000000, "INFAUNA": 1, "MD_INFAUNA": 5.800000, "BURROWS": 0, "OXIC_VOIDS": 1, "MD_OXIC_VO": 2.400000, "ANOX_VOIDS": 0.000000, "MD_ANOX_VO": "", "GAS_VOIDS": 0, "COMMENTS": "", "ADJ_BHQ": 5, "BHQ": "5", "RPD": "2.5", "TUBES_SMAL": "0" }, "geometry": { "type": "Point", "coordinates": [ -76.568330, 37.290670 ] } }
,
{ "type": "Feature", "properties": { "DATE_": "2004\/05\/04", "REGION": "Catlett", "STATION": "CM09", "LATITUDE": 37.290670, "LONGITUDE": -76.566670, "IMAGE": 82, "PENETRATIO": 5.100000, "SFC_RELIEF": 3.900000, "ADJ_RPD": 1.000000, "GRAIN_SIZE": "SICL", "MAX_GRSZ": "SI", "BEDFORMS": 0, "FLOC_LAYER": 0, "ALGAE": 0, "HYD_BRY": 1, "EPIFAUNA": "", "PIT_MOUND": 0, "PELLETS": 0, "TUBES_LARG": 1.000000, "ADJ_T_SMAL": 4.000000, "INFAUNA": 1, "MD_INFAUNA": 3.000000, "BURROWS": 0, "OXIC_VOIDS": 1, "MD_OXIC_VO": 2.900000, "ANOX_VOIDS": 0.000000, "MD_ANOX_VO": "", "GAS_VOIDS": 0, "COMMENTS": "void due to disturba", "ADJ_BHQ": 5, "BHQ": "5", "RPD": "1", "TUBES_SMAL": "4" }, "geometry": { "type": "Point", "coordinates": [ -76.566670, 37.290670 ] } }
,
{ "type": "Feature", "properties": { "DATE_": "2004\/05\/04", "REGION": "Catlett", "STATION": "CM13", "LATITUDE": 37.290670, "LONGITUDE": -76.560000, "IMAGE": 107, "PENETRATIO": 4.000000, "SFC_RELIEF": 1.600000, "ADJ_RPD": 1.400000, "GRAIN_SIZE": "FSSI", "MAX_GRSZ": "SH", "BEDFORMS": 0, "FLOC_LAYER": 0, "ALGAE": 0, "HYD_BRY": 1, "EPIFAUNA": "", "PIT_MOUND": 0, "PELLETS": 0, "TUBES_LARG": 0.000000, "ADJ_T_SMAL": 20.000000, "INFAUNA": 2, "MD_INFAUNA": 0.600000, "BURROWS": 3, "OXIC_VOIDS": 0, "MD_OXIC_VO": 0.000000, "ANOX_VOIDS": 0.000000, "MD_ANOX_VO": "", "GAS_VOIDS": 0, "COMMENTS": "", "ADJ_BHQ": 6, "BHQ": "6", "RPD": "1.4", "TUBES_SMAL": ">20" }, "geometry": { "type": "Point", "coordinates": [ -76.560000, 37.290670 ] } }
,
{ "type": "Feature", "properties": { "DATE_": "2004\/05\/04", "REGION": "Catlett", "STATION": "CO11", "LATITUDE": 37.288000, "LONGITUDE": -76.563330, "IMAGE": 115, "PENETRATIO": 0.000000, "SFC_RELIEF": 99.000000, "ADJ_RPD": 99.000000, "GRAIN_SIZE": "SICL", "MAX_GRSZ": "SI", "BEDFORMS": 0, "FLOC_LAYER": 0, "ALGAE": 0, "HYD_BRY": 0, "EPIFAUNA": "", "PIT_MOUND": 0, "PELLETS": 0, "TUBES_LARG": 0.000000, "ADJ_T_SMAL": 0.000000, "INFAUNA": 1, "MD_INFAUNA": 1.500000, "BURROWS": 0, "OXIC_VOIDS": 0, "MD_OXIC_VO": 0.000000, "ANOX_VOIDS": 0.000000, "MD_ANOX_VO": "", "GAS_VOIDS": 0, "COMMENTS": "", "ADJ_BHQ": 99, "BHQ": "99", "RPD": "99", "TUBES_SMAL": "0" }, "geometry": { "type": "Point", "coordinates": [ -76.563330, 37.288000 ] } }
,
{ "type": "Feature", "properties": { "DATE_": "2004\/05\/04", "REGION": "Catlett", "STATION": "CO13", "LATITUDE": 37.288000, "LONGITUDE": -76.560000, "IMAGE": 121, "PENETRATIO": 3.300000, "SFC_RELIEF": 1.100000, "ADJ_RPD": 99.000000, "GRAIN_SIZE": "FSSI", "MAX_GRSZ": "SH", "BEDFORMS": 0, "FLOC_LAYER": 0, "ALGAE": 0, "HYD_BRY": 0, "EPIFAUNA": "", "PIT_MOUND": 0, "PELLETS": 0, "TUBES_LARG": 0.000000, "ADJ_T_SMAL": 0.000000, "INFAUNA": 0, "MD_INFAUNA": 0.000000, "BURROWS": 0, "OXIC_VOIDS": 0, "MD_OXIC_VO": 0.000000, "ANOX_VOIDS": 0.000000, "MD_ANOX_VO": "", "GAS_VOIDS": 0, "COMMENTS": "", "ADJ_BHQ": 99, "BHQ": "99", "RPD": "99", "TUBES_SMAL": "0" }, "geometry": { "type": "Point", "coordinates": [ -76.560000, 37.288000 ] } }
,
{ "type": "Feature", "properties": { "DATE_": "2004\/05\/04", "REGION": "Catlett", "STATION": "CO14", "LATITUDE": 37.288000, "LONGITUDE": -76.558330, "IMAGE": 127, "PENETRATIO": 2.600000, "SFC_RELIEF": 1.800000, "ADJ_RPD": 99.000000, "GRAIN_SIZE": "FSSI", "MAX_GRSZ": "SH", "BEDFORMS": 0, "FLOC_LAYER": 0, "ALGAE": 0, "HYD_BRY": 0, "EPIFAUNA": "", "PIT_MOUND": 0, "PELLETS": 0, "TUBES_LARG": 0.000000, "ADJ_T_SMAL": 0.000000, "INFAUNA": 0, "MD_INFAUNA": 0.000000, "BURROWS": 0, "OXIC_VOIDS": 0, "MD_OXIC_VO": 0.000000, "ANOX_VOIDS": 0.000000, "MD_ANOX_VO": "", "GAS_VOIDS": 0, "COMMENTS": "", "ADJ_BHQ": 99, "BHQ": "99", "RPD": "99", "TUBES_SMAL": "0" }, "geometry": { "type": "Point", "coordinates": [ -76.558330, 37.288000 ] } }
,
{ "type": "Feature", "properties": { "DATE_": "2004\/05\/04", "REGION": "Catlett", "STATION": "CO16", "LATITUDE": 37.288000, "LONGITUDE": -76.555000, "IMAGE": 159, "PENETRATIO": 4.900000, "SFC_RELIEF": 4.800000, "ADJ_RPD": 1.300000, "GRAIN_SIZE": "SIFS", "MAX_GRSZ": "SH", "BEDFORMS": 0, "FLOC_LAYER": 0, "ALGAE": 0, "HYD_BRY": 0, "EPIFAUNA": "", "PIT_MOUND": 0, "PELLETS": 0, "TUBES_LARG": 0.000000, "ADJ_T_SMAL": 7.000000, "INFAUNA": 0, "MD_INFAUNA": 0.000000, "BURROWS": 2, "OXIC_VOIDS": 2, "MD_OXIC_VO": 3.700000, "ANOX_VOIDS": 0.000000, "MD_ANOX_VO": "", "GAS_VOIDS": 0, "COMMENTS": "", "ADJ_BHQ": 5, "BHQ": "5", "RPD": "1.3", "TUBES_SMAL": "7" }, "geometry": { "type": "Point", "coordinates": [ -76.555000, 37.288000 ] } }
,
{ "type": "Feature", "properties": { "DATE_": "2004\/05\/04", "REGION": "Catlett", "STATION": "CO17", "LATITUDE": 37.288000, "LONGITUDE": -76.553330, "IMAGE": 147, "PENETRATIO": 7.300000, "SFC_RELIEF": 2.200000, "ADJ_RPD": 2.100000, "GRAIN_SIZE": "SIFS", "MAX_GRSZ": "SH", "BEDFORMS": 0, "FLOC_LAYER": 0, "ALGAE": 0, "HYD_BRY": 0, "EPIFAUNA": "", "PIT_MOUND": 0, "PELLETS": 0, "TUBES_LARG": 1.000000, "ADJ_T_SMAL": 0.000000, "INFAUNA": 0, "MD_INFAUNA": 0.000000, "BURROWS": 0, "OXIC_VOIDS": 3, "MD_OXIC_VO": 2.300000, "ANOX_VOIDS": 0.000000, "MD_ANOX_VO": "", "GAS_VOIDS": 0, "COMMENTS": "", "ADJ_BHQ": 6, "BHQ": "6", "RPD": "2.1", "TUBES_SMAL": "0" }, "geometry": { "type": "Point", "coordinates": [ -76.553330, 37.288000 ] } }
,
{ "type": "Feature", "properties": { "DATE_": "2004\/05\/04", "REGION": "Catlett", "STATION": "CP14", "LATITUDE": 37.286670, "LONGITUDE": -76.558330, "IMAGE": 134, "PENETRATIO": 12.200000, "SFC_RELIEF": 1.100000, "ADJ_RPD": 1.400000, "GRAIN_SIZE": "SICL", "MAX_GRSZ": "SI", "BEDFORMS": 0, "FLOC_LAYER": 1, "ALGAE": 0, "HYD_BRY": 0, "EPIFAUNA": "", "PIT_MOUND": 0, "PELLETS": 1, "TUBES_LARG": 0.000000, "ADJ_T_SMAL": 3.000000, "INFAUNA": 1, "MD_INFAUNA": 6.800000, "BURROWS": 2, "OXIC_VOIDS": 1, "MD_OXIC_VO": 2.600000, "ANOX_VOIDS": 0.000000, "MD_ANOX_VO": "", "GAS_VOIDS": 0, "COMMENTS": "", "ADJ_BHQ": 7, "BHQ": "7", "RPD": "1.4", "TUBES_SMAL": "3" }, "geometry": { "type": "Point", "coordinates": [ -76.558330, 37.286670 ] } }
,
{ "type": "Feature", "properties": { "DATE_": "2004\/05\/04", "REGION": "Catlett", "STATION": "CP16", "LATITUDE": 37.286670, "LONGITUDE": -76.555000, "IMAGE": 153, "PENETRATIO": 0.000000, "SFC_RELIEF": 99.000000, "ADJ_RPD": 99.000000, "GRAIN_SIZE": "SICL", "MAX_GRSZ": "SH", "BEDFORMS": 0, "FLOC_LAYER": 0, "ALGAE": 0, "HYD_BRY": 0, "EPIFAUNA": "", "PIT_MOUND": 0, "PELLETS": 0, "TUBES_LARG": 0.000000, "ADJ_T_SMAL": 20.000000, "INFAUNA": 0, "MD_INFAUNA": 0.000000, "BURROWS": 0, "OXIC_VOIDS": 0, "MD_OXIC_VO": 0.000000, "ANOX_VOIDS": 0.000000, "MD_ANOX_VO": "", "GAS_VOIDS": 0, "COMMENTS": "", "ADJ_BHQ": 99, "BHQ": "99", "RPD": "99", "TUBES_SMAL": ">20" }, "geometry": { "type": "Point", "coordinates": [ -76.555000, 37.286670 ] } }
,
{ "type": "Feature", "properties": { "DATE_": "2004\/05\/04", "REGION": "Catlett", "STATION": "CP20", "LATITUDE": 37.286670, "LONGITUDE": -76.548330, "IMAGE": 165, "PENETRATIO": 8.700000, "SFC_RELIEF": 1.300000, "ADJ_RPD": 4.700000, "GRAIN_SIZE": "FSSICL", "MAX_GRSZ": "FS", "BEDFORMS": 0, "FLOC_LAYER": 0, "ALGAE": 0, "HYD_BRY": 0, "EPIFAUNA": "", "PIT_MOUND": 0, "PELLETS": 0, "TUBES_LARG": 0.000000, "ADJ_T_SMAL": 4.000000, "INFAUNA": 2, "MD_INFAUNA": 4.600000, "BURROWS": 2, "OXIC_VOIDS": 0, "MD_OXIC_VO": 0.000000, "ANOX_VOIDS": 0.000000, "MD_ANOX_VO": "", "GAS_VOIDS": 0, "COMMENTS": "", "ADJ_BHQ": 7, "BHQ": "7", "RPD": "4.7", "TUBES_SMAL": "4" }, "geometry": { "type": "Point", "coordinates": [ -76.548330, 37.286670 ] } }
,
{ "type": "Feature", "properties": { "DATE_": "2004\/05\/04", "REGION": "Catlett", "STATION": "CP21", "LATITUDE": 37.286670, "LONGITUDE": -76.546670, "IMAGE": 171, "PENETRATIO": 6.100000, "SFC_RELIEF": 1.200000, "ADJ_RPD": 1.600000, "GRAIN_SIZE": "SICL", "MAX_GRSZ": "SI", "BEDFORMS": 0, "FLOC_LAYER": 0, "ALGAE": 0, "HYD_BRY": 1, "EPIFAUNA": "", "PIT_MOUND": 0, "PELLETS": 0, "TUBES_LARG": 0.000000, "ADJ_T_SMAL": 7.000000, "INFAUNA": 3, "MD_INFAUNA": 4.000000, "BURROWS": 3, "OXIC_VOIDS": 0, "MD_OXIC_VO": 0.000000, "ANOX_VOIDS": 0.000000, "MD_ANOX_VO": "", "GAS_VOIDS": 0, "COMMENTS": "", "ADJ_BHQ": 6, "BHQ": "6", "RPD": "1.6", "TUBES_SMAL": "7" }, "geometry": { "type": "Point", "coordinates": [ -76.546670, 37.286670 ] } }
,
{ "type": "Feature", "properties": { "DATE_": "2004\/05\/04", "REGION": "Catlett", "STATION": "CQ14", "LATITUDE": 37.285330, "LONGITUDE": -76.558330, "IMAGE": 141, "PENETRATIO": 14.800000, "SFC_RELIEF": 1.700000, "ADJ_RPD": 2.200000, "GRAIN_SIZE": "SICL", "MAX_GRSZ": "SI", "BEDFORMS": 0, "FLOC_LAYER": 1, "ALGAE": 0, "HYD_BRY": 0, "EPIFAUNA": "", "PIT_MOUND": 0, "PELLETS": 1, "TUBES_LARG": 0.000000, "ADJ_T_SMAL": 6.000000, "INFAUNA": 2, "MD_INFAUNA": 6.500000, "BURROWS": 2, "OXIC_VOIDS": 0, "MD_OXIC_VO": 0.000000, "ANOX_VOIDS": 0.000000, "MD_ANOX_VO": "", "GAS_VOIDS": 0, "COMMENTS": "", "ADJ_BHQ": 7, "BHQ": "7", "RPD": "2.2", "TUBES_SMAL": "6" }, "geometry": { "type": "Point", "coordinates": [ -76.558330, 37.285330 ] } }
,
{ "type": "Feature", "properties": { "DATE_": "2004\/05\/04", "REGION": "Catlett", "STATION": "CS20", "LATITUDE": 37.282670, "LONGITUDE": -76.548330, "IMAGE": 178, "PENETRATIO": 19.500000, "SFC_RELIEF": 0.900000, "ADJ_RPD": 0.700000, "GRAIN_SIZE": "SICL", "MAX_GRSZ": "SI", "BEDFORMS": 0, "FLOC_LAYER": 0, "ALGAE": 0, "HYD_BRY": 0, "EPIFAUNA": "", "PIT_MOUND": 0, "PELLETS": 0, "TUBES_LARG": 2.000000, "ADJ_T_SMAL": 1.000000, "INFAUNA": 1, "MD_INFAUNA": 2.900000, "BURROWS": 0, "OXIC_VOIDS": 3, "MD_OXIC_VO": 3.500000, "ANOX_VOIDS": 0.000000, "MD_ANOX_VO": "", "GAS_VOIDS": 0, "COMMENTS": "", "ADJ_BHQ": 5, "BHQ": "5", "RPD": "0.7", "TUBES_SMAL": "1" }, "geometry": { "type": "Point", "coordinates": [ -76.548330, 37.282670 ] } }
,
{ "type": "Feature", "properties": { "DATE_": "2004\/05\/04", "REGION": "Catlett", "STATION": "CS21", "LATITUDE": 37.282670, "LONGITUDE": -76.546670, "IMAGE": 184, "PENETRATIO": 11.400000, "SFC_RELIEF": 1.100000, "ADJ_RPD": 2.200000, "GRAIN_SIZE": "FSSICL", "MAX_GRSZ": "FS", "BEDFORMS": 1, "FLOC_LAYER": 0, "ALGAE": 0, "HYD_BRY": 0, "EPIFAUNA": "", "PIT_MOUND": 1, "PELLETS": 0, "TUBES_LARG": 0.000000, "ADJ_T_SMAL": 8.000000, "INFAUNA": 0, "MD_INFAUNA": 0.000000, "BURROWS": 5, "OXIC_VOIDS": 1, "MD_OXIC_VO": 1.800000, "ANOX_VOIDS": 0.000000, "MD_ANOX_VO": "", "GAS_VOIDS": 0, "COMMENTS": "", "ADJ_BHQ": 8, "BHQ": "8", "RPD": "2.2", "TUBES_SMAL": "8" }, "geometry": { "type": "Point", "coordinates": [ -76.546670, 37.282670 ] } }
,
{ "type": "Feature", "properties": { "DATE_": "2004\/05\/04", "REGION": "Goodwin", "STATION": "GA12", "LATITUDE": 37.233333, "LONGITUDE": -76.398333, "IMAGE": 48, "PENETRATIO": 13.400000, "SFC_RELIEF": 2.300000, "ADJ_RPD": 2.200000, "GRAIN_SIZE": "SICL", "MAX_GRSZ": "SI", "BEDFORMS": 0, "FLOC_LAYER": 0, "ALGAE": 1, "HYD_BRY": 0, "EPIFAUNA": "", "PIT_MOUND": 0, "PELLETS": 1, "TUBES_LARG": 0.000000, "ADJ_T_SMAL": 1.000000, "INFAUNA": 0, "MD_INFAUNA": 0.000000, "BURROWS": 0, "OXIC_VOIDS": 0, "MD_OXIC_VO": 0.000000, "ANOX_VOIDS": 0.000000, "MD_ANOX_VO": "", "GAS_VOIDS": 0, "COMMENTS": "", "ADJ_BHQ": 5, "BHQ": "5", "RPD": "2.2", "TUBES_SMAL": "1" }, "geometry": { "type": "Point", "coordinates": [ -76.398333, 37.233333 ] } }
,
{ "type": "Feature", "properties": { "DATE_": "2004\/05\/04", "REGION": "Goodwin", "STATION": "GA20", "LATITUDE": 37.233333, "LONGITUDE": -76.385000, "IMAGE": 60, "PENETRATIO": 5.400000, "SFC_RELIEF": 1.600000, "ADJ_RPD": 3.500000, "GRAIN_SIZE": "FSMS", "MAX_GRSZ": "MS", "BEDFORMS": 1, "FLOC_LAYER": 0, "ALGAE": 0, "HYD_BRY": 0, "EPIFAUNA": "", "PIT_MOUND": 0, "PELLETS": 0, "TUBES_LARG": 1.000000, "ADJ_T_SMAL": 1.000000, "INFAUNA": 0, "MD_INFAUNA": 0.000000, "BURROWS": 0, "OXIC_VOIDS": 0, "MD_OXIC_VO": 0.000000, "ANOX_VOIDS": 0.000000, "MD_ANOX_VO": "", "GAS_VOIDS": 0, "COMMENTS": "", "ADJ_BHQ": 5, "BHQ": "5", "RPD": "3.5", "TUBES_SMAL": "1" }, "geometry": { "type": "Point", "coordinates": [ -76.385000, 37.233333 ] } }
,
{ "type": "Feature", "properties": { "DATE_": "2004\/05\/04", "REGION": "Goodwin", "STATION": "GA23", "LATITUDE": 37.233333, "LONGITUDE": -76.380000, "IMAGE": 42, "PENETRATIO": 10.900000, "SFC_RELIEF": 0.900000, "ADJ_RPD": 1.400000, "GRAIN_SIZE": "FSSI", "MAX_GRSZ": "FS", "BEDFORMS": 0, "FLOC_LAYER": 0, "ALGAE": 0, "HYD_BRY": 0, "EPIFAUNA": "", "PIT_MOUND": 1, "PELLETS": 0, "TUBES_LARG": 0.000000, "ADJ_T_SMAL": 19.000000, "INFAUNA": 1, "MD_INFAUNA": 4.600000, "BURROWS": 2, "OXIC_VOIDS": 0, "MD_OXIC_VO": 0.000000, "ANOX_VOIDS": 0.000000, "MD_ANOX_VO": "", "GAS_VOIDS": 0, "COMMENTS": "", "ADJ_BHQ": 6, "BHQ": "6", "RPD": "1.4", "TUBES_SMAL": "19" }, "geometry": { "type": "Point", "coordinates": [ -76.380000, 37.233333 ] } }
,
{ "type": "Feature", "properties": { "DATE_": "2004\/05\/04", "REGION": "Goodwin", "STATION": "GB03", "LATITUDE": 37.232000, "LONGITUDE": -76.413333, "IMAGE": 18, "PENETRATIO": 20.300000, "SFC_RELIEF": 1.100000, "ADJ_RPD": 0.900000, "GRAIN_SIZE": "SICL", "MAX_GRSZ": "SI", "BEDFORMS": 0, "FLOC_LAYER": 0, "ALGAE": 0, "HYD_BRY": 0, "EPIFAUNA": "", "PIT_MOUND": 0, "PELLETS": 0, "TUBES_LARG": 0.000000, "ADJ_T_SMAL": 0.000000, "INFAUNA": 1, "MD_INFAUNA": 4.800000, "BURROWS": 0, "OXIC_VOIDS": 0, "MD_OXIC_VO": 0.000000, "ANOX_VOIDS": 0.000000, "MD_ANOX_VO": "", "GAS_VOIDS": 0, "COMMENTS": "", "ADJ_BHQ": 2, "BHQ": "2", "RPD": "0.9", "TUBES_SMAL": "0" }, "geometry": { "type": "Point", "coordinates": [ -76.413333, 37.232000 ] } }
,
{ "type": "Feature", "properties": { "DATE_": "2004\/05\/04", "REGION": "Goodwin", "STATION": "GB06", "LATITUDE": 37.232000, "LONGITUDE": -76.408333, "IMAGE": 25, "PENETRATIO": 14.400000, "SFC_RELIEF": 0.300000, "ADJ_RPD": 0.500000, "GRAIN_SIZE": "SICL", "MAX_GRSZ": "SI", "BEDFORMS": 0, "FLOC_LAYER": 0, "ALGAE": 0, "HYD_BRY": 0, "EPIFAUNA": "", "PIT_MOUND": 0, "PELLETS": 0, "TUBES_LARG": 0.000000, "ADJ_T_SMAL": 12.000000, "INFAUNA": 3, "MD_INFAUNA": 11.300000, "BURROWS": 2, "OXIC_VOIDS": 0, "MD_OXIC_VO": 0.000000, "ANOX_VOIDS": 1.000000, "MD_ANOX_VO": "10.7", "GAS_VOIDS": 0, "COMMENTS": "", "ADJ_BHQ": 4, "BHQ": "4", "RPD": "0.5", "TUBES_SMAL": "12" }, "geometry": { "type": "Point", "coordinates": [ -76.408333, 37.232000 ] } }
,
{ "type": "Feature", "properties": { "DATE_": "2004\/05\/04", "REGION": "Goodwin", "STATION": "GB16", "LATITUDE": 37.232000, "LONGITUDE": -76.391667, "IMAGE": 56, "PENETRATIO": 4.800000, "SFC_RELIEF": 2.000000, "ADJ_RPD": 2.000000, "GRAIN_SIZE": "FSMS", "MAX_GRSZ": "MS", "BEDFORMS": 1, "FLOC_LAYER": 0, "ALGAE": 0, "HYD_BRY": 0, "EPIFAUNA": "", "PIT_MOUND": 0, "PELLETS": 0, "TUBES_LARG": 0.000000, "ADJ_T_SMAL": 4.000000, "INFAUNA": 0, "MD_INFAUNA": 0.000000, "BURROWS": 0, "OXIC_VOIDS": 0, "MD_OXIC_VO": 0.000000, "ANOX_VOIDS": 0.000000, "MD_ANOX_VO": "", "GAS_VOIDS": 0, "COMMENTS": "", "ADJ_BHQ": 3, "BHQ": "3", "RPD": "2", "TUBES_SMAL": "4" }, "geometry": { "type": "Point", "coordinates": [ -76.391667, 37.232000 ] } }
,
{ "type": "Feature", "properties": { "DATE_": "2004\/05\/04", "REGION": "Goodwin", "STATION": "GB26", "LATITUDE": 37.232000, "LONGITUDE": -76.375000, "IMAGE": 63, "PENETRATIO": 5.100000, "SFC_RELIEF": 1.800000, "ADJ_RPD": 1.800000, "GRAIN_SIZE": "FSMS", "MAX_GRSZ": "MS", "BEDFORMS": 1, "FLOC_LAYER": 0, "ALGAE": 0, "HYD_BRY": 0, "EPIFAUNA": "", "PIT_MOUND": 0, "PELLETS": 0, "TUBES_LARG": 0.000000, "ADJ_T_SMAL": 6.000000, "INFAUNA": 1, "MD_INFAUNA": 3.300000, "BURROWS": 1, "OXIC_VOIDS": 0, "MD_OXIC_VO": 0.000000, "ANOX_VOIDS": 0.000000, "MD_ANOX_VO": "", "GAS_VOIDS": 0, "COMMENTS": "", "ADJ_BHQ": 5, "BHQ": "5", "RPD": "1.8", "TUBES_SMAL": "6" }, "geometry": { "type": "Point", "coordinates": [ -76.375000, 37.232000 ] } }
,
{ "type": "Feature", "properties": { "DATE_": "2004\/05\/04", "REGION": "Goodwin", "STATION": "GC07", "LATITUDE": 37.230667, "LONGITUDE": -76.406667, "IMAGE": 28, "PENETRATIO": 8.100000, "SFC_RELIEF": 0.600000, "ADJ_RPD": 0.600000, "GRAIN_SIZE": "FSSICL", "MAX_GRSZ": "FS", "BEDFORMS": 0, "FLOC_LAYER": 0, "ALGAE": 0, "HYD_BRY": 0, "EPIFAUNA": "", "PIT_MOUND": 1, "PELLETS": 0, "TUBES_LARG": 0.000000, "ADJ_T_SMAL": 4.000000, "INFAUNA": 2, "MD_INFAUNA": 4.800000, "BURROWS": 3, "OXIC_VOIDS": 0, "MD_OXIC_VO": 0.000000, "ANOX_VOIDS": 0.000000, "MD_ANOX_VO": "", "GAS_VOIDS": 0, "COMMENTS": "", "ADJ_BHQ": 6, "BHQ": "6", "RPD": "0.6", "TUBES_SMAL": "4" }, "geometry": { "type": "Point", "coordinates": [ -76.406667, 37.230667 ] } }
,
{ "type": "Feature", "properties": { "DATE_": "2004\/05\/04", "REGION": "Goodwin", "STATION": "GD04", "LATITUDE": 37.229333, "LONGITUDE": -76.411667, "IMAGE": 11, "PENETRATIO": 8.300000, "SFC_RELIEF": 1.600000, "ADJ_RPD": 1.100000, "GRAIN_SIZE": "FSSICL", "MAX_GRSZ": "FS", "BEDFORMS": 0, "FLOC_LAYER": 0, "ALGAE": 0, "HYD_BRY": 0, "EPIFAUNA": "", "PIT_MOUND": 1, "PELLETS": 0, "TUBES_LARG": 0.000000, "ADJ_T_SMAL": 3.000000, "INFAUNA": 12, "MD_INFAUNA": 7.600000, "BURROWS": 7, "OXIC_VOIDS": 0, "MD_OXIC_VO": 0.000000, "ANOX_VOIDS": 0.000000, "MD_ANOX_VO": "", "GAS_VOIDS": 0, "COMMENTS": "", "ADJ_BHQ": 7, "BHQ": "7", "RPD": "1.1", "TUBES_SMAL": "3" }, "geometry": { "type": "Point", "coordinates": [ -76.411667, 37.229333 ] } }
,
{ "type": "Feature", "properties": { "DATE_": "2004\/05\/04", "REGION": "Goodwin", "STATION": "GD08", "LATITUDE": 37.229333, "LONGITUDE": -76.405000, "IMAGE": 29, "PENETRATIO": 6.900000, "SFC_RELIEF": 0.900000, "ADJ_RPD": 1.200000, "GRAIN_SIZE": "FSSICL", "MAX_GRSZ": "FS", "BEDFORMS": 0, "FLOC_LAYER": 1, "ALGAE": 0, "HYD_BRY": 0, "EPIFAUNA": "", "PIT_MOUND": 1, "PELLETS": 0, "TUBES_LARG": 0.000000, "ADJ_T_SMAL": 20.000000, "INFAUNA": 5, "MD_INFAUNA": 5.800000, "BURROWS": 1, "OXIC_VOIDS": 0, "MD_OXIC_VO": 0.000000, "ANOX_VOIDS": 0.000000, "MD_ANOX_VO": "", "GAS_VOIDS": 0, "COMMENTS": "", "ADJ_BHQ": 6, "BHQ": "6", "RPD": "1.2", "TUBES_SMAL": ">20" }, "geometry": { "type": "Point", "coordinates": [ -76.405000, 37.229333 ] } }
,
{ "type": "Feature", "properties": { "DATE_": "2004\/05\/04", "REGION": "Goodwin", "STATION": "GD11", "LATITUDE": 37.229333, "LONGITUDE": -76.400000, "IMAGE": 36, "PENETRATIO": 7.700000, "SFC_RELIEF": 0.600000, "ADJ_RPD": 2.100000, "GRAIN_SIZE": "FS", "MAX_GRSZ": "FS", "BEDFORMS": 1, "FLOC_LAYER": 1, "ALGAE": 0, "HYD_BRY": 0, "EPIFAUNA": "", "PIT_MOUND": 1, "PELLETS": 0, "TUBES_LARG": 0.000000, "ADJ_T_SMAL": 11.000000, "INFAUNA": 0, "MD_INFAUNA": 0.000000, "BURROWS": 6, "OXIC_VOIDS": 0, "MD_OXIC_VO": 0.000000, "ANOX_VOIDS": 0.000000, "MD_ANOX_VO": "", "GAS_VOIDS": 0, "COMMENTS": "", "ADJ_BHQ": 7, "BHQ": "7", "RPD": "2.1", "TUBES_SMAL": "11" }, "geometry": { "type": "Point", "coordinates": [ -76.400000, 37.229333 ] } }
,
{ "type": "Feature", "properties": { "DATE_": "2004\/05\/04", "REGION": "Goodwin", "STATION": "GD21", "LATITUDE": 37.229333, "LONGITUDE": -76.383333, "IMAGE": 52, "PENETRATIO": 4.000000, "SFC_RELIEF": 1.000000, "ADJ_RPD": 1.000000, "GRAIN_SIZE": "FS", "MAX_GRSZ": "FS", "BEDFORMS": 1, "FLOC_LAYER": 0, "ALGAE": 0, "HYD_BRY": 0, "EPIFAUNA": "", "PIT_MOUND": 0, "PELLETS": 0, "TUBES_LARG": 1.000000, "ADJ_T_SMAL": 4.000000, "INFAUNA": 1, "MD_INFAUNA": 3.900000, "BURROWS": 1, "OXIC_VOIDS": 0, "MD_OXIC_VO": 0.000000, "ANOX_VOIDS": 0.000000, "MD_ANOX_VO": "", "GAS_VOIDS": 0, "COMMENTS": "", "ADJ_BHQ": 5, "BHQ": "5", "RPD": "1", "TUBES_SMAL": "4" }, "geometry": { "type": "Point", "coordinates": [ -76.383333, 37.229333 ] } }
,
{ "type": "Feature", "properties": { "DATE_": "2004\/05\/04", "REGION": "Goodwin", "STATION": "GD27", "LATITUDE": 37.229333, "LONGITUDE": -76.373333, "IMAGE": 70, "PENETRATIO": 7.400000, "SFC_RELIEF": 2.400000, "ADJ_RPD": 5.300000, "GRAIN_SIZE": "MSCS", "MAX_GRSZ": "CS", "BEDFORMS": 1, "FLOC_LAYER": 0, "ALGAE": 0, "HYD_BRY": 0, "EPIFAUNA": "", "PIT_MOUND": 0, "PELLETS": 0, "TUBES_LARG": 0.000000, "ADJ_T_SMAL": 0.000000, "INFAUNA": 0, "MD_INFAUNA": 0.000000, "BURROWS": 0, "OXIC_VOIDS": 0, "MD_OXIC_VO": 0.000000, "ANOX_VOIDS": 0.000000, "MD_ANOX_VO": "", "GAS_VOIDS": 0, "COMMENTS": "", "ADJ_BHQ": 5, "BHQ": "5", "RPD": "5.3", "TUBES_SMAL": "0" }, "geometry": { "type": "Point", "coordinates": [ -76.373333, 37.229333 ] } }
,
{ "type": "Feature", "properties": { "DATE_": "2004\/05\/04", "REGION": "Goodwin", "STATION": "GD30", "LATITUDE": 37.229333, "LONGITUDE": -76.368333, "IMAGE": 67, "PENETRATIO": 3.300000, "SFC_RELIEF": 2.000000, "ADJ_RPD": 3.300000, "GRAIN_SIZE": "MSCS", "MAX_GRSZ": "CS", "BEDFORMS": 1, "FLOC_LAYER": 0, "ALGAE": 0, "HYD_BRY": 0, "EPIFAUNA": "", "PIT_MOUND": 0, "PELLETS": 0, "TUBES_LARG": 0.000000, "ADJ_T_SMAL": 0.000000, "INFAUNA": 0, "MD_INFAUNA": 0.000000, "BURROWS": 0, "OXIC_VOIDS": 0, "MD_OXIC_VO": 0.000000, "ANOX_VOIDS": 0.000000, "MD_ANOX_VO": "", "GAS_VOIDS": 0, "COMMENTS": "", "ADJ_BHQ": 3, "BHQ": ">3", "RPD": ">3.3", "TUBES_SMAL": "0" }, "geometry": { "type": "Point", "coordinates": [ -76.368333, 37.229333 ] } }
,
{ "type": "Feature", "properties": { "DATE_": "2004\/05\/04", "REGION": "Goodwin", "STATION": "GE02", "LATITUDE": 37.228000, "LONGITUDE": -76.415000, "IMAGE": 3, "PENETRATIO": 7.300000, "SFC_RELIEF": 0.900000, "ADJ_RPD": 0.600000, "GRAIN_SIZE": "FSSI", "MAX_GRSZ": "FS", "BEDFORMS": 1, "FLOC_LAYER": 0, "ALGAE": 0, "HYD_BRY": 0, "EPIFAUNA": "", "PIT_MOUND": 1, "PELLETS": 0, "TUBES_LARG": 0.000000, "ADJ_T_SMAL": 6.000000, "INFAUNA": 2, "MD_INFAUNA": 3.200000, "BURROWS": 2, "OXIC_VOIDS": 0, "MD_OXIC_VO": 0.000000, "ANOX_VOIDS": 0.000000, "MD_ANOX_VO": "", "GAS_VOIDS": 0, "COMMENTS": "", "ADJ_BHQ": 5, "BHQ": "5", "RPD": "0.6", "TUBES_SMAL": "6" }, "geometry": { "type": "Point", "coordinates": [ -76.415000, 37.228000 ] } }
,
{ "type": "Feature", "properties": { "DATE_": "2004\/05\/04", "REGION": "Goodwin", "STATION": "GF04", "LATITUDE": 37.226667, "LONGITUDE": -76.411667, "IMAGE": 9, "PENETRATIO": 4.700000, "SFC_RELIEF": 1.000000, "ADJ_RPD": 0.800000, "GRAIN_SIZE": "FS", "MAX_GRSZ": "FS", "BEDFORMS": 1, "FLOC_LAYER": 0, "ALGAE": 0, "HYD_BRY": 0, "EPIFAUNA": "", "PIT_MOUND": 1, "PELLETS": 0, "TUBES_LARG": 0.000000, "ADJ_T_SMAL": 8.000000, "INFAUNA": 0, "MD_INFAUNA": 0.000000, "BURROWS": 3, "OXIC_VOIDS": 0, "MD_OXIC_VO": 0.000000, "ANOX_VOIDS": 0.000000, "MD_ANOX_VO": "", "GAS_VOIDS": 0, "COMMENTS": "", "ADJ_BHQ": 5, "BHQ": "5", "RPD": "0.8", "TUBES_SMAL": "8" }, "geometry": { "type": "Point", "coordinates": [ -76.411667, 37.226667 ] } }
,
{ "type": "Feature", "properties": { "DATE_": "2004\/05\/04", "REGION": "Goodwin", "STATION": "GF07", "LATITUDE": 37.226667, "LONGITUDE": -76.406667, "IMAGE": 32, "PENETRATIO": 4.500000, "SFC_RELIEF": 1.400000, "ADJ_RPD": 1.500000, "GRAIN_SIZE": "FS", "MAX_GRSZ": "FS", "BEDFORMS": 1, "FLOC_LAYER": 1, "ALGAE": 0, "HYD_BRY": 0, "EPIFAUNA": "", "PIT_MOUND": 0, "PELLETS": 0, "TUBES_LARG": 0.000000, "ADJ_T_SMAL": 3.000000, "INFAUNA": 3, "MD_INFAUNA": 2.100000, "BURROWS": 1, "OXIC_VOIDS": 0, "MD_OXIC_VO": 0.000000, "ANOX_VOIDS": 0.000000, "MD_ANOX_VO": "", "GAS_VOIDS": 0, "COMMENTS": "", "ADJ_BHQ": 5, "BHQ": "5", "RPD": "1.5", "TUBES_SMAL": "3" }, "geometry": { "type": "Point", "coordinates": [ -76.406667, 37.226667 ] } }
,
{ "type": "Feature", "properties": { "DATE_": "2004\/05\/04", "REGION": "Goodwin", "STATION": "GF14", "LATITUDE": 37.226667, "LONGITUDE": -76.395000, "IMAGE": 39, "PENETRATIO": 5.000000, "SFC_RELIEF": 0.800000, "ADJ_RPD": 0.700000, "GRAIN_SIZE": "FS", "MAX_GRSZ": "FS", "BEDFORMS": 1, "FLOC_LAYER": 0, "ALGAE": 0, "HYD_BRY": 0, "EPIFAUNA": "", "PIT_MOUND": 1, "PELLETS": 0, "TUBES_LARG": 2.000000, "ADJ_T_SMAL": 9.000000, "INFAUNA": 1, "MD_INFAUNA": 4.500000, "BURROWS": 2, "OXIC_VOIDS": 0, "MD_OXIC_VO": 0.000000, "ANOX_VOIDS": 0.000000, "MD_ANOX_VO": "", "GAS_VOIDS": 0, "COMMENTS": "", "ADJ_BHQ": 6, "BHQ": "6", "RPD": "0.7", "TUBES_SMAL": "9" }, "geometry": { "type": "Point", "coordinates": [ -76.395000, 37.226667 ] } }
,
{ "type": "Feature", "properties": { "DATE_": "2004\/05\/04", "REGION": "Goodwin", "STATION": "GF25", "LATITUDE": 37.226667, "LONGITUDE": -76.376667, "IMAGE": 74, "PENETRATIO": 6.800000, "SFC_RELIEF": 0.900000, "ADJ_RPD": 2.000000, "GRAIN_SIZE": "FSMS", "MAX_GRSZ": "MS", "BEDFORMS": 1, "FLOC_LAYER": 0, "ALGAE": 0, "HYD_BRY": 0, "EPIFAUNA": "", "PIT_MOUND": 0, "PELLETS": 0, "TUBES_LARG": 0.000000, "ADJ_T_SMAL": 0.000000, "INFAUNA": 1, "MD_INFAUNA": 3.400000, "BURROWS": 2, "OXIC_VOIDS": 0, "MD_OXIC_VO": 0.000000, "ANOX_VOIDS": 0.000000, "MD_ANOX_VO": "", "GAS_VOIDS": 0, "COMMENTS": "", "ADJ_BHQ": 4, "BHQ": "4", "RPD": "2", "TUBES_SMAL": "0" }, "geometry": { "type": "Point", "coordinates": [ -76.376667, 37.226667 ] } }
,
{ "type": "Feature", "properties": { "DATE_": "2004\/05\/04", "REGION": "Goodwin", "STATION": "GG03", "LATITUDE": 37.225333, "LONGITUDE": -76.413333, "IMAGE": 5, "PENETRATIO": 3.500000, "SFC_RELIEF": 2.200000, "ADJ_RPD": 1.800000, "GRAIN_SIZE": "FSMS", "MAX_GRSZ": "MS", "BEDFORMS": 1, "FLOC_LAYER": 0, "ALGAE": 0, "HYD_BRY": 0, "EPIFAUNA": "", "PIT_MOUND": 1, "PELLETS": 0, "TUBES_LARG": 1.000000, "ADJ_T_SMAL": 8.000000, "INFAUNA": 1, "MD_INFAUNA": 1.700000, "BURROWS": 4, "OXIC_VOIDS": 0, "MD_OXIC_VO": 0.000000, "ANOX_VOIDS": 0.000000, "MD_ANOX_VO": "", "GAS_VOIDS": 0, "COMMENTS": "", "ADJ_BHQ": 8, "BHQ": "8", "RPD": "1.8", "TUBES_SMAL": "8" }, "geometry": { "type": "Point", "coordinates": [ -76.413333, 37.225333 ] } }
,
{ "type": "Feature", "properties": { "DATE_": "2004\/05\/04", "REGION": "Goodwin", "STATION": "GG04", "LATITUDE": 37.225333, "LONGITUDE": -76.411667, "IMAGE": 7, "PENETRATIO": 4.300000, "SFC_RELIEF": 1.100000, "ADJ_RPD": 1.100000, "GRAIN_SIZE": "FS", "MAX_GRSZ": "FS", "BEDFORMS": 1, "FLOC_LAYER": 0, "ALGAE": 0, "HYD_BRY": 0, "EPIFAUNA": "", "PIT_MOUND": 1, "PELLETS": 0, "TUBES_LARG": 0.000000, "ADJ_T_SMAL": 1.000000, "INFAUNA": 0, "MD_INFAUNA": 0.000000, "BURROWS": 5, "OXIC_VOIDS": 0, "MD_OXIC_VO": 0.000000, "ANOX_VOIDS": 0.000000, "MD_ANOX_VO": "", "GAS_VOIDS": 0, "COMMENTS": "", "ADJ_BHQ": 6, "BHQ": "6", "RPD": "1.1", "TUBES_SMAL": "1" }, "geometry": { "type": "Point", "coordinates": [ -76.411667, 37.225333 ] } }
,
{ "type": "Feature", "properties": { "DATE_": "2004\/05\/04", "REGION": "Goodwin", "STATION": "GG22", "LATITUDE": 37.225333, "LONGITUDE": -76.381667, "IMAGE": 78, "PENETRATIO": 4.800000, "SFC_RELIEF": 1.100000, "ADJ_RPD": 2.200000, "GRAIN_SIZE": "FS", "MAX_GRSZ": "FS", "BEDFORMS": 1, "FLOC_LAYER": 0, "ALGAE": 0, "HYD_BRY": 0, "EPIFAUNA": "", "PIT_MOUND": 0, "PELLETS": 0, "TUBES_LARG": 0.000000, "ADJ_T_SMAL": 0.000000, "INFAUNA": 1, "MD_INFAUNA": 4.000000, "BURROWS": 0, "OXIC_VOIDS": 0, "MD_OXIC_VO": 0.000000, "ANOX_VOIDS": 0.000000, "MD_ANOX_VO": "", "GAS_VOIDS": 0, "COMMENTS": "", "ADJ_BHQ": 4, "BHQ": "4", "RPD": "2.2", "TUBES_SMAL": "0" }, "geometry": { "type": "Point", "coordinates": [ -76.381667, 37.225333 ] } }
,
{ "type": "Feature", "properties": { "DATE_": "2004\/05\/04", "REGION": "Goodwin", "STATION": "GG29", "LATITUDE": 37.225333, "LONGITUDE": -76.370000, "IMAGE": 64, "PENETRATIO": 4.000000, "SFC_RELIEF": 1.400000, "ADJ_RPD": 4.000000, "GRAIN_SIZE": "FSMS", "MAX_GRSZ": "MS", "BEDFORMS": 1, "FLOC_LAYER": 0, "ALGAE": 0, "HYD_BRY": 0, "EPIFAUNA": "", "PIT_MOUND": 0, "PELLETS": 0, "TUBES_LARG": 0.000000, "ADJ_T_SMAL": 0.000000, "INFAUNA": 1, "MD_INFAUNA": 2.100000, "BURROWS": 0, "OXIC_VOIDS": 0, "MD_OXIC_VO": 0.000000, "ANOX_VOIDS": 0.000000, "MD_ANOX_VO": "", "GAS_VOIDS": 0, "COMMENTS": "", "ADJ_BHQ": 5, "BHQ": ">5", "RPD": ">4", "TUBES_SMAL": "0" }, "geometry": { "type": "Point", "coordinates": [ -76.370000, 37.225333 ] } }
,
{ "type": "Feature", "properties": { "DATE_": "2004\/05\/04", "REGION": "Goodwin", "STATION": "GI27", "LATITUDE": 37.222667, "LONGITUDE": -76.373333, "IMAGE": 60, "PENETRATIO": 3.800000, "SFC_RELIEF": 0.700000, "ADJ_RPD": 2.900000, "GRAIN_SIZE": "FSMS", "MAX_GRSZ": "MS", "BEDFORMS": 1, "FLOC_LAYER": 0, "ALGAE": 0, "HYD_BRY": 0, "EPIFAUNA": "", "PIT_MOUND": 0, "PELLETS": 0, "TUBES_LARG": 0.000000, "ADJ_T_SMAL": 1.000000, "INFAUNA": 1, "MD_INFAUNA": 2.400000, "BURROWS": 0, "OXIC_VOIDS": 0, "MD_OXIC_VO": 0.000000, "ANOX_VOIDS": 0.000000, "MD_ANOX_VO": "", "GAS_VOIDS": 0, "COMMENTS": "", "ADJ_BHQ": 5, "BHQ": "5", "RPD": "2.9", "TUBES_SMAL": "1" }, "geometry": { "type": "Point", "coordinates": [ -76.373333, 37.222667 ] } }
,
{ "type": "Feature", "properties": { "DATE_": "2004\/05\/04", "REGION": "Goodwin", "STATION": "GJ27", "LATITUDE": 37.221333, "LONGITUDE": -76.373333, "IMAGE": 57, "PENETRATIO": 4.000000, "SFC_RELIEF": 0.900000, "ADJ_RPD": 3.300000, "GRAIN_SIZE": "FSMS", "MAX_GRSZ": "MS", "BEDFORMS": 1, "FLOC_LAYER": 0, "ALGAE": 0, "HYD_BRY": 0, "EPIFAUNA": "", "PIT_MOUND": 0, "PELLETS": 0, "TUBES_LARG": 0.000000, "ADJ_T_SMAL": 0.000000, "INFAUNA": 3, "MD_INFAUNA": 3.200000, "BURROWS": 1, "OXIC_VOIDS": 0, "MD_OXIC_VO": 0.000000, "ANOX_VOIDS": 0.000000, "MD_ANOX_VO": "", "GAS_VOIDS": 0, "COMMENTS": "", "ADJ_BHQ": 5, "BHQ": "5", "RPD": "3.3", "TUBES_SMAL": "0" }, "geometry": { "type": "Point", "coordinates": [ -76.373333, 37.221333 ] } }
,
{ "type": "Feature", "properties": { "DATE_": "2004\/05\/04", "REGION": "Goodwin", "STATION": "GK20", "LATITUDE": 37.220000, "LONGITUDE": -76.385000, "IMAGE": 50, "PENETRATIO": 3.900000, "SFC_RELIEF": 0.400000, "ADJ_RPD": 2.900000, "GRAIN_SIZE": "FSMS", "MAX_GRSZ": "MS", "BEDFORMS": 1, "FLOC_LAYER": 0, "ALGAE": 1, "HYD_BRY": 0, "EPIFAUNA": "", "PIT_MOUND": 0, "PELLETS": 0, "TUBES_LARG": 0.000000, "ADJ_T_SMAL": 1.000000, "INFAUNA": 1, "MD_INFAUNA": 2.800000, "BURROWS": 0, "OXIC_VOIDS": 0, "MD_OXIC_VO": 0.000000, "ANOX_VOIDS": 0.000000, "MD_ANOX_VO": "", "GAS_VOIDS": 0, "COMMENTS": "", "ADJ_BHQ": 5, "BHQ": "5", "RPD": "2.9", "TUBES_SMAL": "1" }, "geometry": { "type": "Point", "coordinates": [ -76.385000, 37.220000 ] } }
,
{ "type": "Feature", "properties": { "DATE_": "2004\/05\/04", "REGION": "Goodwin", "STATION": "GL21", "LATITUDE": 37.218667, "LONGITUDE": -76.383333, "IMAGE": 52, "PENETRATIO": 4.100000, "SFC_RELIEF": 1.800000, "ADJ_RPD": 2.900000, "GRAIN_SIZE": "FSMS", "MAX_GRSZ": "MS", "BEDFORMS": 1, "FLOC_LAYER": 0, "ALGAE": 0, "HYD_BRY": 0, "EPIFAUNA": "", "PIT_MOUND": 1, "PELLETS": 0, "TUBES_LARG": 0.000000, "ADJ_T_SMAL": 1.000000, "INFAUNA": 1, "MD_INFAUNA": 1.900000, "BURROWS": 0, "OXIC_VOIDS": 0, "MD_OXIC_VO": 0.000000, "ANOX_VOIDS": 0.000000, "MD_ANOX_VO": "", "GAS_VOIDS": 0, "COMMENTS": "", "ADJ_BHQ": 6, "BHQ": "6", "RPD": "2.9", "TUBES_SMAL": "1" }, "geometry": { "type": "Point", "coordinates": [ -76.383333, 37.218667 ] } }
,
{ "type": "Feature", "properties": { "DATE_": "2004\/05\/04", "REGION": "Goodwin", "STATION": "GL25", "LATITUDE": 37.218667, "LONGITUDE": -76.376667, "IMAGE": 55, "PENETRATIO": 6.400000, "SFC_RELIEF": 0.800000, "ADJ_RPD": 3.500000, "GRAIN_SIZE": "FSMS", "MAX_GRSZ": "MS", "BEDFORMS": 1, "FLOC_LAYER": 0, "ALGAE": 0, "HYD_BRY": 0, "EPIFAUNA": "", "PIT_MOUND": 0, "PELLETS": 0, "TUBES_LARG": 0.000000, "ADJ_T_SMAL": 0.000000, "INFAUNA": 0, "MD_INFAUNA": 0.000000, "BURROWS": 1, "OXIC_VOIDS": 0, "MD_OXIC_VO": 0.000000, "ANOX_VOIDS": 0.000000, "MD_ANOX_VO": "", "GAS_VOIDS": 0, "COMMENTS": "", "ADJ_BHQ": 4, "BHQ": "4", "RPD": "3.5", "TUBES_SMAL": "0" }, "geometry": { "type": "Point", "coordinates": [ -76.376667, 37.218667 ] } }
,
{ "type": "Feature", "properties": { "DATE_": "2004\/05\/04", "REGION": "Goodwin", "STATION": "GM29", "LATITUDE": 37.217333, "LONGITUDE": -76.370000, "IMAGE": 34, "PENETRATIO": 3.400000, "SFC_RELIEF": 1.400000, "ADJ_RPD": 2.000000, "GRAIN_SIZE": "FSMS", "MAX_GRSZ": "MS", "BEDFORMS": 1, "FLOC_LAYER": 0, "ALGAE": 0, "HYD_BRY": 0, "EPIFAUNA": "", "PIT_MOUND": 0, "PELLETS": 0, "TUBES_LARG": 0.000000, "ADJ_T_SMAL": 0.000000, "INFAUNA": 1, "MD_INFAUNA": 1.700000, "BURROWS": 1, "OXIC_VOIDS": 0, "MD_OXIC_VO": 0.000000, "ANOX_VOIDS": 0.000000, "MD_ANOX_VO": "", "GAS_VOIDS": 0, "COMMENTS": "", "ADJ_BHQ": 4, "BHQ": "4", "RPD": "2", "TUBES_SMAL": "0" }, "geometry": { "type": "Point", "coordinates": [ -76.370000, 37.217333 ] } }
,
{ "type": "Feature", "properties": { "DATE_": "2004\/05\/04", "REGION": "Goodwin", "STATION": "GN01", "LATITUDE": 37.216000, "LONGITUDE": -76.416667, "IMAGE": 6, "PENETRATIO": 8.700000, "SFC_RELIEF": 0.600000, "ADJ_RPD": 1.100000, "GRAIN_SIZE": "FSSICL", "MAX_GRSZ": "FS", "BEDFORMS": 0, "FLOC_LAYER": 1, "ALGAE": 0, "HYD_BRY": 0, "EPIFAUNA": "", "PIT_MOUND": 1, "PELLETS": 0, "TUBES_LARG": 3.000000, "ADJ_T_SMAL": 1.000000, "INFAUNA": 2, "MD_INFAUNA": 6.200000, "BURROWS": 2, "OXIC_VOIDS": 0, "MD_OXIC_VO": 0.000000, "ANOX_VOIDS": 0.000000, "MD_ANOX_VO": "", "GAS_VOIDS": 0, "COMMENTS": "", "ADJ_BHQ": 7, "BHQ": "7", "RPD": "1.1", "TUBES_SMAL": "1" }, "geometry": { "type": "Point", "coordinates": [ -76.416667, 37.216000 ] } }
,
{ "type": "Feature", "properties": { "DATE_": "2004\/05\/04", "REGION": "Goodwin", "STATION": "GN02", "LATITUDE": 37.216000, "LONGITUDE": -76.415000, "IMAGE": 8, "PENETRATIO": 3.400000, "SFC_RELIEF": 2.000000, "ADJ_RPD": 1.200000, "GRAIN_SIZE": "FSSICL", "MAX_GRSZ": "FS", "BEDFORMS": 1, "FLOC_LAYER": 1, "ALGAE": 0, "HYD_BRY": 0, "EPIFAUNA": "", "PIT_MOUND": 0, "PELLETS": 0, "TUBES_LARG": 0.000000, "ADJ_T_SMAL": 3.000000, "INFAUNA": 3, "MD_INFAUNA": 2.900000, "BURROWS": 2, "OXIC_VOIDS": 0, "MD_OXIC_VO": 0.000000, "ANOX_VOIDS": 0.000000, "MD_ANOX_VO": "", "GAS_VOIDS": 0, "COMMENTS": "", "ADJ_BHQ": 5, "BHQ": "5", "RPD": "1.2", "TUBES_SMAL": "3" }, "geometry": { "type": "Point", "coordinates": [ -76.415000, 37.216000 ] } }
,
{ "type": "Feature", "properties": { "DATE_": "2004\/05\/04", "REGION": "Goodwin", "STATION": "GN20", "LATITUDE": 37.216000, "LONGITUDE": -76.385000, "IMAGE": 48, "PENETRATIO": 4.000000, "SFC_RELIEF": 1.800000, "ADJ_RPD": 3.200000, "GRAIN_SIZE": "FSMS", "MAX_GRSZ": "MS", "BEDFORMS": 1, "FLOC_LAYER": 0, "ALGAE": 0, "HYD_BRY": 0, "EPIFAUNA": "", "PIT_MOUND": 0, "PELLETS": 0, "TUBES_LARG": 0.000000, "ADJ_T_SMAL": 0.000000, "INFAUNA": 0, "MD_INFAUNA": 0.000000, "BURROWS": 0, "OXIC_VOIDS": 0, "MD_OXIC_VO": 0.000000, "ANOX_VOIDS": 0.000000, "MD_ANOX_VO": "", "GAS_VOIDS": 0, "COMMENTS": "", "ADJ_BHQ": 3, "BHQ": "3", "RPD": "3.2", "TUBES_SMAL": "0" }, "geometry": { "type": "Point", "coordinates": [ -76.385000, 37.216000 ] } }
,
{ "type": "Feature", "properties": { "DATE_": "2004\/05\/04", "REGION": "Goodwin", "STATION": "GN23", "LATITUDE": 37.216000, "LONGITUDE": -76.380000, "IMAGE": 39, "PENETRATIO": 3.600000, "SFC_RELIEF": 1.600000, "ADJ_RPD": 1.500000, "GRAIN_SIZE": "FSMS", "MAX_GRSZ": "MS", "BEDFORMS": 1, "FLOC_LAYER": 0, "ALGAE": 0, "HYD_BRY": 0, "EPIFAUNA": "", "PIT_MOUND": 1, "PELLETS": 0, "TUBES_LARG": 0.000000, "ADJ_T_SMAL": 5.000000, "INFAUNA": 0, "MD_INFAUNA": 0.000000, "BURROWS": 1, "OXIC_VOIDS": 0, "MD_OXIC_VO": 0.000000, "ANOX_VOIDS": 0.000000, "MD_ANOX_VO": "", "GAS_VOIDS": 0, "COMMENTS": "", "ADJ_BHQ": 5, "BHQ": "5", "RPD": "1.5", "TUBES_SMAL": "5" }, "geometry": { "type": "Point", "coordinates": [ -76.380000, 37.216000 ] } }
,
{ "type": "Feature", "properties": { "DATE_": "2004\/05\/04", "REGION": "Goodwin", "STATION": "GO04", "LATITUDE": 37.214667, "LONGITUDE": -76.411667, "IMAGE": 10, "PENETRATIO": 14.200000, "SFC_RELIEF": 1.900000, "ADJ_RPD": 3.200000, "GRAIN_SIZE": "FSSICL", "MAX_GRSZ": "FS", "BEDFORMS": 0, "FLOC_LAYER": 0, "ALGAE": 0, "HYD_BRY": 0, "EPIFAUNA": "", "PIT_MOUND": 0, "PELLETS": 0, "TUBES_LARG": 0.000000, "ADJ_T_SMAL": 0.000000, "INFAUNA": 2, "MD_INFAUNA": 8.100000, "BURROWS": 1, "OXIC_VOIDS": 0, "MD_OXIC_VO": 0.000000, "ANOX_VOIDS": 1.000000, "MD_ANOX_VO": "11.2", "GAS_VOIDS": 0, "COMMENTS": "", "ADJ_BHQ": 5, "BHQ": "5", "RPD": "3.2", "TUBES_SMAL": "0" }, "geometry": { "type": "Point", "coordinates": [ -76.411667, 37.214667 ] } }
,
{ "type": "Feature", "properties": { "DATE_": "2004\/05\/04", "REGION": "Goodwin", "STATION": "GO16", "LATITUDE": 37.214667, "LONGITUDE": -76.391667, "IMAGE": 36, "PENETRATIO": 4.700000, "SFC_RELIEF": 1.000000, "ADJ_RPD": 4.700000, "GRAIN_SIZE": "FSMS", "MAX_GRSZ": "MS", "BEDFORMS": 1, "FLOC_LAYER": 0, "ALGAE": 0, "HYD_BRY": 0, "EPIFAUNA": "", "PIT_MOUND": 0, "PELLETS": 0, "TUBES_LARG": 0.000000, "ADJ_T_SMAL": 0.000000, "INFAUNA": 1, "MD_INFAUNA": 2.600000, "BURROWS": 0, "OXIC_VOIDS": 0, "MD_OXIC_VO": 0.000000, "ANOX_VOIDS": 0.000000, "MD_ANOX_VO": "", "GAS_VOIDS": 0, "COMMENTS": "", "ADJ_BHQ": 5, "BHQ": ">5", "RPD": ">4.7", "TUBES_SMAL": "0" }, "geometry": { "type": "Point", "coordinates": [ -76.391667, 37.214667 ] } }
,
{ "type": "Feature", "properties": { "DATE_": "2004\/05\/04", "REGION": "Goodwin", "STATION": "GO17", "LATITUDE": 37.214667, "LONGITUDE": -76.390000, "IMAGE": 39, "PENETRATIO": 6.800000, "SFC_RELIEF": 0.800000, "ADJ_RPD": 1.800000, "GRAIN_SIZE": "FSMS", "MAX_GRSZ": "MS", "BEDFORMS": 1, "FLOC_LAYER": 0, "ALGAE": 0, "HYD_BRY": 0, "EPIFAUNA": "", "PIT_MOUND": 0, "PELLETS": 0, "TUBES_LARG": 0.000000, "ADJ_T_SMAL": 4.000000, "INFAUNA": 1, "MD_INFAUNA": 0.900000, "BURROWS": 0, "OXIC_VOIDS": 1, "MD_OXIC_VO": 0.600000, "ANOX_VOIDS": 0.000000, "MD_ANOX_VO": "", "GAS_VOIDS": 0, "COMMENTS": "", "ADJ_BHQ": 5, "BHQ": "5", "RPD": "1.8", "TUBES_SMAL": "4" }, "geometry": { "type": "Point", "coordinates": [ -76.390000, 37.214667 ] } }
,
{ "type": "Feature", "properties": { "DATE_": "2004\/05\/04", "REGION": "Goodwin", "STATION": "GO21", "LATITUDE": 37.214667, "LONGITUDE": -76.383333, "IMAGE": 44, "PENETRATIO": 3.600000, "SFC_RELIEF": 2.300000, "ADJ_RPD": 1.500000, "GRAIN_SIZE": "FSMS", "MAX_GRSZ": "MS", "BEDFORMS": 1, "FLOC_LAYER": 0, "ALGAE": 0, "HYD_BRY": 0, "EPIFAUNA": "", "PIT_MOUND": 0, "PELLETS": 0, "TUBES_LARG": 0.000000, "ADJ_T_SMAL": 0.000000, "INFAUNA": 2, "MD_INFAUNA": 1.900000, "BURROWS": 1, "OXIC_VOIDS": 0, "MD_OXIC_VO": 0.000000, "ANOX_VOIDS": 0.000000, "MD_ANOX_VO": "", "GAS_VOIDS": 0, "COMMENTS": "", "ADJ_BHQ": 4, "BHQ": "4", "RPD": "1.5", "TUBES_SMAL": "0" }, "geometry": { "type": "Point", "coordinates": [ -76.383333, 37.214667 ] } }
,
{ "type": "Feature", "properties": { "DATE_": "2004\/05\/04", "REGION": "Goodwin", "STATION": "GO29", "LATITUDE": 37.214667, "LONGITUDE": -76.370000, "IMAGE": 30, "PENETRATIO": 5.100000, "SFC_RELIEF": 1.400000, "ADJ_RPD": 2.500000, "GRAIN_SIZE": "FSMS", "MAX_GRSZ": "MS", "BEDFORMS": 1, "FLOC_LAYER": 1, "ALGAE": 0, "HYD_BRY": 0, "EPIFAUNA": "", "PIT_MOUND": 1, "PELLETS": 0, "TUBES_LARG": 0.000000, "ADJ_T_SMAL": 4.000000, "INFAUNA": 3, "MD_INFAUNA": 2.600000, "BURROWS": 2, "OXIC_VOIDS": 0, "MD_OXIC_VO": 0.000000, "ANOX_VOIDS": 0.000000, "MD_ANOX_VO": "", "GAS_VOIDS": 0, "COMMENTS": "", "ADJ_BHQ": 7, "BHQ": "7", "RPD": "2.5", "TUBES_SMAL": "4" }, "geometry": { "type": "Point", "coordinates": [ -76.370000, 37.214667 ] } }
,
{ "type": "Feature", "properties": { "DATE_": "2004\/05\/04", "REGION": "Goodwin", "STATION": "GP16", "LATITUDE": 37.213333, "LONGITUDE": -76.391667, "IMAGE": 33, "PENETRATIO": 3.700000, "SFC_RELIEF": 1.300000, "ADJ_RPD": 2.200000, "GRAIN_SIZE": "FSMS", "MAX_GRSZ": "MS", "BEDFORMS": 1, "FLOC_LAYER": 0, "ALGAE": 0, "HYD_BRY": 0, "EPIFAUNA": "", "PIT_MOUND": 1, "PELLETS": 0, "TUBES_LARG": 0.000000, "ADJ_T_SMAL": 2.000000, "INFAUNA": 1, "MD_INFAUNA": 3.700000, "BURROWS": 0, "OXIC_VOIDS": 0, "MD_OXIC_VO": 0.000000, "ANOX_VOIDS": 0.000000, "MD_ANOX_VO": "", "GAS_VOIDS": 0, "COMMENTS": "", "ADJ_BHQ": 6, "BHQ": "6", "RPD": "2.2", "TUBES_SMAL": "2" }, "geometry": { "type": "Point", "coordinates": [ -76.391667, 37.213333 ] } }
,
{ "type": "Feature", "properties": { "DATE_": "2004\/05\/04", "REGION": "Goodwin", "STATION": "GP22", "LATITUDE": 37.213333, "LONGITUDE": -76.381667, "IMAGE": 41, "PENETRATIO": 1.900000, "SFC_RELIEF": 1.800000, "ADJ_RPD": 1.400000, "GRAIN_SIZE": "FSMS", "MAX_GRSZ": "MS", "BEDFORMS": 1, "FLOC_LAYER": 1, "ALGAE": 0, "HYD_BRY": 0, "EPIFAUNA": "", "PIT_MOUND": 1, "PELLETS": 0, "TUBES_LARG": 1.000000, "ADJ_T_SMAL": 1.000000, "INFAUNA": 2, "MD_INFAUNA": 2.200000, "BURROWS": 3, "OXIC_VOIDS": 0, "MD_OXIC_VO": 0.000000, "ANOX_VOIDS": 0.000000, "MD_ANOX_VO": "", "GAS_VOIDS": 0, "COMMENTS": "", "ADJ_BHQ": 8, "BHQ": "8", "RPD": "1.4", "TUBES_SMAL": "1" }, "geometry": { "type": "Point", "coordinates": [ -76.381667, 37.213333 ] } }
,
{ "type": "Feature", "properties": { "DATE_": "2004\/05\/04", "REGION": "Goodwin", "STATION": "GP25", "LATITUDE": 37.213333, "LONGITUDE": -76.376667, "IMAGE": 37, "PENETRATIO": 5.000000, "SFC_RELIEF": 0.500000, "ADJ_RPD": 1.200000, "GRAIN_SIZE": "FSSI", "MAX_GRSZ": "FS", "BEDFORMS": 0, "FLOC_LAYER": 1, "ALGAE": 0, "HYD_BRY": 0, "EPIFAUNA": "", "PIT_MOUND": 1, "PELLETS": 0, "TUBES_LARG": 1.000000, "ADJ_T_SMAL": 3.000000, "INFAUNA": 0, "MD_INFAUNA": 0.000000, "BURROWS": 0, "OXIC_VOIDS": 0, "MD_OXIC_VO": 0.000000, "ANOX_VOIDS": 0.000000, "MD_ANOX_VO": "", "GAS_VOIDS": 0, "COMMENTS": "", "ADJ_BHQ": 5, "BHQ": "5", "RPD": "1.2", "TUBES_SMAL": "3" }, "geometry": { "type": "Point", "coordinates": [ -76.376667, 37.213333 ] } }
,
{ "type": "Feature", "properties": { "DATE_": "2004\/05\/04", "REGION": "Goodwin", "STATION": "GQ03", "LATITUDE": 37.212000, "LONGITUDE": -76.413333, "IMAGE": 11, "PENETRATIO": 16.600000, "SFC_RELIEF": 1.200000, "ADJ_RPD": 0.900000, "GRAIN_SIZE": "SICL", "MAX_GRSZ": "SI", "BEDFORMS": 0, "FLOC_LAYER": 1, "ALGAE": 0, "HYD_BRY": 0, "EPIFAUNA": "", "PIT_MOUND": 1, "PELLETS": 0, "TUBES_LARG": 3.000000, "ADJ_T_SMAL": 0.000000, "INFAUNA": 1, "MD_INFAUNA": 5.200000, "BURROWS": 1, "OXIC_VOIDS": 0, "MD_OXIC_VO": 0.000000, "ANOX_VOIDS": 2.000000, "MD_ANOX_VO": "15.3", "GAS_VOIDS": 0, "COMMENTS": "", "ADJ_BHQ": 6, "BHQ": "6", "RPD": "0.9", "TUBES_SMAL": "0" }, "geometry": { "type": "Point", "coordinates": [ -76.413333, 37.212000 ] } }
,
{ "type": "Feature", "properties": { "DATE_": "2004\/05\/04", "REGION": "Goodwin", "STATION": "GQ11", "LATITUDE": 37.212000, "LONGITUDE": -76.400000, "IMAGE": 18, "PENETRATIO": 10.400000, "SFC_RELIEF": 0.700000, "ADJ_RPD": 1.200000, "GRAIN_SIZE": "SICL", "MAX_GRSZ": "SI", "BEDFORMS": 0, "FLOC_LAYER": 0, "ALGAE": 0, "HYD_BRY": 0, "EPIFAUNA": "", "PIT_MOUND": 1, "PELLETS": 0, "TUBES_LARG": 0.000000, "ADJ_T_SMAL": 2.000000, "INFAUNA": 1, "MD_INFAUNA": 5.900000, "BURROWS": 1, "OXIC_VOIDS": 0, "MD_OXIC_VO": 0.000000, "ANOX_VOIDS": 0.000000, "MD_ANOX_VO": "", "GAS_VOIDS": 0, "COMMENTS": "", "ADJ_BHQ": 6, "BHQ": "6", "RPD": "1.2", "TUBES_SMAL": "2" }, "geometry": { "type": "Point", "coordinates": [ -76.400000, 37.212000 ] } }
,
{ "type": "Feature", "properties": { "DATE_": "2004\/05\/04", "REGION": "Goodwin", "STATION": "GQ16", "LATITUDE": 37.212000, "LONGITUDE": -76.391667, "IMAGE": 28, "PENETRATIO": 4.500000, "SFC_RELIEF": 2.100000, "ADJ_RPD": 0.800000, "GRAIN_SIZE": "FSMS", "MAX_GRSZ": "MS", "BEDFORMS": 1, "FLOC_LAYER": 0, "ALGAE": 0, "HYD_BRY": 0, "EPIFAUNA": "", "PIT_MOUND": 1, "PELLETS": 0, "TUBES_LARG": 1.000000, "ADJ_T_SMAL": 4.000000, "INFAUNA": 2, "MD_INFAUNA": 2.800000, "BURROWS": 2, "OXIC_VOIDS": 0, "MD_OXIC_VO": 0.000000, "ANOX_VOIDS": 0.000000, "MD_ANOX_VO": "", "GAS_VOIDS": 0, "COMMENTS": "", "ADJ_BHQ": 6, "BHQ": "6", "RPD": "0.8", "TUBES_SMAL": "4" }, "geometry": { "type": "Point", "coordinates": [ -76.391667, 37.212000 ] } }
,
{ "type": "Feature", "properties": { "DATE_": "2004\/05\/04", "REGION": "Goodwin", "STATION": "GQ19", "LATITUDE": 37.212000, "LONGITUDE": -76.386667, "IMAGE": 43, "PENETRATIO": 4.900000, "SFC_RELIEF": 0.900000, "ADJ_RPD": 1.800000, "GRAIN_SIZE": "FSMS", "MAX_GRSZ": "MS", "BEDFORMS": 1, "FLOC_LAYER": 0, "ALGAE": 0, "HYD_BRY": 0, "EPIFAUNA": "", "PIT_MOUND": 0, "PELLETS": 0, "TUBES_LARG": 0.000000, "ADJ_T_SMAL": 5.000000, "INFAUNA": 1, "MD_INFAUNA": 0.700000, "BURROWS": 0, "OXIC_VOIDS": 0, "MD_OXIC_VO": 0.000000, "ANOX_VOIDS": 0.000000, "MD_ANOX_VO": "", "GAS_VOIDS": 0, "COMMENTS": "", "ADJ_BHQ": 4, "BHQ": "4", "RPD": "1.8", "TUBES_SMAL": "5" }, "geometry": { "type": "Point", "coordinates": [ -76.386667, 37.212000 ] } }
,
{ "type": "Feature", "properties": { "DATE_": "2004\/05\/04", "REGION": "Goodwin", "STATION": "GR11", "LATITUDE": 37.210667, "LONGITUDE": -76.400000, "IMAGE": 16, "PENETRATIO": 15.500000, "SFC_RELIEF": 1.300000, "ADJ_RPD": 1.100000, "GRAIN_SIZE": "SICL", "MAX_GRSZ": "SI", "BEDFORMS": 0, "FLOC_LAYER": 0, "ALGAE": 0, "HYD_BRY": 0, "EPIFAUNA": "", "PIT_MOUND": 0, "PELLETS": 0, "TUBES_LARG": 0.000000, "ADJ_T_SMAL": 4.000000, "INFAUNA": 2, "MD_INFAUNA": 12.400000, "BURROWS": 0, "OXIC_VOIDS": 1, "MD_OXIC_VO": 12.400000, "ANOX_VOIDS": 1.000000, "MD_ANOX_VO": "10.2", "GAS_VOIDS": 0, "COMMENTS": "", "ADJ_BHQ": 6, "BHQ": "6", "RPD": "1.1", "TUBES_SMAL": "4" }, "geometry": { "type": "Point", "coordinates": [ -76.400000, 37.210667 ] } }
,
{ "type": "Feature", "properties": { "DATE_": "2004\/05\/04", "REGION": "Goodwin", "STATION": "GS14", "LATITUDE": 37.209333, "LONGITUDE": -76.395000, "IMAGE": 26, "PENETRATIO": 4.200000, "SFC_RELIEF": 2.200000, "ADJ_RPD": 1.700000, "GRAIN_SIZE": "FSMS", "MAX_GRSZ": "MS", "BEDFORMS": 1, "FLOC_LAYER": 0, "ALGAE": 0, "HYD_BRY": 0, "EPIFAUNA": "", "PIT_MOUND": 0, "PELLETS": 0, "TUBES_LARG": 2.000000, "ADJ_T_SMAL": 0.000000, "INFAUNA": 3, "MD_INFAUNA": 3.900000, "BURROWS": 1, "OXIC_VOIDS": 0, "MD_OXIC_VO": 0.000000, "ANOX_VOIDS": 0.000000, "MD_ANOX_VO": "", "GAS_VOIDS": 0, "COMMENTS": "", "ADJ_BHQ": 6, "BHQ": "6", "RPD": "1.7", "TUBES_SMAL": "0" }, "geometry": { "type": "Point", "coordinates": [ -76.395000, 37.209333 ] } }
,
{ "type": "Feature", "properties": { "DATE_": "2004\/05\/04", "REGION": "Goodwin", "STATION": "GS20", "LATITUDE": 37.209333, "LONGITUDE": -76.385000, "IMAGE": 13, "PENETRATIO": 6.900000, "SFC_RELIEF": 1.800000, "ADJ_RPD": 1.200000, "GRAIN_SIZE": "FSSI", "MAX_GRSZ": "FS", "BEDFORMS": 0, "FLOC_LAYER": 1, "ALGAE": 0, "HYD_BRY": 0, "EPIFAUNA": "", "PIT_MOUND": 0, "PELLETS": 1, "TUBES_LARG": 1.000000, "ADJ_T_SMAL": 2.000000, "INFAUNA": 2, "MD_INFAUNA": 4.400000, "BURROWS": 4, "OXIC_VOIDS": 0, "MD_OXIC_VO": 0.000000, "ANOX_VOIDS": 0.000000, "MD_ANOX_VO": "", "GAS_VOIDS": 0, "COMMENTS": "", "ADJ_BHQ": 8, "BHQ": "8", "RPD": "1.2", "TUBES_SMAL": "2" }, "geometry": { "type": "Point", "coordinates": [ -76.385000, 37.209333 ] } }
,
{ "type": "Feature", "properties": { "DATE_": "2004\/05\/04", "REGION": "Goodwin", "STATION": "GT09", "LATITUDE": 37.208000, "LONGITUDE": -76.403333, "IMAGE": 14, "PENETRATIO": 8.900000, "SFC_RELIEF": 1.800000, "ADJ_RPD": 1.300000, "GRAIN_SIZE": "SIFS", "MAX_GRSZ": "FS", "BEDFORMS": 0, "FLOC_LAYER": 0, "ALGAE": 0, "HYD_BRY": 0, "EPIFAUNA": "sea grass", "PIT_MOUND": 0, "PELLETS": 0, "TUBES_LARG": 0.000000, "ADJ_T_SMAL": 1.000000, "INFAUNA": 1, "MD_INFAUNA": 0.400000, "BURROWS": 0, "OXIC_VOIDS": 0, "MD_OXIC_VO": 0.000000, "ANOX_VOIDS": 0.000000, "MD_ANOX_VO": "", "GAS_VOIDS": 0, "COMMENTS": "", "ADJ_BHQ": 4, "BHQ": "4", "RPD": "1.3", "TUBES_SMAL": "1" }, "geometry": { "type": "Point", "coordinates": [ -76.403333, 37.208000 ] } }
,
{ "type": "Feature", "properties": { "DATE_": "2004\/05\/04", "REGION": "Goodwin", "STATION": "GT13", "LATITUDE": 37.208000, "LONGITUDE": -76.396667, "IMAGE": 21, "PENETRATIO": 9.300000, "SFC_RELIEF": 0.800000, "ADJ_RPD": 1.000000, "GRAIN_SIZE": "SIFS", "MAX_GRSZ": "FS", "BEDFORMS": 0, "FLOC_LAYER": 0, "ALGAE": 0, "HYD_BRY": 0, "EPIFAUNA": "", "PIT_MOUND": 0, "PELLETS": 0, "TUBES_LARG": 0.000000, "ADJ_T_SMAL": 3.000000, "INFAUNA": 1, "MD_INFAUNA": 7.700000, "BURROWS": 2, "OXIC_VOIDS": 0, "MD_OXIC_VO": 0.000000, "ANOX_VOIDS": 0.000000, "MD_ANOX_VO": "", "GAS_VOIDS": 0, "COMMENTS": "", "ADJ_BHQ": 4, "BHQ": "4", "RPD": "1", "TUBES_SMAL": "3" }, "geometry": { "type": "Point", "coordinates": [ -76.396667, 37.208000 ] } }
,
{ "type": "Feature", "properties": { "DATE_": "2004\/05\/04", "REGION": "Goodwin", "STATION": "GT19", "LATITUDE": 37.208000, "LONGITUDE": -76.386667, "IMAGE": 11, "PENETRATIO": 12.600000, "SFC_RELIEF": 0.600000, "ADJ_RPD": 1.000000, "GRAIN_SIZE": "SICL", "MAX_GRSZ": "SI", "BEDFORMS": 0, "FLOC_LAYER": 0, "ALGAE": 0, "HYD_BRY": 0, "EPIFAUNA": "", "PIT_MOUND": 1, "PELLETS": 0, "TUBES_LARG": 1.000000, "ADJ_T_SMAL": 10.000000, "INFAUNA": 1, "MD_INFAUNA": 2.800000, "BURROWS": 3, "OXIC_VOIDS": 0, "MD_OXIC_VO": 0.000000, "ANOX_VOIDS": 2.000000, "MD_ANOX_VO": "11.9", "GAS_VOIDS": 0, "COMMENTS": "", "ADJ_BHQ": 7, "BHQ": "7", "RPD": "1", "TUBES_SMAL": "10" }, "geometry": { "type": "Point", "coordinates": [ -76.386667, 37.208000 ] } }
,
{ "type": "Feature", "properties": { "DATE_": "2004\/05\/04", "REGION": "Goodwin", "STATION": "GT24", "LATITUDE": 37.208000, "LONGITUDE": -76.378333, "IMAGE": 25, "PENETRATIO": 4.600000, "SFC_RELIEF": 2.100000, "ADJ_RPD": 1.000000, "GRAIN_SIZE": "FS", "MAX_GRSZ": "FS", "BEDFORMS": 0, "FLOC_LAYER": 1, "ALGAE": 0, "HYD_BRY": 0, "EPIFAUNA": "", "PIT_MOUND": 1, "PELLETS": 0, "TUBES_LARG": 0.000000, "ADJ_T_SMAL": 3.000000, "INFAUNA": 0, "MD_INFAUNA": 0.000000, "BURROWS": 8, "OXIC_VOIDS": 0, "MD_OXIC_VO": 0.000000, "ANOX_VOIDS": 0.000000, "MD_ANOX_VO": "", "GAS_VOIDS": 0, "COMMENTS": "", "ADJ_BHQ": 5, "BHQ": "5", "RPD": "1", "TUBES_SMAL": "3" }, "geometry": { "type": "Point", "coordinates": [ -76.378333, 37.208000 ] } }
,
{ "type": "Feature", "properties": { "DATE_": "2004\/05\/04", "REGION": "Goodwin", "STATION": "GT30", "LATITUDE": 37.208000, "LONGITUDE": -76.368333, "IMAGE": 27, "PENETRATIO": 9.300000, "SFC_RELIEF": 0.900000, "ADJ_RPD": 1.300000, "GRAIN_SIZE": "FSSICL", "MAX_GRSZ": "FS", "BEDFORMS": 0, "FLOC_LAYER": 1, "ALGAE": 0, "HYD_BRY": 0, "EPIFAUNA": "", "PIT_MOUND": 1, "PELLETS": 0, "TUBES_LARG": 2.000000, "ADJ_T_SMAL": 0.000000, "INFAUNA": 0, "MD_INFAUNA": 0.000000, "BURROWS": 5, "OXIC_VOIDS": 0, "MD_OXIC_VO": 0.000000, "ANOX_VOIDS": 3.000000, "MD_ANOX_VO": "9.4", "GAS_VOIDS": 0, "COMMENTS": "", "ADJ_BHQ": 7, "BHQ": "7", "RPD": "1.3", "TUBES_SMAL": "0" }, "geometry": { "type": "Point", "coordinates": [ -76.368333, 37.208000 ] } }
,
{ "type": "Feature", "properties": { "DATE_": "2004\/05\/04", "REGION": "Goodwin", "STATION": "GU18", "LATITUDE": 37.206667, "LONGITUDE": -76.388333, "IMAGE": 9, "PENETRATIO": 6.200000, "SFC_RELIEF": 2.200000, "ADJ_RPD": 1.100000, "GRAIN_SIZE": "FSSI", "MAX_GRSZ": "FS", "BEDFORMS": 0, "FLOC_LAYER": 1, "ALGAE": 0, "HYD_BRY": 0, "EPIFAUNA": "", "PIT_MOUND": 1, "PELLETS": 1, "TUBES_LARG": 0.000000, "ADJ_T_SMAL": 5.000000, "INFAUNA": 0, "MD_INFAUNA": 0.000000, "BURROWS": 0, "OXIC_VOIDS": 0, "MD_OXIC_VO": 0.000000, "ANOX_VOIDS": 0.000000, "MD_ANOX_VO": "", "GAS_VOIDS": 0, "COMMENTS": "", "ADJ_BHQ": 5, "BHQ": "5", "RPD": "1.1", "TUBES_SMAL": "5" }, "geometry": { "type": "Point", "coordinates": [ -76.388333, 37.206667 ] } }
,
{ "type": "Feature", "properties": { "DATE_": "2004\/05\/04", "REGION": "Goodwin", "STATION": "GU22", "LATITUDE": 37.206667, "LONGITUDE": -76.381667, "IMAGE": 17, "PENETRATIO": 8.000000, "SFC_RELIEF": 1.000000, "ADJ_RPD": 1.800000, "GRAIN_SIZE": "FSSI", "MAX_GRSZ": "FS", "BEDFORMS": 0, "FLOC_LAYER": 1, "ALGAE": 0, "HYD_BRY": 0, "EPIFAUNA": "", "PIT_MOUND": 1, "PELLETS": 0, "TUBES_LARG": 1.000000, "ADJ_T_SMAL": 0.000000, "INFAUNA": 0, "MD_INFAUNA": 0.000000, "BURROWS": 5, "OXIC_VOIDS": 0, "MD_OXIC_VO": 0.000000, "ANOX_VOIDS": 0.000000, "MD_ANOX_VO": "", "GAS_VOIDS": 0, "COMMENTS": "", "ADJ_BHQ": 7, "BHQ": "7", "RPD": "1.8", "TUBES_SMAL": "0" }, "geometry": { "type": "Point", "coordinates": [ -76.381667, 37.206667 ] } }
,
{ "type": "Feature", "properties": { "DATE_": "2004\/05\/04", "REGION": "Goodwin", "STATION": "GV17", "LATITUDE": 37.205333, "LONGITUDE": -76.390000, "IMAGE": 7, "PENETRATIO": 4.400000, "SFC_RELIEF": 0.700000, "ADJ_RPD": 2.100000, "GRAIN_SIZE": "FSMS", "MAX_GRSZ": "MS", "BEDFORMS": 0, "FLOC_LAYER": 1, "ALGAE": 0, "HYD_BRY": 0, "EPIFAUNA": "", "PIT_MOUND": 0, "PELLETS": 0, "TUBES_LARG": 2.000000, "ADJ_T_SMAL": 8.000000, "INFAUNA": 1, "MD_INFAUNA": 0.600000, "BURROWS": 0, "OXIC_VOIDS": 0, "MD_OXIC_VO": 0.000000, "ANOX_VOIDS": 0.000000, "MD_ANOX_VO": "", "GAS_VOIDS": 0, "COMMENTS": "", "ADJ_BHQ": 6, "BHQ": "6", "RPD": "2.1", "TUBES_SMAL": "8" }, "geometry": { "type": "Point", "coordinates": [ -76.390000, 37.205333 ] } }
,
{ "type": "Feature", "properties": { "DATE_": "2004\/05\/04", "REGION": "Goodwin", "STATION": "GW13", "LATITUDE": 37.204000, "LONGITUDE": -76.396667, "IMAGE": 24, "PENETRATIO": 2.800000, "SFC_RELIEF": 2.000000, "ADJ_RPD": 0.800000, "GRAIN_SIZE": "FSMS", "MAX_GRSZ": "MS", "BEDFORMS": 1, "FLOC_LAYER": 0, "ALGAE": 0, "HYD_BRY": 0, "EPIFAUNA": "", "PIT_MOUND": 0, "PELLETS": 0, "TUBES_LARG": 2.000000, "ADJ_T_SMAL": 1.000000, "INFAUNA": 0, "MD_INFAUNA": 0.000000, "BURROWS": 0, "OXIC_VOIDS": 0, "MD_OXIC_VO": 0.000000, "ANOX_VOIDS": 0.000000, "MD_ANOX_VO": "", "GAS_VOIDS": 0, "COMMENTS": "", "ADJ_BHQ": 3, "BHQ": "3", "RPD": "0.8", "TUBES_SMAL": "1" }, "geometry": { "type": "Point", "coordinates": [ -76.396667, 37.204000 ] } }
,
{ "type": "Feature", "properties": { "DATE_": "2004\/05\/04", "REGION": "Goodwin", "STATION": "GW24", "LATITUDE": 37.204000, "LONGITUDE": -76.378333, "IMAGE": 23, "PENETRATIO": 8.800000, "SFC_RELIEF": 0.800000, "ADJ_RPD": 1.500000, "GRAIN_SIZE": "FSSICL", "MAX_GRSZ": "FS", "BEDFORMS": 0, "FLOC_LAYER": 1, "ALGAE": 0, "HYD_BRY": 0, "EPIFAUNA": "", "PIT_MOUND": 0, "PELLETS": 0, "TUBES_LARG": 0.000000, "ADJ_T_SMAL": 10.000000, "INFAUNA": 0, "MD_INFAUNA": 0.000000, "BURROWS": 6, "OXIC_VOIDS": 0, "MD_OXIC_VO": 0.000000, "ANOX_VOIDS": 0.000000, "MD_ANOX_VO": "", "GAS_VOIDS": 0, "COMMENTS": "", "ADJ_BHQ": 5, "BHQ": "5", "RPD": "1.5", "TUBES_SMAL": "10" }, "geometry": { "type": "Point", "coordinates": [ -76.378333, 37.204000 ] } }
,
{ "type": "Feature", "properties": { "DATE_": "2004\/05\/04", "REGION": "Goodwin", "STATION": "GX21", "LATITUDE": 37.202667, "LONGITUDE": -76.383333, "IMAGE": 20, "PENETRATIO": 9.300000, "SFC_RELIEF": 1.400000, "ADJ_RPD": 1.300000, "GRAIN_SIZE": "FSSICL", "MAX_GRSZ": "FS", "BEDFORMS": 0, "FLOC_LAYER": 0, "ALGAE": 0, "HYD_BRY": 0, "EPIFAUNA": "", "PIT_MOUND": 1, "PELLETS": 0, "TUBES_LARG": 0.000000, "ADJ_T_SMAL": 4.000000, "INFAUNA": 1, "MD_INFAUNA": 4.500000, "BURROWS": 3, "OXIC_VOIDS": 0, "MD_OXIC_VO": 0.000000, "ANOX_VOIDS": 0.000000, "MD_ANOX_VO": "", "GAS_VOIDS": 0, "COMMENTS": "", "ADJ_BHQ": 7, "BHQ": "7", "RPD": "1.3", "TUBES_SMAL": "4" }, "geometry": { "type": "Point", "coordinates": [ -76.383333, 37.202667 ] } }

]
}
