{
"type": "FeatureCollection",
"features": [
{ "type": "Feature", "properties": { "SOURCE_ID": 1, "ORIGINATOR": "VGIN", "DATE_PUB": 2002, "TITLE": "1 METER HYDROGRAPHY EXTRACTED FROM DTMS", "DATA_FORMA": "DIGITAL VECTOR DATA", "PUBLICATIO": "VIRGINIA GEOGRAPHIC INFORMATION NETWORK, RICHMOND, VA 23219", "SCALE": "1 METER RESOLUTION", "TIME_PERIO": "2002" }, "geometry": null }
,
{ "type": "Feature", "properties": { "SOURCE_ID": 2, "ORIGINATOR": "RESEARCH PLANNING INC", "DATE_PUB": 2004, "TITLE": "RPI- LOW ALTITUDE OVERFLIGHTS", "DATA_FORMA": "HARDCOPY MAP", "PUBLICATIO": "2004", "SCALE": "24000", "TIME_PERIO": "2004" }, "geometry": null }
,
{ "type": "Feature", "properties": { "SOURCE_ID": 5, "ORIGINATOR": "US GEOLOGICAL SURVEY", "DATE_PUB": 0, "TITLE": "SCANNED TOPOGRAPHIC QUADRANGLES", "DATA_FORMA": "HARDCOPY MAP", "PUBLICATIO": "DENVER, CO OR RESTON, VA", "SCALE": "1:24,000", "TIME_PERIO": "VARIES" }, "geometry": null }
,
{ "type": "Feature", "properties": { "SOURCE_ID": 7, "ORIGINATOR": "RESEARCH PLANNING INC", "DATE_PUB": 2004, "TITLE": "STUDY AREA INDEX", "DATA_FORMA": "DIGITAL VECTOR DATA", "PUBLICATIO": "UNPUBLISHED", "SCALE": "24000", "TIME_PERIO": "2004" }, "geometry": null }
,
{ "type": "Feature", "properties": { "SOURCE_ID": 9, "ORIGINATOR": "US GEOLOGICAL SURVEY", "DATE_PUB": 1998, "TITLE": "'DOQQ''S FOR VA DOWNLOADED FROM THE UVA GEOSPATIAL AND STATISTICAL DATA CENTER'", "DATA_FORMA": "DIGITAL RASTER DATA", "PUBLICATIO": "HTTP:\/\/FISHER.LIB.VIRGINIA.EDU\/COLLECTIONS\/GIS\/DOQ\/GO_TO_HTML.HTML", "SCALE": "1 METER RESOLUTION", "TIME_PERIO": "1998" }, "geometry": null }
,
{ "type": "Feature", "properties": { "SOURCE_ID": 10, "ORIGINATOR": "US GEOLOGICAL SURVEY", "DATE_PUB": 0, "TITLE": "DIGITAL RASTER GRAPHICS FOR VA", "DATA_FORMA": "DIGITAL RASTER DATA", "PUBLICATIO": "DENVER, CO OR RESTON, VA", "SCALE": "1:24,000", "TIME_PERIO": "VARIES" }, "geometry": null }
,
{ "type": "Feature", "properties": { "SOURCE_ID": 11, "ORIGINATOR": "NOAA", "DATE_PUB": 1996, "TITLE": "NORTH CAROLINA ENVIRONMENTAL SENSITIVITY INDEX DIGITAL DATA", "DATA_FORMA": "DIGITAL VECTOR DATA", "PUBLICATIO": "NOAA OFFICE OF RESPONSE AND RESTORATION, SEATTLE, WA 98115", "SCALE": "1:24,000", "TIME_PERIO": "1996" }, "geometry": null }
,
{ "type": "Feature", "properties": { "SOURCE_ID": 12, "ORIGINATOR": "MARYLAND DNR", "DATE_PUB": 2003, "TITLE": "RECENT (1988-1995) MARYLAND SHORELINES WITH EROSION RATE ATTRIBUTES", "DATA_FORMA": "DIGITAL VECTOR DATA", "PUBLICATIO": "MARYLAND DNR, CHESAPEAKE BAY AND WATERSHED PROGRAM, MARYLAND GEOLOGICAL SURVEY HTTP:\/\/WWW.MGS.MD.GOV", "SCALE": "1 METER RESOLUTION", "TIME_PERIO": "1988 - 1995" }, "geometry": null }
,
{ "type": "Feature", "properties": { "SOURCE_ID": 21, "ORIGINATOR": "VA DEPT. OF GAME & INLAND FISHERIES", "DATE_PUB": 2003, "TITLE": "VIRGINIA PLOVER SURVEY 2001-2003", "DATA_FORMA": "DIGITAL TABLE", "PUBLICATIO": "UNPUBLISHED", "SCALE": "N\/A", "TIME_PERIO": "2001 - 2003" }, "geometry": null }
,
{ "type": "Feature", "properties": { "SOURCE_ID": 22, "ORIGINATOR": "VA DEPT. OF GAME & INLAND FISHERIES", "DATE_PUB": 2003, "TITLE": "COASTAL PEREGRINE FALCON COORDINATES", "DATA_FORMA": "DIGITAL TABLE", "PUBLICATIO": "UNPUBLISHED", "SCALE": "N\/A", "TIME_PERIO": "1977 - 2003" }, "geometry": null }
,
{ "type": "Feature", "properties": { "SOURCE_ID": 23, "ORIGINATOR": "GALLEGOS, J. (USFWS, VA BEACH)", "DATE_PUB": 2004, "TITLE": "BACK BAY NATIONAL WILDLIFE REFUGE SPECIES DISTRIBUTION", "DATA_FORMA": "EXPERT KNOWLEDGE", "PUBLICATIO": "UNPUBLISHED", "SCALE": "N\/A", "TIME_PERIO": "2004" }, "geometry": null }
,
{ "type": "Feature", "properties": { "SOURCE_ID": 24, "ORIGINATOR": "USFWS, VIRGINIA BEACH, VA", "DATE_PUB": 2003, "TITLE": "BIRDS: BACK BAY NATIONAL WILDLIFE REFUGE", "DATA_FORMA": "HARDCOPY TEXT", "PUBLICATIO": "DEPARTMENT OF THE INTERIOR, U.S. FISH AND WILDLIFE SERVICE, BROCHURE", "SCALE": "N\/A", "TIME_PERIO": "2003" }, "geometry": null }
,
{ "type": "Feature", "properties": { "SOURCE_ID": 25, "ORIGINATOR": "USFWS, VIRGINIA BEACH, VA", "DATE_PUB": 2004, "TITLE": "BACK BAY NWR OSPREY NEST LOCATIONS", "DATA_FORMA": "HARDCOPY TEXT", "PUBLICATIO": "UNPUBLISHED", "SCALE": "N\/A", "TIME_PERIO": "2004" }, "geometry": null }
,
{ "type": "Feature", "properties": { "SOURCE_ID": 26, "ORIGINATOR": "FORSELL, D.J.", "DATE_PUB": 2004, "TITLE": "DRAFT SPECIAL REPORT ON THE DIST. & ABUNDANCE OF WINTERING SEADUCKS & WATERBIRDS", "DATA_FORMA": "HARDCOPY MAP", "PUBLICATIO": "U.S. FWS, CHESAPEAKE BAY FIELD OFFICE, ANNAPOLIS, MD. 10 PP.", "SCALE": "N\/A", "TIME_PERIO": "2001 - 2003" }, "geometry": null }
,
{ "type": "Feature", "properties": { "SOURCE_ID": 27, "ORIGINATOR": "COSTANZO, G. & BIDROWSKI, T. (DGIF)", "DATE_PUB": 2004, "TITLE": "WATERFOWL DISTRIBUTION AND SEASONALITY", "DATA_FORMA": "EXPERT KNOWLEDGE", "PUBLICATIO": "UNPUBLISHED", "SCALE": "N\/A", "TIME_PERIO": "2004" }, "geometry": null }
,
{ "type": "Feature", "properties": { "SOURCE_ID": 28, "ORIGINATOR": "USFWS, MIGRATORY BIRD MANAGEMENT", "DATE_PUB": 2004, "TITLE": "MID-WINTER WATERFOWL SURVEY: 2001-2003", "DATA_FORMA": "DIGITAL VECTOR DATA", "PUBLICATIO": "HTTP:\/\/BIRDDATA.FWS.GOV\/DATABASES\/MWI\/MWIDB.HTML", "SCALE": "N\/A", "TIME_PERIO": "2001 - 2003" }, "geometry": null }
,
{ "type": "Feature", "properties": { "SOURCE_ID": 29, "ORIGINATOR": "TRUITT, B., R. BOETTCHER, A. WILKE", "DATE_PUB": 2004, "TITLE": "2003 WINTER AMERICAN OYSTERCATCHER ROOST SURVEY: SEASIDE-EASTERN SHORE-NOV.12-18", "DATA_FORMA": "DIGITAL TABLE", "PUBLICATIO": "UNPUBLISHED", "SCALE": "N\/A", "TIME_PERIO": "2003" }, "geometry": null }
,
{ "type": "Feature", "properties": { "SOURCE_ID": 30, "ORIGINATOR": "DENMON, P. (USFWS, CAPE CHARLES)", "DATE_PUB": 2004, "TITLE": "SPECIES DISTRIBUTION AT FISHERMANS ISLAND NWR", "DATA_FORMA": "EXPERT KNOWLEDGE", "PUBLICATIO": "UNPUBLISHED", "SCALE": "N\/A", "TIME_PERIO": "2004" }, "geometry": null }
,
{ "type": "Feature", "properties": { "SOURCE_ID": 31, "ORIGINATOR": "USFWS, CAPE CHARLES, VA", "DATE_PUB": 1992, "TITLE": "BIRDS: EASTERN SHORE OF VIRGINIA AND FISHERMAN ISLAND NATIONAL WILDLIFE REFUGES", "DATA_FORMA": "HARDCOPY TEXT", "PUBLICATIO": "DEPARTMENT OF THE INTERIOR, U.S. FISH AND WILDLIFE SERVICE, BROCHURE", "SCALE": "N\/A", "TIME_PERIO": "1992" }, "geometry": null }
,
{ "type": "Feature", "properties": { "SOURCE_ID": 32, "ORIGINATOR": "WILKE, A. (WILLIAM & MARY CCB)", "DATE_PUB": 2004, "TITLE": "AMERICAN OYSTERCATCHER SEASONALITY", "DATA_FORMA": "EXPERT KNOWLEDGE", "PUBLICATIO": "UNPUBLISHED", "SCALE": "N\/A", "TIME_PERIO": "2004" }, "geometry": null }
,
{ "type": "Feature", "properties": { "SOURCE_ID": 33, "ORIGINATOR": "MANOMET CENTER", "DATE_PUB": 2004, "TITLE": "BARRIER ISLANDS WHSRN SITE DESCRIPTION", "DATA_FORMA": "HARDCOPY TEXT", "PUBLICATIO": "HTTP:\/\/WWW.MANOMET.ORG\/WHSRN\/VIEWSITE.PHP?ID=23", "SCALE": "N\/A", "TIME_PERIO": "2004" }, "geometry": null }
,
{ "type": "Feature", "properties": { "SOURCE_ID": 34, "ORIGINATOR": "BOETTCHER, R. (VA DGIF, PAINTER)", "DATE_PUB": 2004, "TITLE": "DISTRIBUTION OF WILDLIFE ALONG THE EASTERN SHORE", "DATA_FORMA": "EXPERT KNOWLEDGE", "PUBLICATIO": "UNPUBLISHED", "SCALE": "N\/A", "TIME_PERIO": "2004" }, "geometry": null }
,
{ "type": "Feature", "properties": { "SOURCE_ID": 35, "ORIGINATOR": "EASTERN VA RIVERS NWR", "DATE_PUB": 2004, "TITLE": "WILDLIFE AT PLUM TREE ISLAND NWR", "DATA_FORMA": "HARDCOPY TEXT", "PUBLICATIO": "UNPUBLISHED", "SCALE": "N\/A", "TIME_PERIO": "2004" }, "geometry": null }
,
{ "type": "Feature", "properties": { "SOURCE_ID": 36, "ORIGINATOR": "FIELD, D. (VA DCR, WACHAPREAGUE)", "DATE_PUB": 2004, "TITLE": "NATURAL HERITAGE PROGRAM DATA", "DATA_FORMA": "EXPERT KNOWLEDGE", "PUBLICATIO": "UNPUBLISHED", "SCALE": "N\/A", "TIME_PERIO": "2004" }, "geometry": null }
,
{ "type": "Feature", "properties": { "SOURCE_ID": 37, "ORIGINATOR": "VA DEPT. OF GAME & INLAND FISHERIES", "DATE_PUB": 2003, "TITLE": "BALD EAGLE NESTS ACTIVE IN 2003", "DATA_FORMA": "HARDCOPY MAP", "PUBLICATIO": "UNPUBLISHED", "SCALE": "1:24,000", "TIME_PERIO": "2003" }, "geometry": null }
,
{ "type": "Feature", "properties": { "SOURCE_ID": 38, "ORIGINATOR": "USFWS, ANNAPOLIS, MD", "DATE_PUB": 1991, "TITLE": "CHESAPEAKE BAY BALD EAGLE FACT SHEET", "DATA_FORMA": "HARDCOPY TEXT", "PUBLICATIO": "USFWS, APRIL 1991", "SCALE": "N\/A", "TIME_PERIO": "1991" }, "geometry": null }
,
{ "type": "Feature", "properties": { "SOURCE_ID": 39, "ORIGINATOR": "VA NATURAL HERITAGE PROGRAM", "DATE_PUB": 2004, "TITLE": "WRECK ISLAND BIRD COLONIES 2003", "DATA_FORMA": "HARDCOPY MAP", "PUBLICATIO": "UNPUBLISHED", "SCALE": "1:41,292", "TIME_PERIO": "2003" }, "geometry": null }
,
{ "type": "Feature", "properties": { "SOURCE_ID": 40, "ORIGINATOR": "TRUITT, B.", "DATE_PUB": 2004, "TITLE": "SHOREBIRD SEASONALITY", "DATA_FORMA": "EXPERT KNOWLEDGE", "PUBLICATIO": "UNPUBLISHED", "SCALE": "N\/A", "TIME_PERIO": "2004" }, "geometry": null }
,
{ "type": "Feature", "properties": { "SOURCE_ID": 41, "ORIGINATOR": "VDGIF-FISH & WILDLIFE INFO SERVICES", "DATE_PUB": 2000, "TITLE": "EAGLE CONCENTRATION ZONES - JAMES RIVER, RAPPAHANNOCK RIVER", "DATA_FORMA": "HARDCOPY MAP", "PUBLICATIO": "VDGIF - FISH & WILDLIFE INFORMATION SERVICES", "SCALE": "UNKNOWN", "TIME_PERIO": "2000" }, "geometry": null }
,
{ "type": "Feature", "properties": { "SOURCE_ID": 42, "ORIGINATOR": "MCCAULEY, J. (USFWS, WARSAW, VA)", "DATE_PUB": 2004, "TITLE": "BIRD AND INVERT SEASONALITY AND DISTRIBUTION IN EASTERN VA RIVERS NWR COMPLEX", "DATA_FORMA": "EXPERT KNOWLEDGE", "PUBLICATIO": "UNPUBLISHED", "SCALE": "N\/A", "TIME_PERIO": "2004" }, "geometry": null }
,
{ "type": "Feature", "properties": { "SOURCE_ID": 43, "ORIGINATOR": "T. PENN, USFWS, CHINCOTEAGUE ISLAND", "DATE_PUB": 2004, "TITLE": "DISTRIBUTION OF CHINCOTEAGUE NATIONAL WILDLIFE REFUGE SPECIES", "DATA_FORMA": "EXPERT KNOWLEDGE", "PUBLICATIO": "UNPUBLISHED", "SCALE": "N\/A", "TIME_PERIO": "2004" }, "geometry": null }
,
{ "type": "Feature", "properties": { "SOURCE_ID": 44, "ORIGINATOR": "COLLEGE OF W&M CCB, VDGIF, TNC", "DATE_PUB": 2003, "TITLE": "ANNUAL AMERICAN OYSTERCATCHER BREEDING SURVEY", "DATA_FORMA": "DIGITAL TABLE", "PUBLICATIO": "UNPUBLISHED", "SCALE": "N\/A", "TIME_PERIO": "2003" }, "geometry": null }
,
{ "type": "Feature", "properties": { "SOURCE_ID": 45, "ORIGINATOR": "HARAMIS, G.M (USGS,LAUREL, MD)", "DATE_PUB": 2004, "TITLE": "DIAMONDBACK TERRAPIN DISTRIBUTION AND SEASONALITY", "DATA_FORMA": "HARDCOPY TEXT", "PUBLICATIO": "UNPUBLISHED", "SCALE": "N\/A", "TIME_PERIO": "2004" }, "geometry": null }
,
{ "type": "Feature", "properties": { "SOURCE_ID": 46, "ORIGINATOR": "USFWS, CHINCOTEAGUE ISLAND, VA", "DATE_PUB": 1999, "TITLE": "USFWS CHINCOTEAGUE NATIONAL WILDLIFE REFUGE BIRDS", "DATA_FORMA": "HARDCOPY TEXT", "PUBLICATIO": "USFWS, CHINCOTEAGUE ISLAND, VA, 10 PP.", "SCALE": "N\/A", "TIME_PERIO": "1999" }, "geometry": null }
,
{ "type": "Feature", "properties": { "SOURCE_ID": 47, "ORIGINATOR": "WITT, J. (WOODBRIDGE, VA)", "DATE_PUB": 2004, "TITLE": "SPECIES DISTRIBUTION AND SEASONALITY AT THE POTOMAC RIVER NWR COMPLEX", "DATA_FORMA": "EXPERT KNOWLEDGE", "PUBLICATIO": "UNPUBLISHED", "SCALE": "N\/A", "TIME_PERIO": "2004" }, "geometry": null }
,
{ "type": "Feature", "properties": { "SOURCE_ID": 48, "ORIGINATOR": "THE NATURE CONSERVANCY", "DATE_PUB": 1998, "TITLE": "1998 SEASIDE LAGOON SURVEY RESULTS", "DATA_FORMA": "DIGITAL VECTOR DATA", "PUBLICATIO": "THE NATURE CONSERVANCY, CHARLOTTESVILLE, VA (CONTACT: JOHN PORTER, BARRY TRUITT)", "SCALE": "N\/A", "TIME_PERIO": "1998" }, "geometry": null }
,
{ "type": "Feature", "properties": { "SOURCE_ID": 49, "ORIGINATOR": "BRINDZA, L.J.", "DATE_PUB": 2002, "TITLE": "MONARCH BUTTERFLY MIGRATION PROJECT: A SUMMARY FROM 1998-2001", "DATA_FORMA": "HARDCOPY TEXT", "PUBLICATIO": "IN FIELD RESEARCH REPORT 1995-2002: COASTAL VIRGINIA WILDLIFE OBSERVATORY, EASTVILLE VA, PP. 92-96.", "SCALE": "N\/A", "TIME_PERIO": "1998 - 2001" }, "geometry": null }
,
{ "type": "Feature", "properties": { "SOURCE_ID": 50, "ORIGINATOR": "TNC, COLLEGE OF W&M CCB, VDGIF", "DATE_PUB": 2003, "TITLE": "AMERICAN OYSTERCATCHER WINTER ROOST SURVEYS", "DATA_FORMA": "DIGITAL TABLE", "PUBLICATIO": "UNPUBLISHED", "SCALE": "N\/A", "TIME_PERIO": "2003" }, "geometry": null }
,
{ "type": "Feature", "properties": { "SOURCE_ID": 51, "ORIGINATOR": "WILKE, A. (COLLEGE OF W&M CCB)", "DATE_PUB": 2003, "TITLE": "'BREEDING SURVEYS, BANDING, & PRODUCTIVITY OF AMOY''S ON THE BARRIER ISLANDS OF", "DATA_FORMA": "DIGITAL MAP", "PUBLICATIO": "UNPUBLISHED", "SCALE": "N\/A", "TIME_PERIO": "2003" }, "geometry": null }
,
{ "type": "Feature", "properties": { "SOURCE_ID": 52, "ORIGINATOR": "VA INST. OF MARINE SCI. (VIMS)", "DATE_PUB": 2003, "TITLE": "CHESAPEAKE BAY SUBMERGED AQUATIC VEGETATION (SAV) COVERAGE", "DATA_FORMA": "DIGITAL VECTOR DATA", "PUBLICATIO": "VIMS, GLOUCESTER POINT, VA", "SCALE": "1:24,000", "TIME_PERIO": "2002 - 2003" }, "geometry": null }
,
{ "type": "Feature", "properties": { "SOURCE_ID": 54, "ORIGINATOR": "WATTS, B.D. & B.J. PAXTON", "DATE_PUB": 2004, "TITLE": "DIGITAL ATLAS OF COLONIAL WATERBIRDS IN COASTAL VIRGINIA: 2003 BREEDING SEASON", "DATA_FORMA": "DIGITAL VECTOR DATA", "PUBLICATIO": "CCBTR-04-05. CENTER FOR CONSERVATION BIOLOGY, COLLEGE OF WILLIAM AND MARY, WILLIAMSBURG, VA.", "SCALE": "N\/A", "TIME_PERIO": "2003" }, "geometry": null }
,
{ "type": "Feature", "properties": { "SOURCE_ID": 71, "ORIGINATOR": "VIMS, DEPT OF FISHERIES SCIENCE", "DATE_PUB": 2003, "TITLE": "ESTIMATION OF RELATIVE ABUNDANCE OF RECREATIONALLY IMPORTANT JUVENILE FINFISH..", "DATA_FORMA": "HARDCOPY TEXT", "PUBLICATIO": "VA MARINE RESOURCES COMMISSION, GLOUCESTER POINT, VA", "SCALE": "N\/A", "TIME_PERIO": "2002 - 2003" }, "geometry": null }
,
{ "type": "Feature", "properties": { "SOURCE_ID": 72, "ORIGINATOR": "HEWITT, M., (VIMS)", "DATE_PUB": 2004, "TITLE": "DISTRIBUTION AND ABUNDANCE FOR JUVENILE FINFISH", "DATA_FORMA": "HARDCOPY TEXT", "PUBLICATIO": "N\/A", "SCALE": "N\/A", "TIME_PERIO": "2004" }, "geometry": null }
,
{ "type": "Feature", "properties": { "SOURCE_ID": 73, "ORIGINATOR": "OLNEY, J., VA INST. MAR. SCI.(VIMS)", "DATE_PUB": 2004, "TITLE": "DISTRIBUTION AND ABUNDANCE DATA FOR ANADROMOUS SPECIES", "DATA_FORMA": "EXPERT KNOWLEDGE", "PUBLICATIO": "N\/A", "SCALE": "N\/A", "TIME_PERIO": "2004" }, "geometry": null }
,
{ "type": "Feature", "properties": { "SOURCE_ID": 74, "ORIGINATOR": "BOETTCHER, R., DGIF", "DATE_PUB": 2004, "TITLE": "VIRGINIA SEA TURTLE NESTING SITES", "DATA_FORMA": "DIGITAL VECTOR DATA", "PUBLICATIO": "N\/A", "SCALE": "N\/A", "TIME_PERIO": "2002 - 2003" }, "geometry": null }
,
{ "type": "Feature", "properties": { "SOURCE_ID": 75, "ORIGINATOR": "MURDY,E.O.,R.S.BIRDSONG, J.A.MUSICK", "DATE_PUB": 1997, "TITLE": "FISHES OF CHESAPEAKE BAY", "DATA_FORMA": "HARDCOPY TEXT", "PUBLICATIO": "SMITHSONIAN INSTITUTION PRESS, WASHINGTON, DC", "SCALE": "N\/A", "TIME_PERIO": "1997" }, "geometry": null }
,
{ "type": "Feature", "properties": { "SOURCE_ID": 76, "ORIGINATOR": "MUSICK, J., VIMS", "DATE_PUB": 2004, "TITLE": "DISTRIBUTION OF FISH AND MARINE MAMMALS OF VIRGINIA", "DATA_FORMA": "EXPERT KNOWLEDGE", "PUBLICATIO": "N\/A", "SCALE": "N\/A", "TIME_PERIO": "2004" }, "geometry": null }
,
{ "type": "Feature", "properties": { "SOURCE_ID": 77, "ORIGINATOR": "GRUBBS, D.", "DATE_PUB": 2001, "TITLE": "NURSERY DELINEAT, HABITAT UTILIZ, MVMTS, AND MIGRAT OF JUV CARCHARHINUS PLUMBEUS", "DATA_FORMA": "HARDCOPY TEXT", "PUBLICATIO": "COLLEGE OF WILLIAM AND MARY, GLOUCESTER POINT, VA.", "SCALE": "N\/A", "TIME_PERIO": "1995 - 2000" }, "geometry": null }
,
{ "type": "Feature", "properties": { "SOURCE_ID": 78, "ORIGINATOR": "VA INST. OF MARINE SCIENCE (VIMS)", "DATE_PUB": 2002, "TITLE": "AQUASITES032802", "DATA_FORMA": "DIGITAL VECTOR DATA", "PUBLICATIO": "VIMS, GLOUCESTER POINT, VA", "SCALE": "", "TIME_PERIO": "2002" }, "geometry": null }
,
{ "type": "Feature", "properties": { "SOURCE_ID": 79, "ORIGINATOR": "SWINGLE, W.M. AND S. BARCO", "DATE_PUB": 2004, "TITLE": "VMSM STRANDING PROGRAM 2003 GRANT REPORT", "DATA_FORMA": "HARDCOPY TEXT", "PUBLICATIO": "VA MARINE SCIENCE MUSEUM, VIRGINIA BEACH, VA", "SCALE": "N\/A", "TIME_PERIO": "2003" }, "geometry": null }
,
{ "type": "Feature", "properties": { "SOURCE_ID": 80, "ORIGINATOR": "GEER, P.", "DATE_PUB": 1999, "TITLE": "JUVENILE FISH AND BLUE CRAB STOCK ASSESSMENT PROGRAM", "DATA_FORMA": "HARDCOPY TEXT", "PUBLICATIO": "COLLEGE OF WILLIAM AND MARY, GLOUCESTER POINT, VA", "SCALE": "N\/A", "TIME_PERIO": "1998" }, "geometry": null }
,
{ "type": "Feature", "properties": { "SOURCE_ID": 81, "ORIGINATOR": "STONE, S.L. ET AL.", "DATE_PUB": 1994, "TITLE": "DISTRIBUTION AND ABUNDANCE OF FISHES AND INVERTEBRATES IN MID-ATLANTIC ESTUARIES", "DATA_FORMA": "HARDCOPY TEXT", "PUBLICATIO": "NOAA\/NOS STRATEGIC ENVIRONMENTAL ASSESSMENTS DIVISION, SILVER SPRING, MD", "SCALE": "N\/A", "TIME_PERIO": "1985 - 1994" }, "geometry": null }
,
{ "type": "Feature", "properties": { "SOURCE_ID": 82, "ORIGINATOR": "BONZEK, C., VIMS", "DATE_PUB": 2004, "TITLE": "FISH DISTRIBUTIONS FOR CHESAPEAKE BAY", "DATA_FORMA": "EXPERT KNOWLEDGE", "PUBLICATIO": "N\/A", "SCALE": "N\/A", "TIME_PERIO": "2004" }, "geometry": null }
,
{ "type": "Feature", "properties": { "SOURCE_ID": 83, "ORIGINATOR": "MANSFIELD, K., VIMS", "DATE_PUB": 2004, "TITLE": "EXPERT KNOWLEDGE OF SEA TURTLES", "DATA_FORMA": "EXPERT KNOWLEDGE", "PUBLICATIO": "N\/A", "SCALE": "N\/A", "TIME_PERIO": "2004" }, "geometry": null }
,
{ "type": "Feature", "properties": { "SOURCE_ID": 84, "ORIGINATOR": "OESTERLING, M., VIMS", "DATE_PUB": 2004, "TITLE": "DISTRIBUTION AND ABUNDANCE OF SHELLFISH IN VIRGINIA", "DATA_FORMA": "EXPERT KNOWLEDGE", "PUBLICATIO": "N\/A", "SCALE": "N\/A", "TIME_PERIO": "2004" }, "geometry": null }
,
{ "type": "Feature", "properties": { "SOURCE_ID": 85, "ORIGINATOR": "CHESMMAAP TRAWL PROGRAM GROUP", "DATE_PUB": 2004, "TITLE": "CHESAPEAKE BAY MULTISPECIES MODELLING AND ASSESSMENT PROGRAM, 2002 AND 2003", "DATA_FORMA": "HARDCOPY TEXT", "PUBLICATIO": "N\/A", "SCALE": "N\/A", "TIME_PERIO": "2002 - 2003" }, "geometry": null }
,
{ "type": "Feature", "properties": { "SOURCE_ID": 86, "ORIGINATOR": "HARAMIS, M., USGS", "DATE_PUB": 2004, "TITLE": "DISTRIBUTION OF HORSESHOE CRAB IN CHESAPEAKE BAY", "DATA_FORMA": "EXPERT KNOWLEDGE", "PUBLICATIO": "N\/A", "SCALE": "N\/A", "TIME_PERIO": "2004" }, "geometry": null }
,
{ "type": "Feature", "properties": { "SOURCE_ID": 87, "ORIGINATOR": "AUSTIN, H., VIMS", "DATE_PUB": 2004, "TITLE": "FISH AND HORSESHOE CRAB DATA", "DATA_FORMA": "EXPERT KNOWLEDGE", "PUBLICATIO": "N\/A", "SCALE": "N\/A", "TIME_PERIO": "2004" }, "geometry": null }
,
{ "type": "Feature", "properties": { "SOURCE_ID": 89, "ORIGINATOR": "HATA D., VA TECH", "DATE_PUB": 2004, "TITLE": "DISTRIBUTION AND ABUNDANCE OF HORSESHOE CRABS", "DATA_FORMA": "EXPERT KNOWLEDGE", "PUBLICATIO": "N\/A", "SCALE": "N\/A", "TIME_PERIO": "2004" }, "geometry": null }
,
{ "type": "Feature", "properties": { "SOURCE_ID": 90, "ORIGINATOR": "HOUDE, E. UNIVERSITY OF MD", "DATE_PUB": 2004, "TITLE": "DISTRIBUTION OF ANADROMOUS FISHES IN THE POTOMAC RIVER", "DATA_FORMA": "EXPERT KNOWLEDGE", "PUBLICATIO": "N\/A", "SCALE": "N\/A", "TIME_PERIO": "2004" }, "geometry": null }
,
{ "type": "Feature", "properties": { "SOURCE_ID": 91, "ORIGINATOR": "VA DEPT GAME AND INLAND FISHERIES", "DATE_PUB": 2003, "TITLE": "WILDLIFE MANAGEMENT AREA BOUNDARIES", "DATA_FORMA": "DIGITAL VECTOR DATA", "PUBLICATIO": "UNPUBLISHED", "SCALE": "24,000", "TIME_PERIO": "2003" }, "geometry": null }
,
{ "type": "Feature", "properties": { "SOURCE_ID": 92, "ORIGINATOR": "LENEE HARNER, VADGIF", "DATE_PUB": 2003, "TITLE": "DGIF_BOAT_RAMP03_1783", "DATA_FORMA": "DIGITAL VECTOR DATA", "PUBLICATIO": "UNPUBLISHED", "SCALE": "N\/A", "TIME_PERIO": "2002" }, "geometry": null }
,
{ "type": "Feature", "properties": { "SOURCE_ID": 94, "ORIGINATOR": "VA DEPT CONSERVATION AND RECREATION", "DATE_PUB": 2001, "TITLE": "NATIONAL WILDLIFE REFUGES", "DATA_FORMA": "DIGITAL VECTOR DATA", "PUBLICATIO": "VA DEPT OF CONSERVATION AND RECREATION, RICHMOND, VA", "SCALE": "N\/A", "TIME_PERIO": "2001" }, "geometry": null }
,
{ "type": "Feature", "properties": { "SOURCE_ID": 96, "ORIGINATOR": "VA DEPT CONSERVATION AND RECREATION", "DATE_PUB": 2001, "TITLE": "STATE FORESTS", "DATA_FORMA": "DIGITAL VECTOR DATA", "PUBLICATIO": "VA DEPT OF CONSERVATION AND RECREATION, RICHMOND, VA", "SCALE": "N\/A", "TIME_PERIO": "2001" }, "geometry": null }
,
{ "type": "Feature", "properties": { "SOURCE_ID": 97, "ORIGINATOR": "VA DEPT CONSERVATION AND RECREATION", "DATE_PUB": 2001, "TITLE": "STATE PARKS AND STATE DEDICATED NATURAL AREA PRESERVES", "DATA_FORMA": "DIGITAL VECTOR DATA", "PUBLICATIO": "VA DEPT OF CONSERVATION AND RECREATION, RICHMOND, VA", "SCALE": "N\/A", "TIME_PERIO": "2001" }, "geometry": null }
,
{ "type": "Feature", "properties": { "SOURCE_ID": 98, "ORIGINATOR": "VA DEPT CONSERVATION AND RECREATION", "DATE_PUB": 2001, "TITLE": "NATIONAL PARK BOUNDARIES", "DATA_FORMA": "DIGITAL VECTOR DATA", "PUBLICATIO": "VA DEPT OF CONSERVATION AND RECREATION", "SCALE": "N\/A", "TIME_PERIO": "2001" }, "geometry": null }
,
{ "type": "Feature", "properties": { "SOURCE_ID": 99, "ORIGINATOR": "UNIVERSITY OF VIRGINIA LIBRARY", "DATE_PUB": 2004, "TITLE": "THE VIRGINIA GAZETTEER", "DATA_FORMA": "DIGITAL TABLE", "PUBLICATIO": "GEOSPATIAL AND STATISTICAL DATA CENTER", "SCALE": "N\/A", "TIME_PERIO": "UNKNOWN" }, "geometry": null }
,
{ "type": "Feature", "properties": { "SOURCE_ID": 100, "ORIGINATOR": "UNIVERSITY OF VIRGINIA LIBRARY", "DATE_PUB": 2004, "TITLE": "THE VIRGINIA GAZETTEER", "DATA_FORMA": "DIGITAL TABLE", "PUBLICATIO": "GEOSPATIAL AND STATISTICAL DATA CENTER", "SCALE": "N\/A", "TIME_PERIO": "UNKNOWN" }, "geometry": null }
,
{ "type": "Feature", "properties": { "SOURCE_ID": 101, "ORIGINATOR": "MONTANE, M., VIMS", "DATE_PUB": 2004, "TITLE": "ABUNDANCE AND DISTRIBUTION OF FINFISH AND BLUE CRAB OF VIRGINIA", "DATA_FORMA": "EXPERT KNOWLEDGE", "PUBLICATIO": "UNPUBLISHED", "SCALE": "N\/A", "TIME_PERIO": "2004" }, "geometry": null }
,
{ "type": "Feature", "properties": { "SOURCE_ID": 102, "ORIGINATOR": "HOFFMAN, J., VIMS", "DATE_PUB": 2004, "TITLE": "DISTRIBUTION OF ANADROMOUS FISH IN VIRGINIA", "DATA_FORMA": "EXPERT KNOWLEDGE", "PUBLICATIO": "UNPUBLISHED", "SCALE": "N\/A", "TIME_PERIO": "2004" }, "geometry": null }
,
{ "type": "Feature", "properties": { "SOURCE_ID": 103, "ORIGINATOR": "MORGAN,L.W.,J.A.MUSICK, C.W.POTTER", "DATE_PUB": 2002, "TITLE": "TEMPORAL AND GEOG. OCCUR. OF CETACEAN STRANDINGS AND MANATEE SIGHTINGS IN VA,", "DATA_FORMA": "HARDCOPY TEXT", "PUBLICATIO": "JOURNAL OF NORTH CAROLINA ACADEMY OF SCIENCE, VOL 118 (1)", "SCALE": "N\/A", "TIME_PERIO": "1983 - 1989" }, "geometry": null }
,
{ "type": "Feature", "properties": { "SOURCE_ID": 104, "ORIGINATOR": "MUSICK,J., B.NORCROSS, AND D. HATA", "DATE_PUB": 1999, "TITLE": "FISH AND FISHERIES OF THE SEASIDE OF THE EASTERN SHORE OF VIRGINIA", "DATA_FORMA": "HARDCOPY TEXT", "PUBLICATIO": "VIRGINIA INSTITUTE OF MARINE SCIENCE, COLLEGE OF WILLIAM AND MARY, VA MARINE RESOURCE REPORT #99-5", "SCALE": "N\/A", "TIME_PERIO": "1999" }, "geometry": null }
,
{ "type": "Feature", "properties": { "SOURCE_ID": 105, "ORIGINATOR": "LIPPSON, A.J., ET AL.", "DATE_PUB": 1979, "TITLE": "ENVIRONMENTAL ATLAS OF THE POTOMAC ESTUARY", "DATA_FORMA": "HARDCOPY TEXT", "PUBLICATIO": "ENVIRONMENTAL CENTER, MARTIN MARIETTA CORPORATION, POWER PLANT SITING PROGRAM, MD DEPT OF NATURAL RESOURCES", "SCALE": "N\/A", "TIME_PERIO": "1979" }, "geometry": null }
,
{ "type": "Feature", "properties": { "SOURCE_ID": 106, "ORIGINATOR": "DELORME", "DATE_PUB": 2000, "TITLE": "VIRGINIA ATLAS AND GAZETTEER", "DATA_FORMA": "HARDCOPY MAP", "PUBLICATIO": "DELORME, P.O. BOX 298, YARMOUTH, MAINE, 80 PP.", "SCALE": "1:150,000", "TIME_PERIO": "2000" }, "geometry": null }

]
}
